意見ID,受付日,データの種類,区,分野,テーマ,意見
S00001,2026-04-01,広聴データベース,F区,暮らし・安全,防災・防犯,夜道が暗く、街灯を増やしてほしい。改善をお願いします。
S00002,2026-04-01,広聴データベース,C区,まちづくり・環境,公園・緑,子育て世帯が多いのに、近くに公園が少ない。何とかならないでしょうか。
S00003,2026-04-01,広聴データベース,M区,まちづくり・環境,道路・交通,バスの本数が減り、駅まで出るのが大変になった。
S00004,2026-04-01,広聴データベース,P区,子育て・教育,保育・幼稚園,保育料が高いので、二人目を考えると負担が大きい
S00005,2026-04-01,広聴データベース,P区,まちづくり・環境,公園・緑,公園がきれいになったのは良いが、トイレが古いままで残念。
S00006,2026-04-01,広聴データベース,F区,子育て・教育,保育・幼稚園,保育園の空きがなく、育休明けの復職に間に合わない
S00007,2026-04-01,広聴データベース,K区,まちづくり・環境,道路・交通,バスの本数が減り、駅まで出るのが大変になった。
S00008,2026-04-01,広聴データベース,Q区,まちづくり・環境,公園・緑,子育て世帯が多いのに、近くに公園が少ない。
S00009,2026-04-02,広聴データベース,N区,子育て・教育,子育て支援,子育て中で、雨の日でも子どもを遊ばせられる場所がほしい
S00010,2026-04-02,広聴データベース,N区,まちづくり・環境,公園・緑,公園の遊具が古く、子どもを遊ばせるのが不安。改善をお願いします。
S00011,2026-04-02,広聴データベース,D区,まちづくり・環境,公園・緑,子育て世帯が多いのに、近くに公園が少ない。
S00012,2026-04-02,広聴データベース,L区,子育て・教育,保育・幼稚園,保育料が高いので、二人目を考えると負担が大きい。改善をお願いします。
S00013,2026-04-02,広聴データベース,O区,子育て・教育,保育・幼稚園,保育料が高いので、二人目を考えると負担が大きい。何とかならないでしょうか。
S00014,2026-04-02,広聴データベース,L区,子育て・教育,保育・幼稚園,保育園の空きがなく、育休明けの復職に間に合わない。改善をお願いします。
S00015,2026-04-02,広聴データベース,G区,暮らし・安全,福祉・高齢者,地域包括支援センターの職員の対応が良い
S00016,2026-04-03,広聴データベース,E区,暮らし・安全,防災・防犯,夜道が暗く、街灯を増やしてほしい。何とかならないでしょうか。
S00017,2026-04-03,広聴データベース,A区,まちづくり・環境,ごみ・環境,集積場所がカラスに荒らされる
S00018,2026-04-03,広聴データベース,R区,まちづくり・環境,公園・緑,子育て世帯が多いのに、近くに公園が少ない。
S00019,2026-04-03,広聴データベース,L区,子育て・教育,子育て支援,子育て中で、雨の日でも子どもを遊ばせられる場所がほしい。検討をお願いします。
S00020,2026-04-03,広聴データベース,F区,暮らし・安全,防災・防犯,防災マップが分かりやすく、避難場所を家族で確認できた。
S00021,2026-04-03,広聴データベース,F区,暮らし・安全,防災・防犯,夜道が暗く、街灯を増やしてほしい
S00022,2026-04-03,広聴データベース,B区,まちづくり・環境,公園・緑,公園の遊具は安全性が高いと感じる。
S00023,2026-04-03,広聴データベース,D区,子育て・教育,保育・幼稚園,保育園の空きがなく、育休明けの復職に間に合わない。何とかならないでしょうか。
S00024,2026-04-03,広聴データベース,L区,子育て・教育,保育・幼稚園,保育園の空きがなく、育休明けの復職に間に合わない。改善をお願いします。
S00025,2026-04-03,広聴データベース,C区,暮らし・安全,防災・防犯,夜道が暗く、街灯を増やしてほしい
S00026,2026-04-03,広聴データベース,L区,暮らし・安全,区役所の窓口,区役所の窓口の待ち時間が長い。
S00027,2026-04-04,広聴データベース,I区,子育て・教育,保育・幼稚園,保育園の空きがなく、育休明けの復職に間に合わない
S00028,2026-04-04,広聴データベース,M区,子育て・教育,子育て支援,子育ての相談窓口がどこか分かりにくい。改善をお願いします。
S00029,2026-04-05,広聴データベース,F区,子育て・教育,保育・幼稚園,保育園の空きがなく、育休明けの復職に間に合わない
S00030,2026-04-05,広聴データベース,A区,子育て・教育,学校・教育,通学路の見守りが少なく、子どもの登下校が心配
S00031,2026-04-05,広聴データベース,R区,子育て・教育,保育・幼稚園,保育料が高いので、二人目を考えると負担が大きい。改善をお願いします。
S00032,2026-04-05,広聴データベース,L区,まちづくり・環境,公園・緑,公園の遊具が古く、子どもを遊ばせるのが不安。
S00033,2026-04-05,広聴データベース,O区,暮らし・安全,防災・防犯,夜道が暗く、街灯を増やしてほしい。
S00034,2026-04-05,広聴データベース,R区,まちづくり・環境,公園・緑,公園の遊具が古く、子どもを遊ばせるのが不安。改善をお願いします。
S00035,2026-04-05,広聴データベース,J区,子育て・教育,子育て支援,子育て中で、雨の日でも子どもを遊ばせられる場所がほしい
S00036,2026-04-06,広聴データベース,M区,子育て・教育,子育て支援,子育ての相談窓口がどこか分かりにくい。
S00037,2026-04-06,広聴データベース,J区,まちづくり・環境,ごみ・環境,地域の清掃活動で街がきれいになり、住みやすい。ありがとうございます。
S00038,2026-04-06,広聴データベース,F区,まちづくり・環境,公園・緑,公園の遊具が古く、子どもを遊ばせるのが不安。
S00039,2026-04-06,広聴データベース,M区,まちづくり・環境,道路・交通,バスの本数が減り、駅まで出るのが大変になった。何とかならないでしょうか。
S00040,2026-04-06,広聴データベース,P区,まちづくり・環境,道路・交通,歩道が狭く、ベビーカーで通るのが怖い。何とかならないでしょうか。
S00041,2026-04-06,広聴データベース,F区,子育て・教育,保育・幼稚園,保育園の空きがなく、育休明けの復職に間に合わない。
S00042,2026-04-07,広聴データベース,P区,暮らし・安全,福祉・高齢者,地域包括支援センターの職員の対応が良い。
S00043,2026-04-07,広聴データベース,K区,子育て・教育,学校・教育,学校の情報発信が分かりやすくなって良い。
S00044,2026-04-07,広聴データベース,E区,子育て・教育,保育・幼稚園,保育園の先生方の対応が丁寧で安心して預けられる。ありがとうございます。
S00045,2026-04-07,広聴データベース,A区,子育て・教育,子育て支援,子育て支援拠点のイベントが充実していて満足度が高い。
S00046,2026-04-07,広聴データベース,K区,まちづくり・環境,公園・緑,子育て世帯が多いのに、近くに公園が少ない
S00047,2026-04-07,広聴データベース,Q区,まちづくり・環境,公園・緑,子育て世帯が多いのに、近くに公園が少ない。何とかならないでしょうか。
S00048,2026-04-07,広聴データベース,F区,暮らし・安全,防災・防犯,防災訓練に参加して、地域のつながりができて安心
S00049,2026-04-07,広聴データベース,H区,子育て・教育,保育・幼稚園,一時保育の予約が取りにくい。改善をお願いします。
S00050,2026-04-07,広聴データベース,H区,まちづくり・環境,公園・緑,子育てしやすいよう、公園に日陰とベンチを増やしてほしい。
S00051,2026-04-08,広聴データベース,I区,子育て・教育,保育・幼稚園,一時保育の予約が取りにくい。改善をお願いします。
S00052,2026-04-08,広聴データベース,K区,まちづくり・環境,道路・交通,バスの本数が減り、駅まで出るのが大変になった
S00053,2026-04-08,広聴データベース,M区,暮らし・安全,防災・防犯,避難場所がどこか分からず、子どもと逃げられるか心配。何とかならないでしょうか。
S00054,2026-04-08,広聴データベース,H区,暮らし・安全,福祉・高齢者,高齢者の介護の相談先が分からず困っている。
S00055,2026-04-08,広聴データベース,P区,暮らし・安全,防災・防犯,防災訓練に参加して、地域のつながりができて安心。ありがとうございます。
S00056,2026-04-08,広聴データベース,N区,まちづくり・環境,ごみ・環境,集積場所がカラスに荒らされる。何とかならないでしょうか。
S00057,2026-04-08,広聴データベース,G区,子育て・教育,保育・幼稚園,保育料が高いので、二人目を考えると負担が大きい。改善をお願いします。
S00058,2026-04-08,広聴データベース,O区,まちづくり・環境,公園・緑,子育て世帯が多いのに、近くに公園が少ない。
S00059,2026-04-08,広聴データベース,R区,まちづくり・環境,道路・交通,バスの本数が減り、駅まで出るのが大変になった。何とかならないでしょうか。
S00060,2026-04-08,広聴データベース,H区,子育て・教育,子育て支援,子育ての相談窓口がどこか分かりにくい。
S00061,2026-04-09,広聴データベース,C区,まちづくり・環境,公園・緑,公園の遊具が古く、子どもを遊ばせるのが不安。何とかならないでしょうか。
S00062,2026-04-09,広聴データベース,L区,まちづくり・環境,公園・緑,子育てしやすいよう、公園に日陰とベンチを増やしてほしい。検討をお願いします。
S00063,2026-04-09,広聴データベース,B区,子育て・教育,学校・教育,学校の情報発信が分かりやすくなって良い
S00064,2026-04-09,広聴データベース,Q区,まちづくり・環境,道路・交通,歩道が狭く、ベビーカーで通るのが怖い。
S00065,2026-04-09,広聴データベース,M区,まちづくり・環境,道路・交通,地域の循環バスが便利で、買い物に助かっている。ありがとうございます。
S00066,2026-04-09,広聴データベース,I区,暮らし・安全,防災・防犯,夜道が暗く、街灯を増やしてほしい。
S00067,2026-04-09,広聴データベース,N区,まちづくり・環境,ごみ・環境,地域の清掃活動で街がきれいになり、住みやすい。ありがとうございます。
S00068,2026-04-09,広聴データベース,J区,子育て・教育,保育・幼稚園,保育園の空きがなく、育休明けの復職に間に合わない。改善をお願いします。
S00069,2026-04-09,広聴データベース,Q区,子育て・教育,保育・幼稚園,保育園の空きがなく、育休明けの復職に間に合わない。改善をお願いします。
S00070,2026-04-09,広聴データベース,N区,暮らし・安全,福祉・高齢者,地域包括支援センターの職員の対応が良い。
S00071,2026-04-09,広聴データベース,K区,子育て・教育,子育て支援,子育て中で、雨の日でも子どもを遊ばせられる場所がほしい
S00072,2026-04-09,広聴データベース,C区,まちづくり・環境,道路・交通,駅前の再整備で歩道が広くなり、歩きやすくなった。ありがとうございます。
S00073,2026-04-10,広聴データベース,D区,子育て・教育,学校・教育,放課後の居場所が足りない。
S00074,2026-04-10,広聴データベース,G区,まちづくり・環境,公園・緑,子育て世帯が多いのに、近くに公園が少ない。改善をお願いします。
S00075,2026-04-10,広聴データベース,A区,まちづくり・環境,公園・緑,子育て世帯が多いのに、近くに公園が少ない。
S00076,2026-04-10,広聴データベース,O区,まちづくり・環境,道路・交通,駅前の放置自転車が多い
S00077,2026-04-10,広聴データベース,E区,暮らし・安全,防災・防犯,防災訓練に参加して、地域のつながりができて安心。
S00078,2026-04-10,広聴データベース,D区,子育て・教育,学校・教育,放課後の居場所が足りない。
S00079,2026-04-10,広聴データベース,R区,暮らし・安全,区役所の窓口,区役所の窓口の待ち時間が長い。
S00080,2026-04-10,広聴データベース,B区,まちづくり・環境,道路・交通,バスの本数が減り、駅まで出るのが大変になった。
S00081,2026-04-10,広聴データベース,E区,まちづくり・環境,道路・交通,歩道が狭く、ベビーカーで通るのが怖い。
S00082,2026-04-10,広聴データベース,N区,子育て・教育,子育て支援,子育て中で、雨の日でも子どもを遊ばせられる場所がほしい
S00083,2026-04-10,広聴データベース,B区,暮らし・安全,防災・防犯,防災マップが分かりやすく、避難場所を家族で確認できた
S00084,2026-04-11,広聴データベース,K区,まちづくり・環境,ごみ・環境,集積場所がカラスに荒らされる
S00085,2026-04-11,広聴データベース,K区,暮らし・安全,福祉・高齢者,高齢者の介護の相談先が分からず困っている。何とかならないでしょうか。
S00086,2026-04-11,広聴データベース,I区,暮らし・安全,福祉・高齢者,高齢者の介護の相談先が分からず困っている。何とかならないでしょうか。
S00087,2026-04-11,広聴データベース,C区,暮らし・安全,区役所の窓口,区役所の手続きがオンラインでできて便利になった。
S00088,2026-04-11,広聴データベース,P区,子育て・教育,保育・幼稚園,保育料が高いので、二人目を考えると負担が大きい
S00089,2026-04-12,広聴データベース,A区,子育て・教育,保育・幼稚園,一時保育の予約が取りにくい。何とかならないでしょうか。
S00090,2026-04-12,広聴データベース,G区,暮らし・安全,区役所の窓口,区役所の窓口の待ち時間が長い
S00091,2026-04-12,広聴データベース,K区,まちづくり・環境,公園・緑,子育て世帯が多いのに、近くに公園が少ない。何とかならないでしょうか。
S00092,2026-04-12,広聴データベース,L区,子育て・教育,子育て支援,子育て中で、雨の日でも子どもを遊ばせられる場所がほしい。検討をお願いします。
S00093,2026-04-12,広聴データベース,L区,子育て・教育,学校・教育,通学路の見守りが少なく、子どもの登下校が心配。何とかならないでしょうか。
S00094,2026-04-12,広聴データベース,A区,暮らし・安全,福祉・高齢者,高齢者の介護の相談先が分からず困っている。改善をお願いします。
S00095,2026-04-12,広聴データベース,G区,まちづくり・環境,道路・交通,バスの本数が減り、駅まで出るのが大変になった。
S00096,2026-04-12,広聴データベース,I区,子育て・教育,子育て支援,子育ての相談窓口がどこか分かりにくい。改善をお願いします。
S00097,2026-04-12,広聴データベース,N区,子育て・教育,子育て支援,子育て中で、雨の日でも子どもを遊ばせられる場所がほしい
S00098,2026-04-12,広聴データベース,G区,子育て・教育,学校・教育,放課後の居場所が足りない。何とかならないでしょうか。
S00099,2026-04-12,広聴データベース,M区,まちづくり・環境,公園・緑,子育て世帯が多いのに、近くに公園が少ない。改善をお願いします。
S00100,2026-04-12,広聴データベース,J区,子育て・教育,保育・幼稚園,保育園の先生方の対応が丁寧で安心して預けられる。ありがとうございます。
S00101,2026-04-13,広聴データベース,F区,まちづくり・環境,道路・交通,バスの本数が減り、駅まで出るのが大変になった。何とかならないでしょうか。
S00102,2026-04-13,広聴データベース,C区,子育て・教育,保育・幼稚園,保育料が高いので、二人目を考えると負担が大きい。改善をお願いします。
S00103,2026-04-13,広聴データベース,O区,子育て・教育,保育・幼稚園,保育料が高いので、二人目を考えると負担が大きい。何とかならないでしょうか。
S00104,2026-04-13,広聴データベース,D区,子育て・教育,保育・幼稚園,一時保育の予約が取りにくい
S00105,2026-04-13,広聴データベース,H区,まちづくり・環境,ごみ・環境,ごみの分別が分かりにくく、収集日も覚えられない。改善をお願いします。
S00106,2026-04-14,広聴データベース,J区,暮らし・安全,区役所の窓口,区役所の手続きがオンラインでできて便利になった。
S00107,2026-04-14,広聴データベース,O区,暮らし・安全,区役所の窓口,区役所の窓口の待ち時間が長い。改善をお願いします。
S00108,2026-04-14,広聴データベース,D区,まちづくり・環境,ごみ・環境,集積場所がカラスに荒らされる。改善をお願いします。
S00109,2026-04-14,広聴データベース,M区,暮らし・安全,防災・防犯,夜道が暗く、街灯を増やしてほしい
S00110,2026-04-14,広聴データベース,K区,まちづくり・環境,公園・緑,公園の遊具は安全性が高いと感じる。
S00111,2026-04-14,広聴データベース,P区,子育て・教育,保育・幼稚園,保育料が高いので、二人目を考えると負担が大きい。何とかならないでしょうか。
S00112,2026-04-14,広聴データベース,O区,まちづくり・環境,道路・交通,歩道が狭く、ベビーカーで通るのが怖い。何とかならないでしょうか。
S00113,2026-04-14,広聴データベース,C区,まちづくり・環境,公園・緑,子育て世帯が多いのに、近くに公園が少ない。何とかならないでしょうか。
S00114,2026-04-14,広聴データベース,O区,子育て・教育,保育・幼稚園,保育園の空きがなく、育休明けの復職に間に合わない。改善をお願いします。
S00115,2026-04-15,広聴データベース,B区,暮らし・安全,福祉・高齢者,地域包括支援センターの職員の対応が良い。
S00116,2026-04-15,広聴データベース,I区,まちづくり・環境,道路・交通,バスの本数が減り、駅まで出るのが大変になった
S00117,2026-04-15,広聴データベース,O区,子育て・教育,子育て支援,子育ての相談窓口がどこか分かりにくい。何とかならないでしょうか。
S00118,2026-04-15,広聴データベース,K区,子育て・教育,子育て支援,子育ての相談窓口がどこか分かりにくい。
S00119,2026-04-15,広聴データベース,M区,子育て・教育,保育・幼稚園,保育園の空きがなく、育休明けの復職に間に合わない。
S00120,2026-04-15,広聴データベース,D区,まちづくり・環境,ごみ・環境,地域の清掃活動で街がきれいになり、住みやすい
S00121,2026-04-15,広聴データベース,O区,暮らし・安全,区役所の窓口,区役所の窓口の待ち時間が長い。何とかならないでしょうか。
S00122,2026-04-15,広聴データベース,A区,まちづくり・環境,ごみ・環境,ごみの収集が時間どおりで助かっている。ありがとうございます。
S00123,2026-04-16,広聴データベース,J区,まちづくり・環境,道路・交通,バスの本数が減り、駅まで出るのが大変になった。
S00124,2026-04-16,広聴データベース,J区,子育て・教育,子育て支援,子育て中で、雨の日でも子どもを遊ばせられる場所がほしい
S00125,2026-04-16,広聴データベース,L区,まちづくり・環境,公園・緑,子育て世帯が多いのに、近くに公園が少ない。
S00126,2026-04-16,広聴データベース,P区,暮らし・安全,福祉・高齢者,高齢者の介護の相談先が分からず困っている。改善をお願いします。
S00127,2026-04-16,広聴データベース,B区,まちづくり・環境,道路・交通,駅前の放置自転車が多い。改善をお願いします。
S00128,2026-04-16,広聴データベース,I区,まちづくり・環境,公園・緑,子育て世帯が多いのに、近くに公園が少ない。何とかならないでしょうか。
S00129,2026-04-16,広聴データベース,E区,まちづくり・環境,公園・緑,公園の遊具が古く、子どもを遊ばせるのが不安。
S00130,2026-04-16,広聴データベース,I区,子育て・教育,保育・幼稚園,保育料が高いので、二人目を考えると負担が大きい
S00131,2026-04-16,広聴データベース,F区,まちづくり・環境,道路・交通,バスの本数が減り、駅まで出るのが大変になった。何とかならないでしょうか。
S00132,2026-04-16,広聴データベース,P区,子育て・教育,保育・幼稚園,一時保育の予約が取りにくい
S00133,2026-04-17,広聴データベース,E区,暮らし・安全,福祉・高齢者,高齢者が公園で集まれる場所があると良い。
S00134,2026-04-17,広聴データベース,D区,子育て・教育,保育・幼稚園,保育園の空きがなく、育休明けの復職に間に合わない。
S00135,2026-04-17,広聴データベース,L区,まちづくり・環境,公園・緑,公園の遊具が古く、子どもを遊ばせるのが不安。
S00136,2026-04-17,広聴データベース,R区,子育て・教育,保育・幼稚園,保育園の空きがなく、育休明けの復職に間に合わない
S00137,2026-04-17,広聴データベース,G区,暮らし・安全,防災・防犯,防災マップが分かりやすく、避難場所を家族で確認できた
S00138,2026-04-17,広聴データベース,I区,暮らし・安全,区役所の窓口,区役所の窓口の待ち時間が長い。
S00139,2026-04-17,広聴データベース,L区,暮らし・安全,防災・防犯,夜道が暗く、街灯を増やしてほしい
S00140,2026-04-18,広聴データベース,G区,暮らし・安全,防災・防犯,夜道が暗く、街灯を増やしてほしい。何とかならないでしょうか。
S00141,2026-04-18,広聴データベース,H区,暮らし・安全,防災・防犯,防災マップが分かりやすく、避難場所を家族で確認できた。ありがとうございます。
S00142,2026-04-18,広聴データベース,E区,まちづくり・環境,公園・緑,子育て世帯が多いのに、近くに公園が少ない。改善をお願いします。
S00143,2026-04-18,広聴データベース,N区,子育て・教育,保育・幼稚園,保育料が高いので、二人目を考えると負担が大きい
S00144,2026-04-18,広聴データベース,G区,暮らし・安全,区役所の窓口,区役所の窓口の待ち時間が長い
S00145,2026-04-18,広聴データベース,D区,暮らし・安全,区役所の窓口,区役所の手続きがオンラインでできて便利になった。
S00146,2026-04-19,広聴データベース,N区,子育て・教育,保育・幼稚園,保育園の空きがなく、育休明けの復職に間に合わない。
S00147,2026-04-19,広聴データベース,O区,暮らし・安全,区役所の窓口,区役所の職員の対応が丁寧で、満足度は高い。
S00148,2026-04-19,広聴データベース,A区,暮らし・安全,防災・防犯,夜道が暗く、街灯を増やしてほしい。改善をお願いします。
S00149,2026-04-19,広聴データベース,F区,子育て・教育,保育・幼稚園,保育園の先生方の対応が丁寧で安心して預けられる。
S00150,2026-04-19,広聴データベース,M区,まちづくり・環境,道路・交通,バスの本数が減り、駅まで出るのが大変になった。改善をお願いします。
S00151,2026-04-19,広聴データベース,J区,子育て・教育,保育・幼稚園,保育料が高いので、二人目を考えると負担が大きい。
S00152,2026-04-19,広聴データベース,Q区,まちづくり・環境,ごみ・環境,ごみの分別が分かりにくく、収集日も覚えられない。改善をお願いします。
S00153,2026-04-19,広聴データベース,R区,暮らし・安全,福祉・高齢者,高齢者の介護の相談先が分からず困っている。改善をお願いします。
S00154,2026-04-19,広聴データベース,A区,子育て・教育,保育・幼稚園,保育園の先生方の対応が丁寧で安心して預けられる。
S00155,2026-04-19,広聴データベース,P区,子育て・教育,子育て支援,子育ての相談窓口がどこか分かりにくい
S00156,2026-04-19,広聴データベース,L区,暮らし・安全,防災・防犯,避難場所がどこか分からず、子どもと逃げられるか心配
S00157,2026-04-20,広聴データベース,L区,子育て・教育,学校・教育,放課後の居場所が足りない。
S00158,2026-04-20,広聴データベース,I区,子育て・教育,保育・幼稚園,保育園の先生方の対応が丁寧で安心して預けられる
S00159,2026-04-20,広聴データベース,Q区,暮らし・安全,区役所の窓口,区役所の窓口の待ち時間が長い。何とかならないでしょうか。
S00160,2026-04-20,広聴データベース,N区,子育て・教育,保育・幼稚園,保育園の先生方の対応が丁寧で安心して預けられる。
S00161,2026-04-21,広聴データベース,H区,まちづくり・環境,公園・緑,公園がきれいになったのは良いが、トイレが古いままで残念。
S00162,2026-04-21,広聴データベース,M区,子育て・教育,保育・幼稚園,保育園の先生方の対応が丁寧で安心して預けられる
S00163,2026-04-21,広聴データベース,M区,まちづくり・環境,道路・交通,バスの本数が減り、駅まで出るのが大変になった。
S00164,2026-04-21,広聴データベース,E区,子育て・教育,学校・教育,放課後の居場所が足りない。何とかならないでしょうか。
S00165,2026-04-21,広聴データベース,C区,まちづくり・環境,道路・交通,歩道が狭く、ベビーカーで通るのが怖い。
S00166,2026-04-21,広聴データベース,H区,暮らし・安全,区役所の窓口,区役所の窓口の待ち時間が長い
S00167,2026-04-21,広聴データベース,H区,暮らし・安全,区役所の窓口,区役所の窓口の待ち時間が長い。
S00168,2026-04-21,広聴データベース,B区,まちづくり・環境,道路・交通,歩道が狭く、ベビーカーで通るのが怖い。改善をお願いします。
S00169,2026-04-21,広聴データベース,H区,暮らし・安全,防災・防犯,防災訓練に参加して、地域のつながりができて安心
S00170,2026-04-21,広聴データベース,R区,子育て・教育,学校・教育,学校の先生が丁寧に相談に乗ってくれて安心できた。
S00171,2026-04-21,広聴データベース,I区,子育て・教育,保育・幼稚園,保育園の空きがなく、育休明けの復職に間に合わない。改善をお願いします。
S00172,2026-04-21,広聴データベース,G区,子育て・教育,保育・幼稚園,保育園の空きがなく、育休明けの復職に間に合わない。改善をお願いします。
S00173,2026-04-21,広聴データベース,K区,暮らし・安全,福祉・高齢者,高齢者の介護の相談先が分からず困っている。改善をお願いします。
S00174,2026-04-21,広聴データベース,R区,子育て・教育,保育・幼稚園,保育料が高いので、二人目を考えると負担が大きい。
S00175,2026-04-22,広聴データベース,C区,まちづくり・環境,ごみ・環境,集積場所がカラスに荒らされる
S00176,2026-04-22,広聴データベース,E区,子育て・教育,子育て支援,子育て中で、雨の日でも子どもを遊ばせられる場所がほしい
S00177,2026-04-22,広聴データベース,A区,まちづくり・環境,道路・交通,歩道が狭く、ベビーカーで通るのが怖い。
S00178,2026-04-22,広聴データベース,P区,暮らし・安全,防災・防犯,夜道が暗く、街灯を増やしてほしい。何とかならないでしょうか。
S00179,2026-04-22,広聴データベース,M区,まちづくり・環境,道路・交通,歩道が狭く、ベビーカーで通るのが怖い
S00180,2026-04-23,広聴データベース,K区,子育て・教育,保育・幼稚園,保育園の空きがなく、育休明けの復職に間に合わない。何とかならないでしょうか。
S00181,2026-04-23,広聴データベース,D区,子育て・教育,子育て支援,子育て中で、雨の日でも子どもを遊ばせられる場所がほしい。
S00182,2026-04-23,広聴データベース,L区,子育て・教育,子育て支援,子育て中で、雨の日でも子どもを遊ばせられる場所がほしい
S00183,2026-04-23,広聴データベース,N区,子育て・教育,保育・幼稚園,一時保育の予約が取りにくい。何とかならないでしょうか。
S00184,2026-04-24,広聴データベース,R区,暮らし・安全,防災・防犯,防災マップが分かりやすく、避難場所を家族で確認できた。
S00185,2026-04-24,広聴データベース,E区,子育て・教育,保育・幼稚園,保育料が高いので、二人目を考えると負担が大きい。何とかならないでしょうか。
S00186,2026-04-24,広聴データベース,L区,暮らし・安全,区役所の窓口,区役所の窓口の待ち時間が長い。何とかならないでしょうか。
S00187,2026-04-24,広聴データベース,N区,まちづくり・環境,道路・交通,歩道が狭く、ベビーカーで通るのが怖い。改善をお願いします。
S00188,2026-04-24,広聴データベース,G区,まちづくり・環境,ごみ・環境,ごみの収集が時間どおりで助かっている。ありがとうございます。
S00189,2026-04-24,広聴データベース,O区,子育て・教育,子育て支援,子育て中で、雨の日でも子どもを遊ばせられる場所がほしい
S00190,2026-04-24,広聴データベース,F区,まちづくり・環境,ごみ・環境,集積場所がカラスに荒らされる。改善をお願いします。
S00191,2026-04-24,広聴データベース,D区,暮らし・安全,福祉・高齢者,高齢者の介護の相談先が分からず困っている。何とかならないでしょうか。
S00192,2026-04-25,広聴データベース,J区,まちづくり・環境,公園・緑,子育て世帯が多いのに、近くに公園が少ない。何とかならないでしょうか。
S00193,2026-04-25,広聴データベース,C区,まちづくり・環境,公園・緑,子育て世帯が多いのに、近くに公園が少ない。
S00194,2026-04-25,広聴データベース,N区,まちづくり・環境,道路・交通,駅前の放置自転車が多い。何とかならないでしょうか。
S00195,2026-04-25,広聴データベース,J区,暮らし・安全,福祉・高齢者,高齢者の介護の相談先が分からず困っている。改善をお願いします。
S00196,2026-04-25,広聴データベース,L区,まちづくり・環境,ごみ・環境,ごみの分別が分かりにくく、収集日も覚えられない
S00197,2026-04-25,広聴データベース,C区,暮らし・安全,区役所の窓口,区役所の窓口の待ち時間が長い。改善をお願いします。
S00198,2026-04-25,広聴データベース,K区,暮らし・安全,防災・防犯,防災マップが分かりやすく、避難場所を家族で確認できた。ありがとうございます。
S00199,2026-04-25,広聴データベース,M区,まちづくり・環境,道路・交通,バスの本数が減り、駅まで出るのが大変になった。何とかならないでしょうか。
S00200,2026-04-25,広聴データベース,B区,まちづくり・環境,公園・緑,子育てしやすいよう、公園に日陰とベンチを増やしてほしい。
S00201,2026-04-25,広聴データベース,I区,暮らし・安全,区役所の窓口,区役所の窓口の待ち時間が長い。何とかならないでしょうか。
S00202,2026-04-25,広聴データベース,E区,暮らし・安全,福祉・高齢者,高齢者の介護の相談先が分からず困っている
S00203,2026-04-25,広聴データベース,I区,子育て・教育,子育て支援,子育て中で、雨の日でも子どもを遊ばせられる場所がほしい。検討をお願いします。
S00204,2026-04-25,広聴データベース,B区,子育て・教育,学校・教育,通学路の見守りが少なく、子どもの登下校が心配。何とかならないでしょうか。
S00205,2026-04-25,広聴データベース,N区,子育て・教育,学校・教育,通学路の見守りが少なく、子どもの登下校が心配
S00206,2026-04-26,広聴データベース,G区,暮らし・安全,区役所の窓口,区役所の職員の対応が丁寧で、満足度は高い
S00207,2026-04-26,広聴データベース,H区,まちづくり・環境,道路・交通,バスの本数が減り、駅まで出るのが大変になった。
S00208,2026-04-26,広聴データベース,F区,まちづくり・環境,公園・緑,子育て世帯が多いのに、近くに公園が少ない。何とかならないでしょうか。
S00209,2026-04-26,広聴データベース,C区,まちづくり・環境,公園・緑,子育て世帯が多いのに、近くに公園が少ない。何とかならないでしょうか。
S00210,2026-04-26,広聴データベース,K区,子育て・教育,子育て支援,子育て中で、雨の日でも子どもを遊ばせられる場所がほしい
S00211,2026-04-26,広聴データベース,C区,まちづくり・環境,公園・緑,公園の遊具が古く、子どもを遊ばせるのが不安
S00212,2026-04-26,広聴データベース,B区,子育て・教育,保育・幼稚園,一時保育の予約が取りにくい
S00213,2026-04-26,広聴データベース,Q区,まちづくり・環境,道路・交通,歩道が狭く、ベビーカーで通るのが怖い。
S00214,2026-04-27,広聴データベース,Q区,子育て・教育,保育・幼稚園,保育園の空きがなく、育休明けの復職に間に合わない。改善をお願いします。
S00215,2026-04-27,広聴データベース,E区,まちづくり・環境,道路・交通,歩道が狭く、ベビーカーで通るのが怖い。
S00216,2026-04-27,広聴データベース,Q区,子育て・教育,子育て支援,子育て中で、雨の日でも子どもを遊ばせられる場所がほしい。
S00217,2026-04-27,広聴データベース,P区,子育て・教育,学校・教育,放課後の居場所が足りない。改善をお願いします。
S00218,2026-04-27,広聴データベース,Q区,子育て・教育,保育・幼稚園,保育園の先生方の対応が丁寧で安心して預けられる
S00219,2026-04-28,広聴データベース,C区,まちづくり・環境,公園・緑,子育てしやすいよう、公園に日陰とベンチを増やしてほしい。検討をお願いします。
S00220,2026-04-28,広聴データベース,J区,子育て・教育,学校・教育,放課後の居場所が足りない。何とかならないでしょうか。
S00221,2026-04-28,広聴データベース,F区,子育て・教育,保育・幼稚園,保育園の先生方の対応が丁寧で安心して預けられる。ありがとうございます。
S00222,2026-04-28,広聴データベース,D区,子育て・教育,子育て支援,子育て中で、雨の日でも子どもを遊ばせられる場所がほしい
S00223,2026-04-28,広聴データベース,N区,子育て・教育,学校・教育,放課後の居場所が足りない。何とかならないでしょうか。
S00224,2026-04-28,広聴データベース,Q区,暮らし・安全,区役所の窓口,区役所の窓口の待ち時間が長い。
S00225,2026-04-28,広聴データベース,R区,子育て・教育,学校・教育,放課後の居場所が足りない。何とかならないでしょうか。
S00226,2026-04-28,広聴データベース,I区,まちづくり・環境,ごみ・環境,ごみの分別が分かりにくく、収集日も覚えられない。
S00227,2026-04-28,広聴データベース,A区,まちづくり・環境,道路・交通,駅前の再整備で歩道が広くなり、歩きやすくなった。
S00228,2026-04-28,広聴データベース,C区,子育て・教育,保育・幼稚園,保育園の空きがなく、育休明けの復職に間に合わない
S00229,2026-04-28,広聴データベース,F区,子育て・教育,保育・幼稚園,一時保育の予約が取りにくい。改善をお願いします。
S00230,2026-04-28,広聴データベース,P区,子育て・教育,保育・幼稚園,保育園の空きがなく、育休明けの復職に間に合わない
S00231,2026-05-01,広聴データベース,J区,子育て・教育,保育・幼稚園,保育園の先生方の対応が丁寧で安心して預けられる
S00232,2026-05-01,広聴データベース,N区,まちづくり・環境,公園・緑,子育て世帯が多いのに、近くに公園が少ない。
S00233,2026-05-01,広聴データベース,F区,まちづくり・環境,公園・緑,子育て世帯が多いのに、近くに公園が少ない。改善をお願いします。
S00234,2026-05-01,広聴データベース,N区,まちづくり・環境,公園・緑,公園の遊具が古く、子どもを遊ばせるのが不安。
S00235,2026-05-01,広聴データベース,O区,まちづくり・環境,ごみ・環境,ごみの分別が分かりにくく、収集日も覚えられない。
S00236,2026-05-01,広聴データベース,O区,まちづくり・環境,道路・交通,地域の循環バスが便利で、買い物に助かっている。ありがとうございます。
S00237,2026-05-01,広聴データベース,A区,子育て・教育,保育・幼稚園,保育園の空きがなく、育休明けの復職に間に合わない。
S00238,2026-05-01,広聴データベース,Q区,子育て・教育,保育・幼稚園,保育園の空きがなく、育休明けの復職に間に合わない
S00239,2026-05-01,広聴データベース,D区,まちづくり・環境,道路・交通,歩道が狭く、ベビーカーで通るのが怖い。何とかならないでしょうか。
S00240,2026-05-01,広聴データベース,C区,まちづくり・環境,公園・緑,公園の遊具が古く、子どもを遊ばせるのが不安。
S00241,2026-05-01,広聴データベース,P区,まちづくり・環境,公園・緑,公園の遊具が古く、子どもを遊ばせるのが不安。何とかならないでしょうか。
S00242,2026-05-02,広聴データベース,E区,子育て・教育,子育て支援,子育て支援拠点のイベントが充実していて満足度が高い
S00243,2026-05-02,広聴データベース,J区,まちづくり・環境,公園・緑,子育てしやすいよう、公園に日陰とベンチを増やしてほしい。検討をお願いします。
S00244,2026-05-02,広聴データベース,I区,暮らし・安全,防災・防犯,防災訓練に参加して、地域のつながりができて安心。
S00245,2026-05-02,広聴データベース,F区,暮らし・安全,区役所の窓口,区役所の窓口の待ち時間が長い。何とかならないでしょうか。
S00246,2026-05-02,広聴データベース,O区,まちづくり・環境,道路・交通,バスの本数が減り、駅まで出るのが大変になった。
S00247,2026-05-02,広聴データベース,E区,暮らし・安全,福祉・高齢者,高齢者が公園で集まれる場所があると良い。
S00248,2026-05-02,広聴データベース,O区,子育て・教育,子育て支援,子育て支援拠点のイベントが充実していて満足度が高い。ありがとうございます。
S00249,2026-05-02,広聴データベース,A区,まちづくり・環境,道路・交通,駅前の再整備で歩道が広くなり、歩きやすくなった
S00250,2026-05-03,広聴データベース,I区,子育て・教育,保育・幼稚園,保育園の空きがなく、育休明けの復職に間に合わない
S00251,2026-05-03,広聴データベース,A区,暮らし・安全,区役所の窓口,区役所の手続きがオンラインでできて便利になった。
S00252,2026-05-03,広聴データベース,C区,まちづくり・環境,ごみ・環境,ごみの分別が分かりにくく、収集日も覚えられない。
S00253,2026-05-03,広聴データベース,Q区,子育て・教育,子育て支援,子育ての相談窓口がどこか分かりにくい
S00254,2026-05-03,広聴データベース,J区,暮らし・安全,福祉・高齢者,高齢者の介護の相談先が分からず困っている。改善をお願いします。
S00255,2026-05-04,広聴データベース,R区,暮らし・安全,防災・防犯,防災マップが分かりやすく、避難場所を家族で確認できた。
S00256,2026-05-04,広聴データベース,H区,まちづくり・環境,道路・交通,駅前の再整備で歩道が広くなり、歩きやすくなった。
S00257,2026-05-04,広聴データベース,H区,子育て・教育,学校・教育,学校の情報発信が分かりやすくなって良い。
S00258,2026-05-04,広聴データベース,H区,暮らし・安全,防災・防犯,避難場所がどこか分からず、子どもと逃げられるか心配
S00259,2026-05-04,広聴データベース,G区,子育て・教育,保育・幼稚園,一時保育の予約が取りにくい。改善をお願いします。
S00260,2026-05-04,広聴データベース,D区,子育て・教育,保育・幼稚園,保育料が高いので、二人目を考えると負担が大きい。
S00261,2026-05-04,広聴データベース,P区,子育て・教育,保育・幼稚園,一時保育の予約が取りにくい。
S00262,2026-05-04,広聴データベース,N区,子育て・教育,保育・幼稚園,保育園の空きがなく、育休明けの復職に間に合わない
S00263,2026-05-04,広聴データベース,G区,子育て・教育,学校・教育,学校の情報発信が分かりやすくなって良い
S00264,2026-05-04,広聴データベース,M区,まちづくり・環境,公園・緑,子育て世帯が多いのに、近くに公園が少ない。改善をお願いします。
S00265,2026-05-05,広聴データベース,B区,まちづくり・環境,ごみ・環境,地域の清掃活動で街がきれいになり、住みやすい。
S00266,2026-05-05,広聴データベース,K区,暮らし・安全,区役所の窓口,区役所の職員の対応が丁寧で、満足度は高い。
S00267,2026-05-05,広聴データベース,B区,まちづくり・環境,ごみ・環境,集積場所がカラスに荒らされる。
S00268,2026-05-05,広聴データベース,J区,暮らし・安全,区役所の窓口,区役所の手続きがオンラインでできて便利になった。
S00269,2026-05-05,広聴データベース,N区,まちづくり・環境,公園・緑,公園の遊具が古く、子どもを遊ばせるのが不安。何とかならないでしょうか。
S00270,2026-05-05,広聴データベース,N区,まちづくり・環境,道路・交通,バスの本数が減り、駅まで出るのが大変になった
S00271,2026-05-05,広聴データベース,E区,子育て・教育,保育・幼稚園,保育園の先生方の対応が丁寧で安心して預けられる
S00272,2026-05-05,広聴データベース,G区,子育て・教育,学校・教育,学校の先生が丁寧に相談に乗ってくれて安心できた
S00273,2026-05-06,広聴データベース,G区,子育て・教育,子育て支援,子育ての相談窓口がどこか分かりにくい。改善をお願いします。
S00274,2026-05-06,広聴データベース,K区,暮らし・安全,福祉・高齢者,高齢者の介護の相談先が分からず困っている。改善をお願いします。
S00275,2026-05-06,広聴データベース,M区,子育て・教育,子育て支援,子育て支援拠点のイベントが充実していて満足度が高い。
S00276,2026-05-06,広聴データベース,I区,まちづくり・環境,ごみ・環境,地域の清掃活動で街がきれいになり、住みやすい。ありがとうございます。
S00277,2026-05-06,広聴データベース,I区,まちづくり・環境,道路・交通,バスの本数が減り、駅まで出るのが大変になった
S00278,2026-05-06,広聴データベース,N区,子育て・教育,保育・幼稚園,保育園の空きがなく、育休明けの復職に間に合わない。
S00279,2026-05-06,広聴データベース,K区,まちづくり・環境,ごみ・環境,ごみの分別が分かりにくく、収集日も覚えられない。改善をお願いします。
S00280,2026-05-06,広聴データベース,D区,暮らし・安全,防災・防犯,避難場所がどこか分からず、子どもと逃げられるか心配。
S00281,2026-05-06,広聴データベース,L区,まちづくり・環境,道路・交通,バスの本数が減り、駅まで出るのが大変になった
S00282,2026-05-06,広聴データベース,R区,子育て・教育,保育・幼稚園,保育園の先生方の対応が丁寧で安心して預けられる。ありがとうございます。
S00283,2026-05-06,広聴データベース,O区,暮らし・安全,福祉・高齢者,高齢者が公園で集まれる場所があると良い
S00284,2026-05-06,広聴データベース,C区,まちづくり・環境,公園・緑,子育て世帯が多いのに、近くに公園が少ない。何とかならないでしょうか。
S00285,2026-05-06,広聴データベース,D区,子育て・教育,子育て支援,子育ての相談窓口がどこか分かりにくい。
S00286,2026-05-07,広聴データベース,L区,暮らし・安全,防災・防犯,防災訓練に参加して、地域のつながりができて安心
S00287,2026-05-07,広聴データベース,K区,子育て・教育,保育・幼稚園,保育園の先生方の対応が丁寧で安心して預けられる。ありがとうございます。
S00288,2026-05-07,広聴データベース,G区,暮らし・安全,福祉・高齢者,地域包括支援センターの職員の対応が良い。
S00289,2026-05-07,広聴データベース,M区,暮らし・安全,区役所の窓口,区役所の窓口の待ち時間が長い。
S00290,2026-05-07,広聴データベース,C区,まちづくり・環境,ごみ・環境,ごみの分別が分かりにくく、収集日も覚えられない。
S00291,2026-05-07,広聴データベース,N区,子育て・教育,学校・教育,放課後の居場所が足りない。何とかならないでしょうか。
S00292,2026-05-08,広聴データベース,J区,まちづくり・環境,ごみ・環境,ごみの分別が分かりにくく、収集日も覚えられない。何とかならないでしょうか。
S00293,2026-05-08,広聴データベース,P区,暮らし・安全,防災・防犯,夜道が暗く、街灯を増やしてほしい。
S00294,2026-05-08,広聴データベース,R区,子育て・教育,子育て支援,子育ての相談窓口がどこか分かりにくい。
S00295,2026-05-08,広聴データベース,C区,まちづくり・環境,公園・緑,公園の遊具が古く、子どもを遊ばせるのが不安。
S00296,2026-05-08,広聴データベース,H区,子育て・教育,学校・教育,学校の先生が丁寧に相談に乗ってくれて安心できた。
S00297,2026-05-08,広聴データベース,N区,まちづくり・環境,道路・交通,バスの本数が減り、駅まで出るのが大変になった。何とかならないでしょうか。
S00298,2026-05-08,広聴データベース,M区,まちづくり・環境,公園・緑,公園の遊具が古く、子どもを遊ばせるのが不安。何とかならないでしょうか。
S00299,2026-05-08,広聴データベース,K区,子育て・教育,保育・幼稚園,保育料が高いので、二人目を考えると負担が大きい
S00300,2026-05-08,広聴データベース,B区,子育て・教育,保育・幼稚園,保育園の空きがなく、育休明けの復職に間に合わない。
S00301,2026-05-08,広聴データベース,F区,子育て・教育,子育て支援,子育て支援拠点のイベントが充実していて満足度が高い。ありがとうございます。
S00302,2026-05-08,広聴データベース,Q区,まちづくり・環境,道路・交通,バスの本数が減り、駅まで出るのが大変になった。
S00303,2026-05-08,広聴データベース,J区,子育て・教育,保育・幼稚園,保育園の先生方の対応が丁寧で安心して預けられる。
S00304,2026-05-09,広聴データベース,F区,子育て・教育,学校・教育,学校の先生が丁寧に相談に乗ってくれて安心できた。
S00305,2026-05-09,広聴データベース,M区,まちづくり・環境,公園・緑,子育て世帯が多いのに、近くに公園が少ない。改善をお願いします。
S00306,2026-05-09,広聴データベース,O区,子育て・教育,子育て支援,子育ての相談窓口がどこか分かりにくい。何とかならないでしょうか。
S00307,2026-05-09,広聴データベース,E区,まちづくり・環境,道路・交通,バスの本数が減り、駅まで出るのが大変になった。何とかならないでしょうか。
S00308,2026-05-10,広聴データベース,F区,暮らし・安全,防災・防犯,夜道が暗く、街灯を増やしてほしい
S00309,2026-05-10,広聴データベース,A区,子育て・教育,子育て支援,子育ての相談窓口がどこか分かりにくい
S00310,2026-05-10,広聴データベース,A区,子育て・教育,保育・幼稚園,保育園の先生方の対応が丁寧で安心して預けられる
S00311,2026-05-10,広聴データベース,Q区,子育て・教育,子育て支援,子育ての相談窓口がどこか分かりにくい。改善をお願いします。
S00312,2026-05-10,広聴データベース,H区,子育て・教育,保育・幼稚園,保育園の空きがなく、育休明けの復職に間に合わない。改善をお願いします。
S00313,2026-05-10,広聴データベース,M区,暮らし・安全,区役所の窓口,区役所の職員の対応が丁寧で、満足度は高い。
S00314,2026-05-10,広聴データベース,D区,まちづくり・環境,道路・交通,駅前の再整備で歩道が広くなり、歩きやすくなった。
S00315,2026-05-10,広聴データベース,R区,まちづくり・環境,道路・交通,歩道が狭く、ベビーカーで通るのが怖い
S00316,2026-05-10,広聴データベース,D区,まちづくり・環境,ごみ・環境,集積場所がカラスに荒らされる。改善をお願いします。
S00317,2026-05-11,広聴データベース,C区,まちづくり・環境,公園・緑,子育て世帯が多いのに、近くに公園が少ない。何とかならないでしょうか。
S00318,2026-05-11,広聴データベース,D区,まちづくり・環境,道路・交通,地域の循環バスが便利で、買い物に助かっている
S00319,2026-05-11,広聴データベース,H区,子育て・教育,保育・幼稚園,保育園の空きがなく、育休明けの復職に間に合わない。
S00320,2026-05-11,広聴データベース,J区,暮らし・安全,福祉・高齢者,高齢者の介護の相談先が分からず困っている。何とかならないでしょうか。
S00321,2026-05-11,広聴データベース,G区,暮らし・安全,福祉・高齢者,高齢者が公園で集まれる場所があると良い。
S00322,2026-05-11,広聴データベース,H区,まちづくり・環境,ごみ・環境,ごみの分別が分かりにくく、収集日も覚えられない。改善をお願いします。
S00323,2026-05-11,広聴データベース,I区,まちづくり・環境,道路・交通,バスの本数が減り、駅まで出るのが大変になった。
S00324,2026-05-11,広聴データベース,D区,まちづくり・環境,公園・緑,公園の遊具は安全性が高いと感じる
S00325,2026-05-11,広聴データベース,E区,暮らし・安全,区役所の窓口,区役所の窓口の待ち時間が長い。改善をお願いします。
S00326,2026-05-11,広聴データベース,E区,子育て・教育,子育て支援,子育て中で、雨の日でも子どもを遊ばせられる場所がほしい
S00327,2026-05-12,広聴データベース,E区,子育て・教育,保育・幼稚園,保育園の空きがなく、育休明けの復職に間に合わない。改善をお願いします。
S00328,2026-05-12,広聴データベース,P区,まちづくり・環境,道路・交通,地域の循環バスが便利で、買い物に助かっている。
S00329,2026-05-12,広聴データベース,M区,まちづくり・環境,ごみ・環境,ごみの分別が分かりにくく、収集日も覚えられない。改善をお願いします。
S00330,2026-05-12,広聴データベース,E区,子育て・教育,保育・幼稚園,一時保育の予約が取りにくい。
S00331,2026-05-12,広聴データベース,M区,まちづくり・環境,道路・交通,バスの本数が減り、駅まで出るのが大変になった。改善をお願いします。
S00332,2026-05-12,広聴データベース,B区,子育て・教育,保育・幼稚園,保育料が高いので、二人目を考えると負担が大きい。改善をお願いします。
S00333,2026-05-12,広聴データベース,R区,子育て・教育,保育・幼稚園,保育料が高いので、二人目を考えると負担が大きい。何とかならないでしょうか。
S00334,2026-05-12,広聴データベース,N区,暮らし・安全,防災・防犯,防災マップが分かりやすく、避難場所を家族で確認できた。ありがとうございます。
S00335,2026-05-12,広聴データベース,N区,暮らし・安全,防災・防犯,避難場所がどこか分からず、子どもと逃げられるか心配。何とかならないでしょうか。
S00336,2026-05-12,広聴データベース,N区,暮らし・安全,福祉・高齢者,高齢者の介護の相談先が分からず困っている。
S00337,2026-05-13,広聴データベース,D区,子育て・教育,保育・幼稚園,保育園の先生方の対応が丁寧で安心して預けられる。
S00338,2026-05-13,広聴データベース,F区,暮らし・安全,福祉・高齢者,高齢者の介護の相談先が分からず困っている。
S00339,2026-05-13,広聴データベース,F区,まちづくり・環境,公園・緑,子育て世帯が多いのに、近くに公園が少ない
S00340,2026-05-13,広聴データベース,G区,子育て・教育,保育・幼稚園,保育料が高いので、二人目を考えると負担が大きい。
S00341,2026-05-13,広聴データベース,A区,まちづくり・環境,公園・緑,子育て世帯が多いのに、近くに公園が少ない。
S00342,2026-05-13,広聴データベース,N区,まちづくり・環境,道路・交通,駅前の放置自転車が多い。
S00343,2026-05-13,広聴データベース,M区,まちづくり・環境,道路・交通,バスの本数が減り、駅まで出るのが大変になった。
S00344,2026-05-13,広聴データベース,O区,子育て・教育,保育・幼稚園,保育料が高いので、二人目を考えると負担が大きい。何とかならないでしょうか。
S00345,2026-05-13,広聴データベース,O区,暮らし・安全,防災・防犯,防災マップが分かりやすく、避難場所を家族で確認できた。ありがとうございます。
S00346,2026-05-13,広聴データベース,A区,暮らし・安全,防災・防犯,防災訓練に参加して、地域のつながりができて安心。
S00347,2026-05-14,広聴データベース,E区,子育て・教育,保育・幼稚園,保育園の空きがなく、育休明けの復職に間に合わない
S00348,2026-05-14,広聴データベース,M区,まちづくり・環境,道路・交通,駅前の放置自転車が多い。
S00349,2026-05-14,広聴データベース,Q区,まちづくり・環境,公園・緑,子育て世帯が多いのに、近くに公園が少ない。改善をお願いします。
S00350,2026-05-14,広聴データベース,A区,まちづくり・環境,公園・緑,子育て世帯が多いのに、近くに公園が少ない。
S00351,2026-05-14,広聴データベース,M区,子育て・教育,保育・幼稚園,保育園の空きがなく、育休明けの復職に間に合わない。何とかならないでしょうか。
S00352,2026-05-14,広聴データベース,P区,まちづくり・環境,ごみ・環境,地域の清掃活動で街がきれいになり、住みやすい。
S00353,2026-05-14,広聴データベース,G区,子育て・教育,学校・教育,学校の先生が丁寧に相談に乗ってくれて安心できた。
S00354,2026-05-14,広聴データベース,E区,まちづくり・環境,道路・交通,バスの本数が減り、駅まで出るのが大変になった。
S00355,2026-05-14,広聴データベース,H区,子育て・教育,保育・幼稚園,保育料が高いので、二人目を考えると負担が大きい。
S00356,2026-05-14,広聴データベース,C区,暮らし・安全,防災・防犯,避難場所がどこか分からず、子どもと逃げられるか心配。
S00357,2026-05-14,広聴データベース,F区,子育て・教育,保育・幼稚園,保育料が高いので、二人目を考えると負担が大きい
S00358,2026-05-14,広聴データベース,R区,暮らし・安全,福祉・高齢者,高齢者が公園で集まれる場所があると良い。検討をお願いします。
S00359,2026-05-15,広聴データベース,G区,子育て・教育,子育て支援,子育ての相談窓口がどこか分かりにくい。改善をお願いします。
S00360,2026-05-15,広聴データベース,A区,子育て・教育,子育て支援,子育ての相談窓口がどこか分かりにくい。
S00361,2026-05-15,広聴データベース,Q区,暮らし・安全,防災・防犯,避難場所がどこか分からず、子どもと逃げられるか心配。何とかならないでしょうか。
S00362,2026-05-15,広聴データベース,F区,子育て・教育,保育・幼稚園,保育園の空きがなく、育休明けの復職に間に合わない
S00363,2026-05-15,広聴データベース,Q区,まちづくり・環境,ごみ・環境,ごみの分別が分かりにくく、収集日も覚えられない。
S00364,2026-05-15,広聴データベース,F区,暮らし・安全,防災・防犯,夜道が暗く、街灯を増やしてほしい。何とかならないでしょうか。
S00365,2026-05-15,広聴データベース,I区,暮らし・安全,防災・防犯,避難場所がどこか分からず、子どもと逃げられるか心配。何とかならないでしょうか。
S00366,2026-05-15,広聴データベース,K区,まちづくり・環境,公園・緑,子育て世帯が多いのに、近くに公園が少ない。
S00367,2026-05-15,広聴データベース,G区,子育て・教育,学校・教育,学校の情報発信が分かりやすくなって良い。
S00368,2026-05-16,広聴データベース,L区,暮らし・安全,区役所の窓口,区役所の窓口の待ち時間が長い
S00369,2026-05-16,広聴データベース,K区,まちづくり・環境,道路・交通,バスの本数が減り、駅まで出るのが大変になった。
S00370,2026-05-16,広聴データベース,C区,まちづくり・環境,ごみ・環境,ごみの収集が時間どおりで助かっている。
S00371,2026-05-16,広聴データベース,R区,暮らし・安全,区役所の窓口,区役所の職員の対応が丁寧で、満足度は高い
S00372,2026-05-16,広聴データベース,H区,暮らし・安全,防災・防犯,夜道が暗く、街灯を増やしてほしい。
S00373,2026-05-16,広聴データベース,C区,子育て・教育,学校・教育,通学路の見守りが少なく、子どもの登下校が心配。
S00374,2026-05-16,広聴データベース,B区,暮らし・安全,防災・防犯,避難場所がどこか分からず、子どもと逃げられるか心配
S00375,2026-05-17,広聴データベース,R区,まちづくり・環境,公園・緑,公園がきれいになったのは良いが、トイレが古いままで残念
S00376,2026-05-17,広聴データベース,Q区,まちづくり・環境,ごみ・環境,集積場所がカラスに荒らされる
S00377,2026-05-17,広聴データベース,Q区,暮らし・安全,福祉・高齢者,高齢者の介護の相談先が分からず困っている
S00378,2026-05-17,広聴データベース,H区,子育て・教育,保育・幼稚園,一時保育の予約が取りにくい。何とかならないでしょうか。
S00379,2026-05-17,広聴データベース,R区,子育て・教育,保育・幼稚園,一時保育の予約が取りにくい。何とかならないでしょうか。
S00380,2026-05-17,広聴データベース,R区,暮らし・安全,福祉・高齢者,高齢者が公園で集まれる場所があると良い。
S00381,2026-05-17,広聴データベース,H区,まちづくり・環境,公園・緑,子育て世帯が多いのに、近くに公園が少ない。
S00382,2026-05-18,広聴データベース,G区,暮らし・安全,防災・防犯,防災マップが分かりやすく、避難場所を家族で確認できた。
S00383,2026-05-18,広聴データベース,K区,子育て・教育,子育て支援,子育ての相談窓口がどこか分かりにくい
S00384,2026-05-18,広聴データベース,I区,暮らし・安全,区役所の窓口,区役所の窓口の待ち時間が長い
S00385,2026-05-18,広聴データベース,P区,暮らし・安全,福祉・高齢者,高齢者の介護の相談先が分からず困っている。何とかならないでしょうか。
S00386,2026-05-18,広聴データベース,H区,暮らし・安全,防災・防犯,避難場所がどこか分からず、子どもと逃げられるか心配。
S00387,2026-05-18,広聴データベース,F区,暮らし・安全,防災・防犯,夜道が暗く、街灯を増やしてほしい。
S00388,2026-05-18,広聴データベース,I区,子育て・教育,保育・幼稚園,保育園の先生方の対応が丁寧で安心して預けられる。ありがとうございます。
S00389,2026-05-18,広聴データベース,K区,子育て・教育,子育て支援,子育て支援拠点のイベントが充実していて満足度が高い。ありがとうございます。
S00390,2026-05-19,広聴データベース,I区,暮らし・安全,福祉・高齢者,地域包括支援センターの職員の対応が良い。
S00391,2026-05-19,広聴データベース,Q区,まちづくり・環境,公園・緑,子育て世帯が多いのに、近くに公園が少ない。何とかならないでしょうか。
S00392,2026-05-19,広聴データベース,P区,まちづくり・環境,道路・交通,バスの本数が減り、駅まで出るのが大変になった
S00393,2026-05-19,広聴データベース,Q区,暮らし・安全,福祉・高齢者,高齢者の介護の相談先が分からず困っている。何とかならないでしょうか。
S00394,2026-05-19,広聴データベース,J区,まちづくり・環境,公園・緑,子育て世帯が多いのに、近くに公園が少ない。何とかならないでしょうか。
S00395,2026-05-19,広聴データベース,F区,子育て・教育,保育・幼稚園,保育料が高いので、二人目を考えると負担が大きい。何とかならないでしょうか。
S00396,2026-05-19,広聴データベース,Q区,子育て・教育,保育・幼稚園,保育園の空きがなく、育休明けの復職に間に合わない。何とかならないでしょうか。
S00397,2026-05-19,広聴データベース,K区,子育て・教育,保育・幼稚園,保育園の空きがなく、育休明けの復職に間に合わない。改善をお願いします。
S00398,2026-05-19,広聴データベース,C区,まちづくり・環境,公園・緑,公園の遊具が古く、子どもを遊ばせるのが不安
S00399,2026-05-19,広聴データベース,C区,まちづくり・環境,道路・交通,駅前の放置自転車が多い。
S00400,2026-05-20,広聴データベース,B区,まちづくり・環境,公園・緑,子育て世帯が多いのに、近くに公園が少ない
S00401,2026-05-20,広聴データベース,D区,子育て・教育,保育・幼稚園,保育料が高いので、二人目を考えると負担が大きい
S00402,2026-05-20,広聴データベース,G区,まちづくり・環境,ごみ・環境,ごみの収集が時間どおりで助かっている。ありがとうございます。
S00403,2026-05-20,広聴データベース,L区,子育て・教育,学校・教育,放課後の居場所が足りない。改善をお願いします。
S00404,2026-05-20,広聴データベース,I区,子育て・教育,学校・教育,放課後の居場所が足りない
S00405,2026-05-20,広聴データベース,I区,まちづくり・環境,道路・交通,駅前の放置自転車が多い。何とかならないでしょうか。
S00406,2026-05-21,広聴データベース,E区,まちづくり・環境,道路・交通,バスの本数が減り、駅まで出るのが大変になった。
S00407,2026-05-21,広聴データベース,A区,暮らし・安全,福祉・高齢者,地域包括支援センターの職員の対応が良い。
S00408,2026-05-21,広聴データベース,N区,まちづくり・環境,ごみ・環境,地域の清掃活動で街がきれいになり、住みやすい
S00409,2026-05-21,広聴データベース,B区,暮らし・安全,福祉・高齢者,地域包括支援センターの職員の対応が良い
S00410,2026-05-21,広聴データベース,M区,子育て・教育,学校・教育,放課後の居場所が足りない。何とかならないでしょうか。
S00411,2026-05-21,広聴データベース,D区,暮らし・安全,福祉・高齢者,高齢者の介護の相談先が分からず困っている
S00412,2026-05-21,広聴データベース,P区,まちづくり・環境,公園・緑,子育て世帯が多いのに、近くに公園が少ない
S00413,2026-05-21,広聴データベース,N区,暮らし・安全,区役所の窓口,区役所の手続きがオンラインでできて便利になった
S00414,2026-05-21,広聴データベース,Q区,暮らし・安全,区役所の窓口,区役所の窓口の待ち時間が長い。何とかならないでしょうか。
S00415,2026-05-21,広聴データベース,J区,暮らし・安全,福祉・高齢者,高齢者の介護の相談先が分からず困っている
S00416,2026-05-21,広聴データベース,D区,まちづくり・環境,公園・緑,子育て世帯が多いのに、近くに公園が少ない。
S00417,2026-05-22,広聴データベース,A区,子育て・教育,学校・教育,通学路の見守りが少なく、子どもの登下校が心配。改善をお願いします。
S00418,2026-05-22,広聴データベース,I区,まちづくり・環境,道路・交通,バスの本数が減り、駅まで出るのが大変になった。何とかならないでしょうか。
S00419,2026-05-22,広聴データベース,C区,暮らし・安全,防災・防犯,避難場所がどこか分からず、子どもと逃げられるか心配。改善をお願いします。
S00420,2026-05-22,広聴データベース,F区,子育て・教育,保育・幼稚園,一時保育の予約が取りにくい。何とかならないでしょうか。
S00421,2026-05-22,広聴データベース,O区,子育て・教育,保育・幼稚園,保育料が高いので、二人目を考えると負担が大きい
S00422,2026-05-23,広聴データベース,C区,まちづくり・環境,道路・交通,歩道が狭く、ベビーカーで通るのが怖い。何とかならないでしょうか。
S00423,2026-05-23,広聴データベース,M区,暮らし・安全,防災・防犯,避難場所がどこか分からず、子どもと逃げられるか心配。
S00424,2026-05-23,広聴データベース,K区,子育て・教育,子育て支援,子育て中で、雨の日でも子どもを遊ばせられる場所がほしい。検討をお願いします。
S00425,2026-05-23,広聴データベース,G区,まちづくり・環境,道路・交通,バスの本数が減り、駅まで出るのが大変になった
S00426,2026-05-23,広聴データベース,M区,子育て・教育,保育・幼稚園,一時保育の予約が取りにくい
S00427,2026-05-23,広聴データベース,F区,暮らし・安全,防災・防犯,避難場所がどこか分からず、子どもと逃げられるか心配。
S00428,2026-05-23,広聴データベース,P区,まちづくり・環境,道路・交通,歩道が狭く、ベビーカーで通るのが怖い
S00429,2026-05-24,広聴データベース,A区,まちづくり・環境,公園・緑,公園の遊具が古く、子どもを遊ばせるのが不安。
S00430,2026-05-24,広聴データベース,L区,子育て・教育,保育・幼稚園,保育料が高いので、二人目を考えると負担が大きい
S00431,2026-05-24,広聴データベース,R区,子育て・教育,子育て支援,子育て支援拠点のイベントが充実していて満足度が高い
S00432,2026-05-24,広聴データベース,R区,まちづくり・環境,道路・交通,バスの本数が減り、駅まで出るのが大変になった。改善をお願いします。
S00433,2026-05-24,広聴データベース,N区,まちづくり・環境,公園・緑,公園の遊具が古く、子どもを遊ばせるのが不安。改善をお願いします。
S00434,2026-05-24,広聴データベース,K区,まちづくり・環境,ごみ・環境,集積場所がカラスに荒らされる。何とかならないでしょうか。
S00435,2026-05-24,広聴データベース,A区,子育て・教育,保育・幼稚園,一時保育の予約が取りにくい。改善をお願いします。
S00436,2026-05-24,広聴データベース,K区,暮らし・安全,福祉・高齢者,地域包括支援センターの職員の対応が良い。ありがとうございます。
S00437,2026-05-24,広聴データベース,J区,子育て・教育,子育て支援,子育ての相談窓口がどこか分かりにくい。改善をお願いします。
S00438,2026-05-25,広聴データベース,D区,暮らし・安全,福祉・高齢者,高齢者の介護の相談先が分からず困っている。改善をお願いします。
S00439,2026-05-25,広聴データベース,H区,暮らし・安全,区役所の窓口,区役所の窓口の待ち時間が長い。
S00440,2026-05-25,広聴データベース,E区,まちづくり・環境,公園・緑,公園の遊具は安全性が高いと感じる
S00441,2026-05-25,広聴データベース,Q区,まちづくり・環境,道路・交通,バスの本数が減り、駅まで出るのが大変になった。改善をお願いします。
S00442,2026-05-25,広聴データベース,B区,暮らし・安全,区役所の窓口,区役所の手続きがオンラインでできて便利になった。ありがとうございます。
S00443,2026-05-25,広聴データベース,B区,まちづくり・環境,ごみ・環境,ごみの分別が分かりにくく、収集日も覚えられない。改善をお願いします。
S00444,2026-05-25,広聴データベース,L区,まちづくり・環境,ごみ・環境,ごみの分別が分かりにくく、収集日も覚えられない。
S00445,2026-05-26,広聴データベース,J区,子育て・教育,学校・教育,放課後の居場所が足りない。何とかならないでしょうか。
S00446,2026-05-26,広聴データベース,A区,子育て・教育,子育て支援,子育ての相談窓口がどこか分かりにくい。改善をお願いします。
S00447,2026-05-26,広聴データベース,R区,暮らし・安全,福祉・高齢者,高齢者の介護の相談先が分からず困っている。何とかならないでしょうか。
S00448,2026-05-26,広聴データベース,D区,まちづくり・環境,ごみ・環境,地域の清掃活動で街がきれいになり、住みやすい。
S00449,2026-05-26,広聴データベース,M区,暮らし・安全,防災・防犯,避難場所がどこか分からず、子どもと逃げられるか心配。何とかならないでしょうか。
S00450,2026-05-26,広聴データベース,M区,暮らし・安全,区役所の窓口,区役所の職員の対応が丁寧で、満足度は高い
S00451,2026-05-26,広聴データベース,N区,暮らし・安全,防災・防犯,夜道が暗く、街灯を増やしてほしい。
S00452,2026-05-26,広聴データベース,N区,まちづくり・環境,道路・交通,バスの本数が減り、駅まで出るのが大変になった。何とかならないでしょうか。
S00453,2026-05-26,広聴データベース,F区,暮らし・安全,福祉・高齢者,高齢者の介護の相談先が分からず困っている。何とかならないでしょうか。
S00454,2026-05-27,広聴データベース,N区,暮らし・安全,福祉・高齢者,高齢者が公園で集まれる場所があると良い。検討をお願いします。
S00455,2026-05-27,広聴データベース,G区,まちづくり・環境,公園・緑,子育て世帯が多いのに、近くに公園が少ない
S00456,2026-05-27,広聴データベース,N区,子育て・教育,保育・幼稚園,保育料が高いので、二人目を考えると負担が大きい。何とかならないでしょうか。
S00457,2026-05-27,広聴データベース,P区,まちづくり・環境,ごみ・環境,ごみの分別が分かりにくく、収集日も覚えられない
S00458,2026-05-27,広聴データベース,Q区,まちづくり・環境,道路・交通,歩道が狭く、ベビーカーで通るのが怖い。
S00459,2026-05-28,広聴データベース,D区,まちづくり・環境,公園・緑,子育て世帯が多いのに、近くに公園が少ない。何とかならないでしょうか。
S00460,2026-05-28,広聴データベース,A区,子育て・教育,保育・幼稚園,保育料が高いので、二人目を考えると負担が大きい。何とかならないでしょうか。
S00461,2026-05-28,広聴データベース,G区,まちづくり・環境,ごみ・環境,集積場所がカラスに荒らされる。何とかならないでしょうか。
S00462,2026-05-28,広聴データベース,B区,子育て・教育,保育・幼稚園,保育園の空きがなく、育休明けの復職に間に合わない。何とかならないでしょうか。
S00463,2026-05-28,広聴データベース,A区,まちづくり・環境,ごみ・環境,ごみの収集が時間どおりで助かっている
S00464,2026-05-28,広聴データベース,I区,暮らし・安全,防災・防犯,避難場所がどこか分からず、子どもと逃げられるか心配。
S00465,2026-05-28,広聴データベース,A区,暮らし・安全,区役所の窓口,区役所の窓口の待ち時間が長い。改善をお願いします。
S00466,2026-05-28,広聴データベース,R区,子育て・教育,保育・幼稚園,保育園の空きがなく、育休明けの復職に間に合わない。
S00467,2026-05-28,広聴データベース,C区,子育て・教育,学校・教育,学校の先生が丁寧に相談に乗ってくれて安心できた。
S00468,2026-05-28,広聴データベース,R区,暮らし・安全,区役所の窓口,区役所の窓口の待ち時間が長い。
S00469,2026-05-28,広聴データベース,Q区,暮らし・安全,防災・防犯,夜道が暗く、街灯を増やしてほしい
S00470,2026-05-28,広聴データベース,R区,まちづくり・環境,公園・緑,公園の遊具は安全性が高いと感じる
S00471,2026-06-01,広聴データベース,L区,まちづくり・環境,道路・交通,地域の循環バスが便利で、買い物に助かっている。ありがとうございます。
S00472,2026-06-01,広聴データベース,C区,まちづくり・環境,道路・交通,駅前の放置自転車が多い。
S00473,2026-06-01,広聴データベース,N区,まちづくり・環境,ごみ・環境,ごみの収集が時間どおりで助かっている
S00474,2026-06-01,広聴データベース,C区,暮らし・安全,防災・防犯,避難場所がどこか分からず、子どもと逃げられるか心配
S00475,2026-06-01,広聴データベース,E区,暮らし・安全,区役所の窓口,区役所の窓口の待ち時間が長い。何とかならないでしょうか。
S00476,2026-06-01,広聴データベース,A区,まちづくり・環境,ごみ・環境,ごみの分別が分かりにくく、収集日も覚えられない。改善をお願いします。
S00477,2026-06-01,広聴データベース,J区,まちづくり・環境,道路・交通,駅前の放置自転車が多い。改善をお願いします。
S00478,2026-06-01,広聴データベース,D区,暮らし・安全,区役所の窓口,区役所の窓口の待ち時間が長い
S00479,2026-06-01,広聴データベース,D区,子育て・教育,保育・幼稚園,保育料が高いので、二人目を考えると負担が大きい。何とかならないでしょうか。
S00480,2026-06-01,広聴データベース,B区,まちづくり・環境,道路・交通,駅前の再整備で歩道が広くなり、歩きやすくなった。ありがとうございます。
S00481,2026-06-01,広聴データベース,C区,まちづくり・環境,道路・交通,歩道が狭く、ベビーカーで通るのが怖い。何とかならないでしょうか。
S00482,2026-06-02,広聴データベース,A区,まちづくり・環境,ごみ・環境,集積場所がカラスに荒らされる。改善をお願いします。
S00483,2026-06-02,広聴データベース,C区,子育て・教育,子育て支援,子育て中で、雨の日でも子どもを遊ばせられる場所がほしい
S00484,2026-06-02,広聴データベース,L区,子育て・教育,子育て支援,子育ての相談窓口がどこか分かりにくい
S00485,2026-06-02,広聴データベース,Q区,まちづくり・環境,ごみ・環境,ごみの分別が分かりにくく、収集日も覚えられない
S00486,2026-06-02,広聴データベース,F区,子育て・教育,子育て支援,子育ての相談窓口がどこか分かりにくい
S00487,2026-06-02,広聴データベース,H区,まちづくり・環境,ごみ・環境,地域の清掃活動で街がきれいになり、住みやすい。ありがとうございます。
S00488,2026-06-02,広聴データベース,D区,子育て・教育,保育・幼稚園,一時保育の予約が取りにくい
S00489,2026-06-02,広聴データベース,F区,子育て・教育,保育・幼稚園,保育園の空きがなく、育休明けの復職に間に合わない。改善をお願いします。
S00490,2026-06-02,広聴データベース,M区,子育て・教育,保育・幼稚園,保育料が高いので、二人目を考えると負担が大きい。改善をお願いします。
S00491,2026-06-02,広聴データベース,D区,まちづくり・環境,公園・緑,子育て世帯が多いのに、近くに公園が少ない。
S00492,2026-06-02,広聴データベース,I区,まちづくり・環境,公園・緑,子育て世帯が多いのに、近くに公園が少ない。何とかならないでしょうか。
S00493,2026-06-03,広聴データベース,H区,まちづくり・環境,道路・交通,歩道が狭く、ベビーカーで通るのが怖い。改善をお願いします。
S00494,2026-06-03,広聴データベース,A区,まちづくり・環境,道路・交通,バスの本数が減り、駅まで出るのが大変になった。何とかならないでしょうか。
S00495,2026-06-04,広聴データベース,B区,まちづくり・環境,ごみ・環境,集積場所がカラスに荒らされる。何とかならないでしょうか。
S00496,2026-06-04,広聴データベース,I区,暮らし・安全,防災・防犯,夜道が暗く、街灯を増やしてほしい
S00497,2026-06-04,広聴データベース,L区,暮らし・安全,防災・防犯,避難場所がどこか分からず、子どもと逃げられるか心配。何とかならないでしょうか。
S00498,2026-06-04,広聴データベース,G区,子育て・教育,保育・幼稚園,保育園の空きがなく、育休明けの復職に間に合わない。
S00499,2026-06-04,広聴データベース,N区,子育て・教育,保育・幼稚園,保育料が高いので、二人目を考えると負担が大きい。
S00500,2026-06-04,広聴データベース,J区,暮らし・安全,防災・防犯,夜道が暗く、街灯を増やしてほしい。改善をお願いします。
S00501,2026-06-04,広聴データベース,M区,まちづくり・環境,道路・交通,歩道が狭く、ベビーカーで通るのが怖い。
S00502,2026-06-04,広聴データベース,I区,まちづくり・環境,ごみ・環境,ごみの分別が分かりにくく、収集日も覚えられない
S00503,2026-06-04,広聴データベース,G区,まちづくり・環境,道路・交通,地域の循環バスが便利で、買い物に助かっている
S00504,2026-06-04,広聴データベース,I区,まちづくり・環境,道路・交通,地域の循環バスが便利で、買い物に助かっている。ありがとうございます。
S00505,2026-06-05,広聴データベース,Q区,暮らし・安全,防災・防犯,避難場所がどこか分からず、子どもと逃げられるか心配。改善をお願いします。
S00506,2026-06-05,広聴データベース,D区,まちづくり・環境,道路・交通,駅前の放置自転車が多い。改善をお願いします。
S00507,2026-06-05,広聴データベース,O区,子育て・教育,保育・幼稚園,保育園の空きがなく、育休明けの復職に間に合わない
S00508,2026-06-05,広聴データベース,K区,子育て・教育,子育て支援,子育て支援拠点のイベントが充実していて満足度が高い。
S00509,2026-06-05,広聴データベース,C区,子育て・教育,保育・幼稚園,保育園の空きがなく、育休明けの復職に間に合わない。何とかならないでしょうか。
S00510,2026-06-05,広聴データベース,E区,暮らし・安全,区役所の窓口,区役所の職員の対応が丁寧で、満足度は高い。ありがとうございます。
S00511,2026-06-06,広聴データベース,B区,子育て・教育,学校・教育,学校の先生が丁寧に相談に乗ってくれて安心できた
S00512,2026-06-06,広聴データベース,H区,子育て・教育,子育て支援,子育て中で、雨の日でも子どもを遊ばせられる場所がほしい。
S00513,2026-06-06,広聴データベース,G区,まちづくり・環境,公園・緑,公園の遊具が古く、子どもを遊ばせるのが不安
S00514,2026-06-06,広聴データベース,K区,まちづくり・環境,道路・交通,バスの本数が減り、駅まで出るのが大変になった。改善をお願いします。
S00515,2026-06-06,広聴データベース,Q区,まちづくり・環境,道路・交通,歩道が狭く、ベビーカーで通るのが怖い。改善をお願いします。
S00516,2026-06-06,広聴データベース,G区,暮らし・安全,防災・防犯,避難場所がどこか分からず、子どもと逃げられるか心配。何とかならないでしょうか。
S00517,2026-06-06,広聴データベース,B区,まちづくり・環境,公園・緑,子育てしやすいよう、公園に日陰とベンチを増やしてほしい。検討をお願いします。
S00518,2026-06-06,広聴データベース,N区,暮らし・安全,福祉・高齢者,高齢者が公園で集まれる場所があると良い。
S00519,2026-06-07,広聴データベース,D区,子育て・教育,子育て支援,子育て中で、雨の日でも子どもを遊ばせられる場所がほしい
S00520,2026-06-07,広聴データベース,L区,暮らし・安全,防災・防犯,避難場所がどこか分からず、子どもと逃げられるか心配。改善をお願いします。
S00521,2026-06-07,広聴データベース,P区,まちづくり・環境,ごみ・環境,ごみの分別が分かりにくく、収集日も覚えられない。
S00522,2026-06-07,広聴データベース,A区,まちづくり・環境,公園・緑,公園の遊具は安全性が高いと感じる。
S00523,2026-06-07,広聴データベース,R区,子育て・教育,保育・幼稚園,保育園の先生方の対応が丁寧で安心して預けられる。
S00524,2026-06-07,広聴データベース,L区,子育て・教育,学校・教育,通学路の見守りが少なく、子どもの登下校が心配。改善をお願いします。
S00525,2026-06-07,広聴データベース,P区,子育て・教育,子育て支援,子育て中で、雨の日でも子どもを遊ばせられる場所がほしい
S00526,2026-06-07,広聴データベース,H区,暮らし・安全,福祉・高齢者,高齢者の介護の相談先が分からず困っている。
S00527,2026-06-07,広聴データベース,E区,暮らし・安全,区役所の窓口,区役所の窓口の待ち時間が長い。何とかならないでしょうか。
S00528,2026-06-07,広聴データベース,F区,子育て・教育,子育て支援,子育て中で、雨の日でも子どもを遊ばせられる場所がほしい。検討をお願いします。
S00529,2026-06-07,広聴データベース,N区,子育て・教育,子育て支援,子育て中で、雨の日でも子どもを遊ばせられる場所がほしい。
S00530,2026-06-07,広聴データベース,F区,子育て・教育,保育・幼稚園,一時保育の予約が取りにくい
S00531,2026-06-07,広聴データベース,I区,まちづくり・環境,ごみ・環境,集積場所がカラスに荒らされる
S00532,2026-06-07,広聴データベース,M区,まちづくり・環境,公園・緑,公園の遊具が古く、子どもを遊ばせるのが不安
S00533,2026-06-07,広聴データベース,Q区,子育て・教育,保育・幼稚園,保育園の先生方の対応が丁寧で安心して預けられる。ありがとうございます。
S00534,2026-06-08,広聴データベース,Q区,まちづくり・環境,ごみ・環境,ごみの収集が時間どおりで助かっている。ありがとうございます。
S00535,2026-06-08,広聴データベース,M区,子育て・教育,保育・幼稚園,保育園の空きがなく、育休明けの復職に間に合わない。何とかならないでしょうか。
S00536,2026-06-08,広聴データベース,I区,子育て・教育,子育て支援,子育ての相談窓口がどこか分かりにくい。何とかならないでしょうか。
S00537,2026-06-08,広聴データベース,B区,子育て・教育,保育・幼稚園,保育料が高いので、二人目を考えると負担が大きい。
S00538,2026-06-08,広聴データベース,D区,まちづくり・環境,公園・緑,子育て世帯が多いのに、近くに公園が少ない
S00539,2026-06-08,広聴データベース,R区,まちづくり・環境,公園・緑,子育て世帯が多いのに、近くに公園が少ない。何とかならないでしょうか。
S00540,2026-06-08,広聴データベース,Q区,まちづくり・環境,公園・緑,子育て世帯が多いのに、近くに公園が少ない。改善をお願いします。
S00541,2026-06-09,広聴データベース,F区,暮らし・安全,防災・防犯,夜道が暗く、街灯を増やしてほしい
S00542,2026-06-09,広聴データベース,E区,子育て・教育,保育・幼稚園,保育料が高いので、二人目を考えると負担が大きい
S00543,2026-06-09,広聴データベース,O区,暮らし・安全,福祉・高齢者,高齢者の介護の相談先が分からず困っている。何とかならないでしょうか。
S00544,2026-06-09,広聴データベース,N区,子育て・教育,学校・教育,放課後の居場所が足りない。何とかならないでしょうか。
S00545,2026-06-09,広聴データベース,B区,まちづくり・環境,道路・交通,バスの本数が減り、駅まで出るのが大変になった。改善をお願いします。
S00546,2026-06-09,広聴データベース,E区,まちづくり・環境,公園・緑,子育て世帯が多いのに、近くに公園が少ない
S00547,2026-06-09,広聴データベース,R区,まちづくり・環境,公園・緑,公園の遊具が古く、子どもを遊ばせるのが不安。
S00548,2026-06-09,広聴データベース,J区,まちづくり・環境,公園・緑,公園の遊具が古く、子どもを遊ばせるのが不安。何とかならないでしょうか。
S00549,2026-06-09,広聴データベース,I区,子育て・教育,保育・幼稚園,保育園の空きがなく、育休明けの復職に間に合わない。
S00550,2026-06-09,広聴データベース,H区,子育て・教育,保育・幼稚園,一時保育の予約が取りにくい。改善をお願いします。
S00551,2026-06-10,広聴データベース,C区,まちづくり・環境,公園・緑,公園の遊具が古く、子どもを遊ばせるのが不安。
S00552,2026-06-10,広聴データベース,E区,子育て・教育,学校・教育,学校の先生が丁寧に相談に乗ってくれて安心できた。
S00553,2026-06-10,広聴データベース,O区,暮らし・安全,区役所の窓口,区役所の手続きがオンラインでできて便利になった。
S00554,2026-06-10,広聴データベース,J区,暮らし・安全,福祉・高齢者,高齢者の介護の相談先が分からず困っている
S00555,2026-06-10,広聴データベース,H区,子育て・教育,学校・教育,放課後の居場所が足りない。
S00556,2026-06-10,広聴データベース,N区,子育て・教育,保育・幼稚園,保育料が高いので、二人目を考えると負担が大きい。
S00557,2026-06-10,広聴データベース,N区,子育て・教育,保育・幼稚園,保育園の先生方の対応が丁寧で安心して預けられる
S00558,2026-06-10,広聴データベース,Q区,まちづくり・環境,道路・交通,駅前の放置自転車が多い。何とかならないでしょうか。
S00559,2026-06-10,広聴データベース,I区,まちづくり・環境,道路・交通,駅前の放置自転車が多い。
S00560,2026-06-10,広聴データベース,H区,子育て・教育,子育て支援,子育て中で、雨の日でも子どもを遊ばせられる場所がほしい
S00561,2026-06-10,広聴データベース,J区,暮らし・安全,福祉・高齢者,高齢者の介護の相談先が分からず困っている
S00562,2026-06-10,広聴データベース,G区,子育て・教育,学校・教育,放課後の居場所が足りない
S00563,2026-06-11,広聴データベース,M区,子育て・教育,保育・幼稚園,保育料が高いので、二人目を考えると負担が大きい。何とかならないでしょうか。
S00564,2026-06-11,広聴データベース,G区,暮らし・安全,福祉・高齢者,高齢者の介護の相談先が分からず困っている。
S00565,2026-06-11,広聴データベース,P区,まちづくり・環境,公園・緑,子育てしやすいよう、公園に日陰とベンチを増やしてほしい
S00566,2026-06-11,広聴データベース,O区,まちづくり・環境,公園・緑,公園の遊具が古く、子どもを遊ばせるのが不安。改善をお願いします。
S00567,2026-06-11,広聴データベース,N区,まちづくり・環境,ごみ・環境,集積場所がカラスに荒らされる。何とかならないでしょうか。
S00568,2026-06-11,広聴データベース,K区,まちづくり・環境,公園・緑,子育て世帯が多いのに、近くに公園が少ない。改善をお願いします。
S00569,2026-06-12,広聴データベース,A区,子育て・教育,保育・幼稚園,保育料が高いので、二人目を考えると負担が大きい。改善をお願いします。
S00570,2026-06-12,広聴データベース,L区,子育て・教育,子育て支援,子育て支援拠点のイベントが充実していて満足度が高い。ありがとうございます。
S00571,2026-06-12,広聴データベース,A区,まちづくり・環境,公園・緑,公園の遊具が古く、子どもを遊ばせるのが不安。何とかならないでしょうか。
S00572,2026-06-12,広聴データベース,M区,まちづくり・環境,公園・緑,子育て世帯が多いのに、近くに公園が少ない。
S00573,2026-06-12,広聴データベース,C区,まちづくり・環境,公園・緑,公園の遊具が古く、子どもを遊ばせるのが不安
S00574,2026-06-12,広聴データベース,B区,まちづくり・環境,ごみ・環境,ごみの収集が時間どおりで助かっている。
S00575,2026-06-12,広聴データベース,P区,暮らし・安全,福祉・高齢者,地域包括支援センターの職員の対応が良い。ありがとうございます。
S00576,2026-06-12,広聴データベース,N区,子育て・教育,保育・幼稚園,保育料が高いので、二人目を考えると負担が大きい
S00577,2026-06-12,広聴データベース,O区,まちづくり・環境,道路・交通,駅前の放置自転車が多い。何とかならないでしょうか。
S00578,2026-06-12,広聴データベース,H区,まちづくり・環境,公園・緑,公園の遊具が古く、子どもを遊ばせるのが不安。
S00579,2026-06-13,広聴データベース,J区,暮らし・安全,福祉・高齢者,高齢者の介護の相談先が分からず困っている。何とかならないでしょうか。
S00580,2026-06-13,広聴データベース,K区,まちづくり・環境,公園・緑,子育て世帯が多いのに、近くに公園が少ない。改善をお願いします。
S00581,2026-06-13,広聴データベース,L区,子育て・教育,学校・教育,通学路の見守りが少なく、子どもの登下校が心配。改善をお願いします。
S00582,2026-06-13,広聴データベース,A区,暮らし・安全,福祉・高齢者,地域包括支援センターの職員の対応が良い
S00583,2026-06-13,広聴データベース,L区,まちづくり・環境,道路・交通,駅前の再整備で歩道が広くなり、歩きやすくなった
S00584,2026-06-13,広聴データベース,F区,まちづくり・環境,公園・緑,子育てしやすいよう、公園に日陰とベンチを増やしてほしい
S00585,2026-06-14,広聴データベース,M区,子育て・教育,保育・幼稚園,一時保育の予約が取りにくい。改善をお願いします。
S00586,2026-06-14,広聴データベース,D区,まちづくり・環境,公園・緑,子育て世帯が多いのに、近くに公園が少ない
S00587,2026-06-14,広聴データベース,O区,まちづくり・環境,ごみ・環境,ごみの分別が分かりにくく、収集日も覚えられない。
S00588,2026-06-14,広聴データベース,D区,子育て・教育,学校・教育,学校の情報発信が分かりやすくなって良い
S00589,2026-06-14,広聴データベース,R区,まちづくり・環境,公園・緑,子育て世帯が多いのに、近くに公園が少ない。何とかならないでしょうか。
S00590,2026-06-14,広聴データベース,K区,子育て・教育,保育・幼稚園,保育園の先生方の対応が丁寧で安心して預けられる
S00591,2026-06-14,広聴データベース,J区,子育て・教育,学校・教育,通学路の見守りが少なく、子どもの登下校が心配。改善をお願いします。
S00592,2026-06-15,広聴データベース,F区,子育て・教育,保育・幼稚園,保育園の空きがなく、育休明けの復職に間に合わない。何とかならないでしょうか。
S00593,2026-06-15,広聴データベース,N区,子育て・教育,保育・幼稚園,一時保育の予約が取りにくい
S00594,2026-06-15,広聴データベース,L区,まちづくり・環境,ごみ・環境,ごみの分別が分かりにくく、収集日も覚えられない
S00595,2026-06-15,広聴データベース,F区,子育て・教育,保育・幼稚園,保育料が高いので、二人目を考えると負担が大きい
S00596,2026-06-15,広聴データベース,L区,まちづくり・環境,公園・緑,子育て世帯が多いのに、近くに公園が少ない
S00597,2026-06-16,広聴データベース,O区,暮らし・安全,区役所の窓口,区役所の手続きがオンラインでできて便利になった
S00598,2026-06-16,広聴データベース,B区,子育て・教育,保育・幼稚園,保育料が高いので、二人目を考えると負担が大きい。何とかならないでしょうか。
S00599,2026-06-16,広聴データベース,H区,子育て・教育,学校・教育,学校の先生が丁寧に相談に乗ってくれて安心できた。
S00600,2026-06-16,広聴データベース,I区,まちづくり・環境,道路・交通,バスの本数が減り、駅まで出るのが大変になった。何とかならないでしょうか。
S00601,2026-06-16,広聴データベース,Q区,子育て・教育,保育・幼稚園,保育料が高いので、二人目を考えると負担が大きい
S00602,2026-06-16,広聴データベース,G区,暮らし・安全,区役所の窓口,区役所の窓口の待ち時間が長い。
S00603,2026-06-16,広聴データベース,G区,子育て・教育,保育・幼稚園,保育園の空きがなく、育休明けの復職に間に合わない。何とかならないでしょうか。
S00604,2026-06-16,広聴データベース,H区,まちづくり・環境,道路・交通,地域の循環バスが便利で、買い物に助かっている
S00605,2026-06-17,広聴データベース,M区,まちづくり・環境,道路・交通,バスの本数が減り、駅まで出るのが大変になった
S00606,2026-06-17,広聴データベース,E区,まちづくり・環境,道路・交通,バスの本数が減り、駅まで出るのが大変になった。
S00607,2026-06-17,広聴データベース,P区,子育て・教育,保育・幼稚園,保育園の空きがなく、育休明けの復職に間に合わない。
S00608,2026-06-17,広聴データベース,J区,暮らし・安全,福祉・高齢者,高齢者の介護の相談先が分からず困っている
S00609,2026-06-17,広聴データベース,N区,まちづくり・環境,公園・緑,公園の遊具が古く、子どもを遊ばせるのが不安。改善をお願いします。
S00610,2026-06-17,広聴データベース,G区,子育て・教育,保育・幼稚園,保育園の空きがなく、育休明けの復職に間に合わない。
S00611,2026-06-17,広聴データベース,O区,まちづくり・環境,道路・交通,駅前の放置自転車が多い。何とかならないでしょうか。
S00612,2026-06-17,広聴データベース,E区,子育て・教育,子育て支援,子育て中で、雨の日でも子どもを遊ばせられる場所がほしい。
S00613,2026-06-17,広聴データベース,P区,暮らし・安全,防災・防犯,夜道が暗く、街灯を増やしてほしい。改善をお願いします。
S00614,2026-06-18,広聴データベース,M区,まちづくり・環境,道路・交通,地域の循環バスが便利で、買い物に助かっている。
S00615,2026-06-18,広聴データベース,E区,まちづくり・環境,道路・交通,駅前の再整備で歩道が広くなり、歩きやすくなった
S00616,2026-06-18,広聴データベース,J区,暮らし・安全,区役所の窓口,区役所の窓口の待ち時間が長い。何とかならないでしょうか。
S00617,2026-06-18,広聴データベース,A区,まちづくり・環境,ごみ・環境,ごみの分別が分かりにくく、収集日も覚えられない。
S00618,2026-06-18,広聴データベース,A区,まちづくり・環境,公園・緑,子育て世帯が多いのに、近くに公園が少ない。
S00619,2026-06-18,広聴データベース,R区,まちづくり・環境,ごみ・環境,ごみの収集が時間どおりで助かっている。ありがとうございます。
S00620,2026-06-18,広聴データベース,H区,暮らし・安全,福祉・高齢者,高齢者の介護の相談先が分からず困っている
S00621,2026-06-18,広聴データベース,A区,暮らし・安全,福祉・高齢者,高齢者の介護の相談先が分からず困っている
S00622,2026-06-18,広聴データベース,Q区,まちづくり・環境,ごみ・環境,ごみの分別が分かりにくく、収集日も覚えられない。
S00623,2026-06-19,広聴データベース,R区,子育て・教育,保育・幼稚園,保育料が高いので、二人目を考えると負担が大きい。
S00624,2026-06-19,広聴データベース,D区,暮らし・安全,防災・防犯,避難場所がどこか分からず、子どもと逃げられるか心配
S00625,2026-06-19,広聴データベース,A区,子育て・教育,保育・幼稚園,一時保育の予約が取りにくい
S00626,2026-06-19,広聴データベース,C区,子育て・教育,子育て支援,子育て中で、雨の日でも子どもを遊ばせられる場所がほしい。検討をお願いします。
S00627,2026-06-19,広聴データベース,A区,子育て・教育,保育・幼稚園,保育園の空きがなく、育休明けの復職に間に合わない。
S00628,2026-06-19,広聴データベース,P区,まちづくり・環境,道路・交通,駅前の放置自転車が多い。改善をお願いします。
S00629,2026-06-19,広聴データベース,R区,暮らし・安全,防災・防犯,避難場所がどこか分からず、子どもと逃げられるか心配
S00630,2026-06-19,広聴データベース,M区,まちづくり・環境,道路・交通,駅前の放置自転車が多い。改善をお願いします。
S00631,2026-06-20,広聴データベース,R区,暮らし・安全,防災・防犯,夜道が暗く、街灯を増やしてほしい。何とかならないでしょうか。
S00632,2026-06-20,広聴データベース,C区,まちづくり・環境,ごみ・環境,ごみの分別が分かりにくく、収集日も覚えられない。
S00633,2026-06-20,広聴データベース,P区,子育て・教育,学校・教育,通学路の見守りが少なく、子どもの登下校が心配。改善をお願いします。
S00634,2026-06-20,広聴データベース,A区,子育て・教育,学校・教育,通学路の見守りが少なく、子どもの登下校が心配
S00635,2026-06-20,広聴データベース,G区,まちづくり・環境,ごみ・環境,集積場所がカラスに荒らされる。何とかならないでしょうか。
S00636,2026-06-20,広聴データベース,I区,まちづくり・環境,道路・交通,駅前の放置自転車が多い。改善をお願いします。
S00637,2026-06-20,広聴データベース,M区,子育て・教育,子育て支援,子育ての相談窓口がどこか分かりにくい
S00638,2026-06-20,広聴データベース,B区,まちづくり・環境,ごみ・環境,集積場所がカラスに荒らされる。改善をお願いします。
S00639,2026-06-20,広聴データベース,K区,まちづくり・環境,道路・交通,歩道が狭く、ベビーカーで通るのが怖い。改善をお願いします。
S00640,2026-06-20,広聴データベース,A区,子育て・教育,学校・教育,通学路の見守りが少なく、子どもの登下校が心配。何とかならないでしょうか。
S00641,2026-06-21,広聴データベース,F区,まちづくり・環境,道路・交通,歩道が狭く、ベビーカーで通るのが怖い。
S00642,2026-06-21,広聴データベース,K区,子育て・教育,保育・幼稚園,一時保育の予約が取りにくい。何とかならないでしょうか。
S00643,2026-06-21,広聴データベース,D区,まちづくり・環境,ごみ・環境,ごみの収集が時間どおりで助かっている。
S00644,2026-06-21,広聴データベース,N区,子育て・教育,保育・幼稚園,保育料が高いので、二人目を考えると負担が大きい
S00645,2026-06-21,広聴データベース,Q区,まちづくり・環境,道路・交通,地域の循環バスが便利で、買い物に助かっている。ありがとうございます。
S00646,2026-06-22,広聴データベース,L区,まちづくり・環境,道路・交通,駅前の放置自転車が多い。何とかならないでしょうか。
S00647,2026-06-22,広聴データベース,K区,暮らし・安全,防災・防犯,夜道が暗く、街灯を増やしてほしい。何とかならないでしょうか。
S00648,2026-06-22,広聴データベース,M区,まちづくり・環境,道路・交通,バスの本数が減り、駅まで出るのが大変になった。何とかならないでしょうか。
S00649,2026-06-22,広聴データベース,J区,まちづくり・環境,道路・交通,駅前の再整備で歩道が広くなり、歩きやすくなった。ありがとうございます。
S00650,2026-06-22,広聴データベース,O区,暮らし・安全,福祉・高齢者,高齢者が公園で集まれる場所があると良い。
S00651,2026-06-22,広聴データベース,I区,暮らし・安全,防災・防犯,避難場所がどこか分からず、子どもと逃げられるか心配。
S00652,2026-06-22,広聴データベース,B区,まちづくり・環境,ごみ・環境,集積場所がカラスに荒らされる。改善をお願いします。
S00653,2026-06-22,広聴データベース,N区,暮らし・安全,防災・防犯,夜道が暗く、街灯を増やしてほしい。何とかならないでしょうか。
S00654,2026-06-22,広聴データベース,H区,暮らし・安全,防災・防犯,避難場所がどこか分からず、子どもと逃げられるか心配。
S00655,2026-06-22,広聴データベース,O区,まちづくり・環境,道路・交通,駅前の放置自転車が多い
S00656,2026-06-22,広聴データベース,G区,子育て・教育,保育・幼稚園,保育料が高いので、二人目を考えると負担が大きい。改善をお願いします。
S00657,2026-06-22,広聴データベース,L区,子育て・教育,子育て支援,子育ての相談窓口がどこか分かりにくい
S00658,2026-06-22,広聴データベース,M区,まちづくり・環境,道路・交通,歩道が狭く、ベビーカーで通るのが怖い。何とかならないでしょうか。
S00659,2026-06-22,広聴データベース,C区,まちづくり・環境,公園・緑,子育て世帯が多いのに、近くに公園が少ない。
S00660,2026-06-22,広聴データベース,H区,まちづくり・環境,ごみ・環境,ごみの分別が分かりにくく、収集日も覚えられない。
S00661,2026-06-23,広聴データベース,B区,子育て・教育,保育・幼稚園,一時保育の予約が取りにくい。何とかならないでしょうか。
S00662,2026-06-23,広聴データベース,L区,暮らし・安全,区役所の窓口,区役所の手続きがオンラインでできて便利になった。
S00663,2026-06-23,広聴データベース,K区,まちづくり・環境,ごみ・環境,地域の清掃活動で街がきれいになり、住みやすい。ありがとうございます。
S00664,2026-06-23,広聴データベース,C区,まちづくり・環境,公園・緑,公園の遊具が古く、子どもを遊ばせるのが不安
S00665,2026-06-23,広聴データベース,L区,まちづくり・環境,ごみ・環境,集積場所がカラスに荒らされる。
S00666,2026-06-23,広聴データベース,B区,まちづくり・環境,公園・緑,子育て世帯が多いのに、近くに公園が少ない
S00667,2026-06-23,広聴データベース,P区,まちづくり・環境,公園・緑,公園の遊具が古く、子どもを遊ばせるのが不安。
S00668,2026-06-23,広聴データベース,L区,子育て・教育,保育・幼稚園,一時保育の予約が取りにくい。改善をお願いします。
S00669,2026-06-24,広聴データベース,E区,まちづくり・環境,ごみ・環境,地域の清掃活動で街がきれいになり、住みやすい。
S00670,2026-06-24,広聴データベース,K区,子育て・教育,保育・幼稚園,保育園の先生方の対応が丁寧で安心して預けられる
S00671,2026-06-24,広聴データベース,F区,まちづくり・環境,道路・交通,歩道が狭く、ベビーカーで通るのが怖い。改善をお願いします。
S00672,2026-06-24,広聴データベース,B区,子育て・教育,保育・幼稚園,保育園の空きがなく、育休明けの復職に間に合わない。
S00673,2026-06-24,広聴データベース,Q区,まちづくり・環境,道路・交通,歩道が狭く、ベビーカーで通るのが怖い。
S00674,2026-06-24,広聴データベース,C区,暮らし・安全,防災・防犯,夜道が暗く、街灯を増やしてほしい。改善をお願いします。
S00675,2026-06-24,広聴データベース,K区,子育て・教育,子育て支援,子育て中で、雨の日でも子どもを遊ばせられる場所がほしい。検討をお願いします。
S00676,2026-06-24,広聴データベース,E区,暮らし・安全,区役所の窓口,区役所の手続きがオンラインでできて便利になった。
S00677,2026-06-25,広聴データベース,E区,まちづくり・環境,道路・交通,駅前の放置自転車が多い。何とかならないでしょうか。
S00678,2026-06-25,広聴データベース,N区,まちづくり・環境,道路・交通,歩道が狭く、ベビーカーで通るのが怖い。何とかならないでしょうか。
S00679,2026-06-25,広聴データベース,F区,子育て・教育,保育・幼稚園,保育園の空きがなく、育休明けの復職に間に合わない
S00680,2026-06-25,広聴データベース,I区,まちづくり・環境,ごみ・環境,集積場所がカラスに荒らされる。何とかならないでしょうか。
S00681,2026-06-25,広聴データベース,Q区,まちづくり・環境,公園・緑,子育て世帯が多いのに、近くに公園が少ない
S00682,2026-06-25,広聴データベース,O区,まちづくり・環境,公園・緑,子育て世帯が多いのに、近くに公園が少ない。
S00683,2026-06-25,広聴データベース,Q区,子育て・教育,保育・幼稚園,保育料が高いので、二人目を考えると負担が大きい。改善をお願いします。
S00684,2026-06-25,広聴データベース,H区,暮らし・安全,区役所の窓口,区役所の窓口の待ち時間が長い。
S00685,2026-06-26,広聴データベース,M区,子育て・教育,子育て支援,子育ての相談窓口がどこか分かりにくい
S00686,2026-06-26,広聴データベース,N区,まちづくり・環境,道路・交通,バスの本数が減り、駅まで出るのが大変になった。改善をお願いします。
S00687,2026-06-26,広聴データベース,R区,まちづくり・環境,道路・交通,駅前の放置自転車が多い。
S00688,2026-06-26,広聴データベース,J区,まちづくり・環境,公園・緑,公園がきれいになったのは良いが、トイレが古いままで残念。
S00689,2026-06-26,広聴データベース,I区,暮らし・安全,防災・防犯,夜道が暗く、街灯を増やしてほしい。改善をお願いします。
S00690,2026-06-26,広聴データベース,O区,まちづくり・環境,公園・緑,子育て世帯が多いのに、近くに公園が少ない。何とかならないでしょうか。
S00691,2026-06-26,広聴データベース,B区,子育て・教育,学校・教育,放課後の居場所が足りない
S00692,2026-06-26,広聴データベース,H区,子育て・教育,保育・幼稚園,一時保育の予約が取りにくい。
S00693,2026-06-26,広聴データベース,L区,まちづくり・環境,道路・交通,地域の循環バスが便利で、買い物に助かっている
S00694,2026-06-27,広聴データベース,D区,子育て・教育,学校・教育,放課後の居場所が足りない。何とかならないでしょうか。
S00695,2026-06-27,広聴データベース,A区,まちづくり・環境,道路・交通,駅前の再整備で歩道が広くなり、歩きやすくなった。ありがとうございます。
S00696,2026-06-27,広聴データベース,M区,子育て・教育,保育・幼稚園,保育園の空きがなく、育休明けの復職に間に合わない。何とかならないでしょうか。
S00697,2026-06-27,広聴データベース,K区,暮らし・安全,福祉・高齢者,高齢者の介護の相談先が分からず困っている。
S00698,2026-06-27,広聴データベース,A区,まちづくり・環境,道路・交通,歩道が狭く、ベビーカーで通るのが怖い。改善をお願いします。
S00699,2026-06-27,広聴データベース,P区,まちづくり・環境,公園・緑,公園の遊具は安全性が高いと感じる
S00700,2026-06-27,広聴データベース,A区,暮らし・安全,福祉・高齢者,地域包括支援センターの職員の対応が良い
S00701,2026-06-27,広聴データベース,Q区,子育て・教育,保育・幼稚園,保育園の空きがなく、育休明けの復職に間に合わない
S00702,2026-06-27,広聴データベース,H区,まちづくり・環境,ごみ・環境,集積場所がカラスに荒らされる。何とかならないでしょうか。
S00703,2026-06-28,広聴データベース,Q区,子育て・教育,保育・幼稚園,保育園の空きがなく、育休明けの復職に間に合わない。何とかならないでしょうか。
S00704,2026-06-28,広聴データベース,R区,暮らし・安全,防災・防犯,夜道が暗く、街灯を増やしてほしい。
S00705,2026-06-28,広聴データベース,A区,子育て・教育,保育・幼稚園,保育園の空きがなく、育休明けの復職に間に合わない。改善をお願いします。
S00706,2026-06-28,広聴データベース,I区,まちづくり・環境,道路・交通,駅前の放置自転車が多い。何とかならないでしょうか。
S00707,2026-06-28,広聴データベース,O区,子育て・教育,保育・幼稚園,保育園の先生方の対応が丁寧で安心して預けられる
S00708,2026-06-28,広聴データベース,A区,子育て・教育,子育て支援,子育ての相談窓口がどこか分かりにくい
S00709,2026-06-28,広聴データベース,J区,暮らし・安全,防災・防犯,夜道が暗く、街灯を増やしてほしい。何とかならないでしょうか。
S00710,2026-06-28,広聴データベース,F区,暮らし・安全,防災・防犯,夜道が暗く、街灯を増やしてほしい
S00711,2026-06-28,広聴データベース,L区,暮らし・安全,福祉・高齢者,高齢者が公園で集まれる場所があると良い。
S00712,2026-06-28,広聴データベース,J区,子育て・教育,保育・幼稚園,一時保育の予約が取りにくい
S00713,2026-06-28,広聴データベース,I区,子育て・教育,保育・幼稚園,一時保育の予約が取りにくい。
S00714,2026-06-28,広聴データベース,D区,暮らし・安全,福祉・高齢者,高齢者が公園で集まれる場所があると良い。検討をお願いします。
S00715,2026-07-01,区民意識調査,M区,まちづくり・環境,道路・交通,バスの本数が減り、駅まで出るのが大変になった。
S00716,2026-07-01,区民意識調査,C区,子育て・教育,保育・幼稚園,保育園の先生方の対応が丁寧で安心して預けられる
S00717,2026-07-01,区民意識調査,J区,子育て・教育,子育て支援,子育ての相談窓口がどこか分かりにくい。改善をお願いします。
S00718,2026-07-01,区民意識調査,N区,子育て・教育,保育・幼稚園,保育料が高いので、二人目を考えると負担が大きい。
S00719,2026-07-01,区民意識調査,H区,子育て・教育,保育・幼稚園,保育園の空きがなく、育休明けの復職に間に合わない。何とかならないでしょうか。
S00720,2026-07-01,区民意識調査,P区,子育て・教育,保育・幼稚園,一時保育の予約が取りにくい。改善をお願いします。
S00721,2026-07-01,区民意識調査,P区,暮らし・安全,防災・防犯,避難場所がどこか分からず、子どもと逃げられるか心配。何とかならないでしょうか。
S00722,2026-07-01,区民意識調査,N区,まちづくり・環境,ごみ・環境,地域の清掃活動で街がきれいになり、住みやすい。ありがとうございます。
S00723,2026-07-01,区民意識調査,O区,まちづくり・環境,道路・交通,歩道が狭く、ベビーカーで通るのが怖い。
S00724,2026-07-01,広聴データベース,H区,子育て・教育,保育・幼稚園,保育園の空きがなく、育休明けの復職に間に合わない
S00725,2026-07-01,区民意識調査,R区,まちづくり・環境,公園・緑,子育てしやすいよう、公園に日陰とベンチを増やしてほしい
S00726,2026-07-01,区民意識調査,K区,まちづくり・環境,ごみ・環境,ごみの収集が時間どおりで助かっている。ありがとうございます。
S00727,2026-07-01,区民意識調査,M区,子育て・教育,学校・教育,学校の先生が丁寧に相談に乗ってくれて安心できた。ありがとうございます。
S00728,2026-07-01,区民意識調査,I区,まちづくり・環境,公園・緑,子育て世帯が多いのに、近くに公園が少ない。
S00729,2026-07-01,区民意識調査,J区,子育て・教育,子育て支援,子育て支援拠点のイベントが充実していて満足度が高い。
S00730,2026-07-01,区民意識調査,P区,暮らし・安全,区役所の窓口,区役所の職員の対応が丁寧で、満足度は高い
S00731,2026-07-01,区民意識調査,B区,子育て・教育,保育・幼稚園,保育園の空きがなく、育休明けの復職に間に合わない
S00732,2026-07-01,区民意識調査,N区,まちづくり・環境,道路・交通,バスの本数が減り、駅まで出るのが大変になった。
S00733,2026-07-01,区民意識調査,N区,まちづくり・環境,道路・交通,地域の循環バスが便利で、買い物に助かっている
S00734,2026-07-01,区民意識調査,N区,まちづくり・環境,道路・交通,駅前の再整備で歩道が広くなり、歩きやすくなった。ありがとうございます。
S00735,2026-07-01,区民意識調査,P区,まちづくり・環境,道路・交通,駅前の放置自転車が多い
S00736,2026-07-01,区民意識調査,B区,子育て・教育,保育・幼稚園,保育料が高いので、二人目を考えると負担が大きい。
S00737,2026-07-01,区民意識調査,N区,まちづくり・環境,道路・交通,駅前の再整備で歩道が広くなり、歩きやすくなった
S00738,2026-07-01,区民意識調査,F区,子育て・教育,保育・幼稚園,保育料が高いので、二人目を考えると負担が大きい
S00739,2026-07-01,区民意識調査,N区,子育て・教育,子育て支援,子育ての相談窓口がどこか分かりにくい。
S00740,2026-07-01,区民意識調査,L区,まちづくり・環境,公園・緑,公園の遊具は安全性が高いと感じる。
S00741,2026-07-01,広聴データベース,R区,まちづくり・環境,ごみ・環境,集積場所がカラスに荒らされる。何とかならないでしょうか。
S00742,2026-07-01,区民意識調査,Q区,子育て・教育,保育・幼稚園,保育園の先生方の対応が丁寧で安心して預けられる。ありがとうございます。
S00743,2026-07-01,区民意識調査,G区,まちづくり・環境,公園・緑,子育て世帯が多いのに、近くに公園が少ない
S00744,2026-07-01,広聴データベース,M区,暮らし・安全,区役所の窓口,区役所の窓口の待ち時間が長い。
S00745,2026-07-01,区民意識調査,K区,子育て・教育,保育・幼稚園,保育園の先生方の対応が丁寧で安心して預けられる。ありがとうございます。
S00746,2026-07-01,区民意識調査,D区,暮らし・安全,福祉・高齢者,高齢者の介護の相談先が分からず困っている。
S00747,2026-07-01,区民意識調査,L区,暮らし・安全,区役所の窓口,区役所の窓口の待ち時間が長い。改善をお願いします。
S00748,2026-07-01,区民意識調査,B区,まちづくり・環境,公園・緑,公園がきれいになったのは良いが、トイレが古いままで残念。ありがとうございます。
S00749,2026-07-01,区民意識調査,A区,暮らし・安全,区役所の窓口,区役所の職員の対応が丁寧で、満足度は高い
S00750,2026-07-01,広聴データベース,F区,子育て・教育,保育・幼稚園,一時保育の予約が取りにくい
S00751,2026-07-01,区民意識調査,K区,暮らし・安全,防災・防犯,夜道が暗く、街灯を増やしてほしい。
S00752,2026-07-01,広聴データベース,D区,子育て・教育,子育て支援,子育て中で、雨の日でも子どもを遊ばせられる場所がほしい
S00753,2026-07-01,区民意識調査,H区,暮らし・安全,区役所の窓口,区役所の窓口の待ち時間が長い。何とかならないでしょうか。
S00754,2026-07-01,区民意識調査,O区,まちづくり・環境,公園・緑,公園の遊具が古く、子どもを遊ばせるのが不安。何とかならないでしょうか。
S00755,2026-07-01,広聴データベース,E区,暮らし・安全,防災・防犯,防災マップが分かりやすく、避難場所を家族で確認できた
S00756,2026-07-01,広聴データベース,N区,子育て・教育,保育・幼稚園,保育園の先生方の対応が丁寧で安心して預けられる。
S00757,2026-07-01,区民意識調査,F区,子育て・教育,子育て支援,子育ての相談窓口がどこか分かりにくい。何とかならないでしょうか。
S00758,2026-07-01,区民意識調査,H区,子育て・教育,子育て支援,子育ての相談窓口がどこか分かりにくい。
S00759,2026-07-01,区民意識調査,N区,まちづくり・環境,道路・交通,地域の循環バスが便利で、買い物に助かっている。ありがとうございます。
S00760,2026-07-01,区民意識調査,C区,まちづくり・環境,公園・緑,公園の遊具が古く、子どもを遊ばせるのが不安
S00761,2026-07-01,区民意識調査,H区,子育て・教育,子育て支援,子育ての相談窓口がどこか分かりにくい。
S00762,2026-07-01,区民意識調査,C区,まちづくり・環境,道路・交通,バスの本数が減り、駅まで出るのが大変になった。改善をお願いします。
S00763,2026-07-01,区民意識調査,K区,まちづくり・環境,公園・緑,子育てしやすいよう、公園に日陰とベンチを増やしてほしい
S00764,2026-07-01,区民意識調査,H区,子育て・教育,子育て支援,子育て支援拠点のイベントが充実していて満足度が高い。
S00765,2026-07-01,区民意識調査,E区,まちづくり・環境,道路・交通,駅前の再整備で歩道が広くなり、歩きやすくなった
S00766,2026-07-01,区民意識調査,A区,暮らし・安全,区役所の窓口,区役所の窓口の待ち時間が長い
S00767,2026-07-01,広聴データベース,M区,まちづくり・環境,公園・緑,公園の遊具が古く、子どもを遊ばせるのが不安。
S00768,2026-07-01,広聴データベース,G区,まちづくり・環境,公園・緑,公園の遊具が古く、子どもを遊ばせるのが不安。改善をお願いします。
S00769,2026-07-01,区民意識調査,P区,子育て・教育,子育て支援,子育て中で、雨の日でも子どもを遊ばせられる場所がほしい。
S00770,2026-07-01,広聴データベース,P区,暮らし・安全,防災・防犯,防災マップが分かりやすく、避難場所を家族で確認できた。
S00771,2026-07-01,区民意識調査,G区,まちづくり・環境,ごみ・環境,ごみの収集が時間どおりで助かっている
S00772,2026-07-01,区民意識調査,D区,暮らし・安全,防災・防犯,防災マップが分かりやすく、避難場所を家族で確認できた。
S00773,2026-07-01,広聴データベース,N区,まちづくり・環境,ごみ・環境,地域の清掃活動で街がきれいになり、住みやすい。ありがとうございます。
S00774,2026-07-01,区民意識調査,B区,子育て・教育,保育・幼稚園,保育園の空きがなく、育休明けの復職に間に合わない
S00775,2026-07-01,広聴データベース,A区,まちづくり・環境,道路・交通,駅前の放置自転車が多い。何とかならないでしょうか。
S00776,2026-07-01,区民意識調査,P区,まちづくり・環境,公園・緑,公園の遊具は安全性が高いと感じる
S00777,2026-07-01,区民意識調査,A区,子育て・教育,子育て支援,子育ての相談窓口がどこか分かりにくい。改善をお願いします。
S00778,2026-07-01,区民意識調査,E区,暮らし・安全,防災・防犯,防災マップが分かりやすく、避難場所を家族で確認できた
S00779,2026-07-01,広聴データベース,O区,まちづくり・環境,公園・緑,公園の遊具が古く、子どもを遊ばせるのが不安
S00780,2026-07-01,区民意識調査,G区,子育て・教育,学校・教育,学校の先生が丁寧に相談に乗ってくれて安心できた。ありがとうございます。
S00781,2026-07-01,区民意識調査,A区,暮らし・安全,防災・防犯,防災訓練に参加して、地域のつながりができて安心。
S00782,2026-07-01,区民意識調査,F区,子育て・教育,子育て支援,子育ての相談窓口がどこか分かりにくい。何とかならないでしょうか。
S00783,2026-07-01,広聴データベース,N区,子育て・教育,保育・幼稚園,保育園の空きがなく、育休明けの復職に間に合わない
S00784,2026-07-01,広聴データベース,R区,暮らし・安全,区役所の窓口,区役所の窓口の待ち時間が長い。
S00785,2026-07-01,区民意識調査,C区,まちづくり・環境,ごみ・環境,集積場所がカラスに荒らされる。何とかならないでしょうか。
S00786,2026-07-01,区民意識調査,C区,暮らし・安全,福祉・高齢者,高齢者の介護の相談先が分からず困っている。改善をお願いします。
S00787,2026-07-01,区民意識調査,M区,まちづくり・環境,道路・交通,バスの本数が減り、駅まで出るのが大変になった。
S00788,2026-07-01,区民意識調査,H区,子育て・教育,学校・教育,通学路の見守りが少なく、子どもの登下校が心配
S00789,2026-07-01,広聴データベース,N区,子育て・教育,子育て支援,子育ての相談窓口がどこか分かりにくい。何とかならないでしょうか。
S00790,2026-07-02,区民意識調査,N区,子育て・教育,保育・幼稚園,保育料が高いので、二人目を考えると負担が大きい。改善をお願いします。
S00791,2026-07-02,区民意識調査,M区,まちづくり・環境,道路・交通,バスの本数が減り、駅まで出るのが大変になった。何とかならないでしょうか。
S00792,2026-07-02,区民意識調査,L区,まちづくり・環境,公園・緑,子育てしやすいよう、公園に日陰とベンチを増やしてほしい。
S00793,2026-07-02,区民意識調査,Q区,まちづくり・環境,公園・緑,公園の遊具が古く、子どもを遊ばせるのが不安
S00794,2026-07-02,区民意識調査,G区,子育て・教育,保育・幼稚園,保育料が高いので、二人目を考えると負担が大きい。
S00795,2026-07-02,区民意識調査,Q区,まちづくり・環境,ごみ・環境,地域の清掃活動で街がきれいになり、住みやすい
S00796,2026-07-02,区民意識調査,B区,まちづくり・環境,ごみ・環境,ごみの分別が分かりにくく、収集日も覚えられない。改善をお願いします。
S00797,2026-07-02,区民意識調査,H区,子育て・教育,子育て支援,子育て支援拠点のイベントが充実していて満足度が高い。
S00798,2026-07-02,区民意識調査,Q区,まちづくり・環境,ごみ・環境,ごみの分別が分かりにくく、収集日も覚えられない。何とかならないでしょうか。
S00799,2026-07-02,広聴データベース,A区,暮らし・安全,防災・防犯,夜道が暗く、街灯を増やしてほしい。改善をお願いします。
S00800,2026-07-02,区民意識調査,D区,まちづくり・環境,道路・交通,地域の循環バスが便利で、買い物に助かっている。
S00801,2026-07-02,区民意識調査,D区,暮らし・安全,防災・防犯,防災訓練に参加して、地域のつながりができて安心
S00802,2026-07-02,広聴データベース,O区,暮らし・安全,区役所の窓口,区役所の手続きがオンラインでできて便利になった。
S00803,2026-07-02,区民意識調査,K区,暮らし・安全,区役所の窓口,区役所の窓口の待ち時間が長い
S00804,2026-07-02,区民意識調査,C区,子育て・教育,子育て支援,子育て支援拠点のイベントが充実していて満足度が高い
S00805,2026-07-02,区民意識調査,H区,まちづくり・環境,ごみ・環境,地域の清掃活動で街がきれいになり、住みやすい
S00806,2026-07-02,区民意識調査,K区,子育て・教育,保育・幼稚園,保育園の先生方の対応が丁寧で安心して預けられる。ありがとうございます。
S00807,2026-07-02,区民意識調査,H区,子育て・教育,保育・幼稚園,保育料が高いので、二人目を考えると負担が大きい。何とかならないでしょうか。
S00808,2026-07-02,広聴データベース,C区,子育て・教育,保育・幼稚園,保育園の空きがなく、育休明けの復職に間に合わない
S00809,2026-07-02,区民意識調査,O区,子育て・教育,学校・教育,通学路の見守りが少なく、子どもの登下校が心配
S00810,2026-07-02,広聴データベース,B区,まちづくり・環境,道路・交通,歩道が狭く、ベビーカーで通るのが怖い
S00811,2026-07-02,広聴データベース,R区,子育て・教育,保育・幼稚園,保育料が高いので、二人目を考えると負担が大きい。
S00812,2026-07-02,区民意識調査,P区,まちづくり・環境,道路・交通,駅前の放置自転車が多い
S00813,2026-07-02,区民意識調査,A区,まちづくり・環境,道路・交通,駅前の再整備で歩道が広くなり、歩きやすくなった。ありがとうございます。
S00814,2026-07-02,区民意識調査,B区,子育て・教育,学校・教育,学校の先生が丁寧に相談に乗ってくれて安心できた
S00815,2026-07-02,区民意識調査,E区,子育て・教育,保育・幼稚園,保育園の先生方の対応が丁寧で安心して預けられる
S00816,2026-07-02,区民意識調査,L区,子育て・教育,子育て支援,子育て支援拠点のイベントが充実していて満足度が高い。
S00817,2026-07-02,区民意識調査,P区,まちづくり・環境,ごみ・環境,集積場所がカラスに荒らされる。改善をお願いします。
S00818,2026-07-02,区民意識調査,Q区,まちづくり・環境,ごみ・環境,集積場所がカラスに荒らされる。何とかならないでしょうか。
S00819,2026-07-02,区民意識調査,H区,まちづくり・環境,ごみ・環境,地域の清掃活動で街がきれいになり、住みやすい
S00820,2026-07-02,広聴データベース,G区,暮らし・安全,防災・防犯,防災マップが分かりやすく、避難場所を家族で確認できた
S00821,2026-07-02,区民意識調査,L区,暮らし・安全,福祉・高齢者,高齢者の介護の相談先が分からず困っている。改善をお願いします。
S00822,2026-07-02,広聴データベース,C区,まちづくり・環境,公園・緑,子育て世帯が多いのに、近くに公園が少ない。何とかならないでしょうか。
S00823,2026-07-02,区民意識調査,H区,子育て・教育,保育・幼稚園,一時保育の予約が取りにくい。
S00824,2026-07-02,広聴データベース,R区,暮らし・安全,防災・防犯,防災マップが分かりやすく、避難場所を家族で確認できた。ありがとうございます。
S00825,2026-07-02,区民意識調査,A区,まちづくり・環境,ごみ・環境,ごみの収集が時間どおりで助かっている。
S00826,2026-07-02,区民意識調査,G区,まちづくり・環境,道路・交通,バスの本数が減り、駅まで出るのが大変になった
S00827,2026-07-02,区民意識調査,F区,まちづくり・環境,公園・緑,子育て世帯が多いのに、近くに公園が少ない。
S00828,2026-07-02,区民意識調査,E区,まちづくり・環境,ごみ・環境,ごみの分別が分かりにくく、収集日も覚えられない。
S00829,2026-07-02,区民意識調査,I区,子育て・教育,保育・幼稚園,保育料が高いので、二人目を考えると負担が大きい
S00830,2026-07-02,区民意識調査,K区,まちづくり・環境,道路・交通,バスの本数が減り、駅まで出るのが大変になった。何とかならないでしょうか。
S00831,2026-07-02,区民意識調査,A区,まちづくり・環境,ごみ・環境,集積場所がカラスに荒らされる。改善をお願いします。
S00832,2026-07-02,区民意識調査,P区,子育て・教育,学校・教育,学校の先生が丁寧に相談に乗ってくれて安心できた。ありがとうございます。
S00833,2026-07-02,区民意識調査,D区,暮らし・安全,福祉・高齢者,高齢者の介護の相談先が分からず困っている。何とかならないでしょうか。
S00834,2026-07-02,広聴データベース,N区,暮らし・安全,福祉・高齢者,高齢者の介護の相談先が分からず困っている
S00835,2026-07-02,区民意識調査,M区,まちづくり・環境,道路・交通,バスの本数が減り、駅まで出るのが大変になった
S00836,2026-07-02,区民意識調査,E区,子育て・教育,保育・幼稚園,保育園の空きがなく、育休明けの復職に間に合わない。
S00837,2026-07-02,区民意識調査,I区,暮らし・安全,防災・防犯,夜道が暗く、街灯を増やしてほしい
S00838,2026-07-02,区民意識調査,H区,子育て・教育,保育・幼稚園,保育園の先生方の対応が丁寧で安心して預けられる
S00839,2026-07-02,区民意識調査,J区,子育て・教育,保育・幼稚園,保育園の先生方の対応が丁寧で安心して預けられる。
S00840,2026-07-02,区民意識調査,L区,まちづくり・環境,公園・緑,子育てしやすいよう、公園に日陰とベンチを増やしてほしい
S00841,2026-07-02,区民意識調査,Q区,暮らし・安全,福祉・高齢者,高齢者の介護の相談先が分からず困っている。
S00842,2026-07-02,区民意識調査,O区,子育て・教育,学校・教育,学校の情報発信が分かりやすくなって良い。
S00843,2026-07-02,広聴データベース,A区,暮らし・安全,福祉・高齢者,高齢者の介護の相談先が分からず困っている。
S00844,2026-07-02,区民意識調査,R区,子育て・教育,保育・幼稚園,保育園の先生方の対応が丁寧で安心して預けられる。
S00845,2026-07-02,区民意識調査,J区,暮らし・安全,防災・防犯,夜道が暗く、街灯を増やしてほしい。改善をお願いします。
S00846,2026-07-02,広聴データベース,J区,まちづくり・環境,道路・交通,地域の循環バスが便利で、買い物に助かっている
S00847,2026-07-02,区民意識調査,G区,子育て・教育,子育て支援,子育ての相談窓口がどこか分かりにくい。何とかならないでしょうか。
S00848,2026-07-02,区民意識調査,M区,まちづくり・環境,公園・緑,公園がきれいになったのは良いが、トイレが古いままで残念
S00849,2026-07-02,区民意識調査,K区,子育て・教育,学校・教育,学校の情報発信が分かりやすくなって良い。ありがとうございます。
S00850,2026-07-02,区民意識調査,K区,子育て・教育,保育・幼稚園,保育料が高いので、二人目を考えると負担が大きい。何とかならないでしょうか。
S00851,2026-07-02,区民意識調査,A区,子育て・教育,学校・教育,学校の情報発信が分かりやすくなって良い
S00852,2026-07-02,区民意識調査,P区,暮らし・安全,福祉・高齢者,地域包括支援センターの職員の対応が良い。ありがとうございます。
S00853,2026-07-02,区民意識調査,C区,暮らし・安全,防災・防犯,防災マップが分かりやすく、避難場所を家族で確認できた。
S00854,2026-07-02,区民意識調査,I区,暮らし・安全,防災・防犯,避難場所がどこか分からず、子どもと逃げられるか心配。何とかならないでしょうか。
S00855,2026-07-02,区民意識調査,Q区,まちづくり・環境,道路・交通,駅前の放置自転車が多い
S00856,2026-07-03,区民意識調査,I区,子育て・教育,保育・幼稚園,保育園の空きがなく、育休明けの復職に間に合わない。
S00857,2026-07-03,区民意識調査,K区,まちづくり・環境,ごみ・環境,ごみの分別が分かりにくく、収集日も覚えられない
S00858,2026-07-03,区民意識調査,B区,まちづくり・環境,ごみ・環境,ごみの収集が時間どおりで助かっている
S00859,2026-07-03,区民意識調査,J区,まちづくり・環境,道路・交通,地域の循環バスが便利で、買い物に助かっている。
S00860,2026-07-03,区民意識調査,K区,暮らし・安全,防災・防犯,防災訓練に参加して、地域のつながりができて安心。
S00861,2026-07-03,広聴データベース,O区,子育て・教育,子育て支援,子育ての相談窓口がどこか分かりにくい
S00862,2026-07-03,区民意識調査,A区,子育て・教育,保育・幼稚園,保育園の空きがなく、育休明けの復職に間に合わない。
S00863,2026-07-03,区民意識調査,Q区,子育て・教育,子育て支援,子育ての相談窓口がどこか分かりにくい。
S00864,2026-07-03,区民意識調査,P区,まちづくり・環境,ごみ・環境,ごみの収集が時間どおりで助かっている。ありがとうございます。
S00865,2026-07-03,区民意識調査,K区,暮らし・安全,福祉・高齢者,地域包括支援センターの職員の対応が良い。
S00866,2026-07-03,区民意識調査,N区,暮らし・安全,防災・防犯,防災マップが分かりやすく、避難場所を家族で確認できた。ありがとうございます。
S00867,2026-07-03,区民意識調査,H区,暮らし・安全,福祉・高齢者,高齢者の介護の相談先が分からず困っている
S00868,2026-07-03,区民意識調査,O区,子育て・教育,学校・教育,学校の先生が丁寧に相談に乗ってくれて安心できた。ありがとうございます。
S00869,2026-07-03,区民意識調査,F区,子育て・教育,学校・教育,学校の先生が丁寧に相談に乗ってくれて安心できた。
S00870,2026-07-03,区民意識調査,G区,暮らし・安全,防災・防犯,避難場所がどこか分からず、子どもと逃げられるか心配。改善をお願いします。
S00871,2026-07-03,区民意識調査,C区,まちづくり・環境,道路・交通,歩道が狭く、ベビーカーで通るのが怖い
S00872,2026-07-03,区民意識調査,I区,まちづくり・環境,公園・緑,公園の遊具が古く、子どもを遊ばせるのが不安。
S00873,2026-07-03,区民意識調査,R区,子育て・教育,子育て支援,子育て支援拠点のイベントが充実していて満足度が高い。ありがとうございます。
S00874,2026-07-03,区民意識調査,C区,暮らし・安全,福祉・高齢者,高齢者が公園で集まれる場所があると良い。
S00875,2026-07-03,区民意識調査,L区,暮らし・安全,福祉・高齢者,地域包括支援センターの職員の対応が良い。
S00876,2026-07-03,区民意識調査,L区,子育て・教育,保育・幼稚園,保育園の先生方の対応が丁寧で安心して預けられる。
S00877,2026-07-03,区民意識調査,F区,まちづくり・環境,公園・緑,公園がきれいになったのは良いが、トイレが古いままで残念。ありがとうございます。
S00878,2026-07-03,区民意識調査,B区,暮らし・安全,防災・防犯,夜道が暗く、街灯を増やしてほしい。
S00879,2026-07-03,区民意識調査,Q区,暮らし・安全,区役所の窓口,区役所の窓口の待ち時間が長い。
S00880,2026-07-03,区民意識調査,A区,暮らし・安全,区役所の窓口,区役所の手続きがオンラインでできて便利になった。ありがとうございます。
S00881,2026-07-03,区民意識調査,C区,まちづくり・環境,道路・交通,駅前の放置自転車が多い
S00882,2026-07-03,区民意識調査,E区,子育て・教育,保育・幼稚園,保育園の空きがなく、育休明けの復職に間に合わない。何とかならないでしょうか。
S00883,2026-07-03,区民意識調査,B区,暮らし・安全,区役所の窓口,区役所の職員の対応が丁寧で、満足度は高い。
S00884,2026-07-03,広聴データベース,F区,まちづくり・環境,公園・緑,子育てしやすいよう、公園に日陰とベンチを増やしてほしい。検討をお願いします。
S00885,2026-07-03,区民意識調査,H区,まちづくり・環境,ごみ・環境,ごみの収集が時間どおりで助かっている。ありがとうございます。
S00886,2026-07-03,区民意識調査,P区,まちづくり・環境,ごみ・環境,集積場所がカラスに荒らされる。何とかならないでしょうか。
S00887,2026-07-03,区民意識調査,P区,まちづくり・環境,公園・緑,子育て世帯が多いのに、近くに公園が少ない
S00888,2026-07-03,区民意識調査,I区,子育て・教育,学校・教育,学校の先生が丁寧に相談に乗ってくれて安心できた。ありがとうございます。
S00889,2026-07-03,区民意識調査,K区,子育て・教育,学校・教育,放課後の居場所が足りない。何とかならないでしょうか。
S00890,2026-07-03,広聴データベース,I区,まちづくり・環境,公園・緑,公園の遊具は安全性が高いと感じる
S00891,2026-07-03,区民意識調査,I区,暮らし・安全,福祉・高齢者,高齢者の介護の相談先が分からず困っている。改善をお願いします。
S00892,2026-07-03,区民意識調査,D区,暮らし・安全,防災・防犯,防災マップが分かりやすく、避難場所を家族で確認できた。ありがとうございます。
S00893,2026-07-03,区民意識調査,E区,子育て・教育,子育て支援,子育て中で、雨の日でも子どもを遊ばせられる場所がほしい。
S00894,2026-07-03,広聴データベース,I区,まちづくり・環境,道路・交通,地域の循環バスが便利で、買い物に助かっている。ありがとうございます。
S00895,2026-07-03,区民意識調査,P区,暮らし・安全,防災・防犯,防災訓練に参加して、地域のつながりができて安心
S00896,2026-07-03,広聴データベース,C区,まちづくり・環境,公園・緑,公園の遊具は安全性が高いと感じる。
S00897,2026-07-03,区民意識調査,L区,子育て・教育,保育・幼稚園,保育園の空きがなく、育休明けの復職に間に合わない。何とかならないでしょうか。
S00898,2026-07-03,区民意識調査,D区,暮らし・安全,区役所の窓口,区役所の手続きがオンラインでできて便利になった。
S00899,2026-07-03,区民意識調査,K区,子育て・教育,保育・幼稚園,保育料が高いので、二人目を考えると負担が大きい。
S00900,2026-07-03,広聴データベース,K区,まちづくり・環境,道路・交通,歩道が狭く、ベビーカーで通るのが怖い
S00901,2026-07-03,区民意識調査,N区,子育て・教育,保育・幼稚園,保育園の空きがなく、育休明けの復職に間に合わない。何とかならないでしょうか。
S00902,2026-07-03,区民意識調査,E区,子育て・教育,子育て支援,子育て中で、雨の日でも子どもを遊ばせられる場所がほしい
S00903,2026-07-03,区民意識調査,Q区,子育て・教育,子育て支援,子育て支援拠点のイベントが充実していて満足度が高い。
S00904,2026-07-03,区民意識調査,B区,子育て・教育,保育・幼稚園,保育料が高いので、二人目を考えると負担が大きい。
S00905,2026-07-03,区民意識調査,L区,子育て・教育,子育て支援,子育て支援拠点のイベントが充実していて満足度が高い。
S00906,2026-07-03,区民意識調査,I区,まちづくり・環境,公園・緑,子育て世帯が多いのに、近くに公園が少ない。改善をお願いします。
S00907,2026-07-03,広聴データベース,A区,子育て・教育,保育・幼稚園,保育園の空きがなく、育休明けの復職に間に合わない。改善をお願いします。
S00908,2026-07-03,区民意識調査,H区,暮らし・安全,福祉・高齢者,地域包括支援センターの職員の対応が良い。ありがとうございます。
S00909,2026-07-03,区民意識調査,P区,暮らし・安全,区役所の窓口,区役所の職員の対応が丁寧で、満足度は高い
S00910,2026-07-03,区民意識調査,N区,まちづくり・環境,公園・緑,子育てしやすいよう、公園に日陰とベンチを増やしてほしい
S00911,2026-07-03,区民意識調査,H区,まちづくり・環境,道路・交通,地域の循環バスが便利で、買い物に助かっている。
S00912,2026-07-03,区民意識調査,F区,暮らし・安全,福祉・高齢者,地域包括支援センターの職員の対応が良い。ありがとうございます。
S00913,2026-07-03,区民意識調査,L区,子育て・教育,学校・教育,通学路の見守りが少なく、子どもの登下校が心配。改善をお願いします。
S00914,2026-07-03,区民意識調査,R区,まちづくり・環境,公園・緑,子育てしやすいよう、公園に日陰とベンチを増やしてほしい。
S00915,2026-07-03,区民意識調査,G区,子育て・教育,保育・幼稚園,保育料が高いので、二人目を考えると負担が大きい。何とかならないでしょうか。
S00916,2026-07-03,区民意識調査,E区,まちづくり・環境,公園・緑,公園の遊具が古く、子どもを遊ばせるのが不安。改善をお願いします。
S00917,2026-07-03,区民意識調査,F区,暮らし・安全,区役所の窓口,区役所の職員の対応が丁寧で、満足度は高い。
S00918,2026-07-03,区民意識調査,K区,暮らし・安全,区役所の窓口,区役所の職員の対応が丁寧で、満足度は高い
S00919,2026-07-03,区民意識調査,L区,子育て・教育,保育・幼稚園,保育園の先生方の対応が丁寧で安心して預けられる。
S00920,2026-07-03,広聴データベース,J区,子育て・教育,保育・幼稚園,保育園の先生方の対応が丁寧で安心して預けられる。
S00921,2026-07-03,区民意識調査,G区,子育て・教育,子育て支援,子育て支援拠点のイベントが充実していて満足度が高い
S00922,2026-07-03,区民意識調査,K区,まちづくり・環境,公園・緑,子育てしやすいよう、公園に日陰とベンチを増やしてほしい。検討をお願いします。
S00923,2026-07-03,区民意識調査,M区,子育て・教育,学校・教育,学校の先生が丁寧に相談に乗ってくれて安心できた
S00924,2026-07-03,区民意識調査,R区,暮らし・安全,区役所の窓口,区役所の手続きがオンラインでできて便利になった。ありがとうございます。
S00925,2026-07-03,区民意識調査,L区,暮らし・安全,防災・防犯,避難場所がどこか分からず、子どもと逃げられるか心配。改善をお願いします。
S00926,2026-07-03,区民意識調査,E区,まちづくり・環境,公園・緑,公園がきれいになったのは良いが、トイレが古いままで残念。
S00927,2026-07-03,区民意識調査,L区,子育て・教育,学校・教育,学校の情報発信が分かりやすくなって良い
S00928,2026-07-03,区民意識調査,F区,暮らし・安全,防災・防犯,避難場所がどこか分からず、子どもと逃げられるか心配
S00929,2026-07-03,区民意識調査,G区,まちづくり・環境,道路・交通,駅前の再整備で歩道が広くなり、歩きやすくなった。ありがとうございます。
S00930,2026-07-03,区民意識調査,L区,まちづくり・環境,公園・緑,公園の遊具は安全性が高いと感じる。ありがとうございます。
S00931,2026-07-03,区民意識調査,N区,まちづくり・環境,ごみ・環境,ごみの分別が分かりにくく、収集日も覚えられない。
S00932,2026-07-03,区民意識調査,H区,まちづくり・環境,公園・緑,公園の遊具は安全性が高いと感じる
S00933,2026-07-04,区民意識調査,D区,まちづくり・環境,ごみ・環境,集積場所がカラスに荒らされる
S00934,2026-07-04,区民意識調査,N区,子育て・教育,保育・幼稚園,保育料が高いので、二人目を考えると負担が大きい。
S00935,2026-07-04,区民意識調査,J区,まちづくり・環境,道路・交通,地域の循環バスが便利で、買い物に助かっている
S00936,2026-07-04,区民意識調査,L区,まちづくり・環境,道路・交通,歩道が狭く、ベビーカーで通るのが怖い。何とかならないでしょうか。
S00937,2026-07-04,区民意識調査,J区,暮らし・安全,福祉・高齢者,地域包括支援センターの職員の対応が良い。ありがとうございます。
S00938,2026-07-04,区民意識調査,B区,子育て・教育,子育て支援,子育て中で、雨の日でも子どもを遊ばせられる場所がほしい。検討をお願いします。
S00939,2026-07-04,区民意識調査,Q区,子育て・教育,学校・教育,学校の先生が丁寧に相談に乗ってくれて安心できた
S00940,2026-07-04,区民意識調査,A区,暮らし・安全,防災・防犯,防災訓練に参加して、地域のつながりができて安心
S00941,2026-07-04,区民意識調査,L区,まちづくり・環境,公園・緑,子育てしやすいよう、公園に日陰とベンチを増やしてほしい
S00942,2026-07-04,区民意識調査,N区,子育て・教育,子育て支援,子育ての相談窓口がどこか分かりにくい。改善をお願いします。
S00943,2026-07-04,区民意識調査,Q区,子育て・教育,学校・教育,学校の先生が丁寧に相談に乗ってくれて安心できた。ありがとうございます。
S00944,2026-07-04,区民意識調査,B区,子育て・教育,学校・教育,学校の先生が丁寧に相談に乗ってくれて安心できた。
S00945,2026-07-04,区民意識調査,O区,暮らし・安全,福祉・高齢者,地域包括支援センターの職員の対応が良い。
S00946,2026-07-04,区民意識調査,P区,子育て・教育,学校・教育,学校の先生が丁寧に相談に乗ってくれて安心できた。ありがとうございます。
S00947,2026-07-04,区民意識調査,K区,暮らし・安全,防災・防犯,避難場所がどこか分からず、子どもと逃げられるか心配。何とかならないでしょうか。
S00948,2026-07-04,区民意識調査,J区,子育て・教育,保育・幼稚園,保育園の先生方の対応が丁寧で安心して預けられる
S00949,2026-07-04,区民意識調査,L区,子育て・教育,子育て支援,子育て中で、雨の日でも子どもを遊ばせられる場所がほしい。検討をお願いします。
S00950,2026-07-04,区民意識調査,M区,子育て・教育,保育・幼稚園,保育園の先生方の対応が丁寧で安心して預けられる。
S00951,2026-07-04,広聴データベース,D区,子育て・教育,保育・幼稚園,保育園の空きがなく、育休明けの復職に間に合わない
S00952,2026-07-04,区民意識調査,B区,暮らし・安全,防災・防犯,防災訓練に参加して、地域のつながりができて安心。
S00953,2026-07-04,区民意識調査,C区,子育て・教育,学校・教育,通学路の見守りが少なく、子どもの登下校が心配。改善をお願いします。
S00954,2026-07-04,区民意識調査,K区,まちづくり・環境,ごみ・環境,地域の清掃活動で街がきれいになり、住みやすい。
S00955,2026-07-04,区民意識調査,F区,子育て・教育,保育・幼稚園,保育園の空きがなく、育休明けの復職に間に合わない。何とかならないでしょうか。
S00956,2026-07-04,区民意識調査,I区,子育て・教育,学校・教育,学校の情報発信が分かりやすくなって良い。ありがとうございます。
S00957,2026-07-04,区民意識調査,N区,子育て・教育,学校・教育,学校の先生が丁寧に相談に乗ってくれて安心できた。
S00958,2026-07-04,区民意識調査,O区,子育て・教育,子育て支援,子育て中で、雨の日でも子どもを遊ばせられる場所がほしい
S00959,2026-07-04,区民意識調査,N区,子育て・教育,保育・幼稚園,保育園の先生方の対応が丁寧で安心して預けられる。ありがとうございます。
S00960,2026-07-04,区民意識調査,H区,暮らし・安全,防災・防犯,防災マップが分かりやすく、避難場所を家族で確認できた。ありがとうございます。
S00961,2026-07-04,区民意識調査,L区,暮らし・安全,防災・防犯,避難場所がどこか分からず、子どもと逃げられるか心配
S00962,2026-07-04,区民意識調査,O区,まちづくり・環境,道路・交通,駅前の放置自転車が多い。何とかならないでしょうか。
S00963,2026-07-04,区民意識調査,M区,子育て・教育,学校・教育,学校の先生が丁寧に相談に乗ってくれて安心できた
S00964,2026-07-04,区民意識調査,P区,まちづくり・環境,道路・交通,バスの本数が減り、駅まで出るのが大変になった。改善をお願いします。
S00965,2026-07-04,区民意識調査,O区,子育て・教育,学校・教育,学校の情報発信が分かりやすくなって良い。
S00966,2026-07-04,区民意識調査,B区,まちづくり・環境,公園・緑,公園がきれいになったのは良いが、トイレが古いままで残念。ありがとうございます。
S00967,2026-07-04,区民意識調査,F区,子育て・教育,保育・幼稚園,保育園の空きがなく、育休明けの復職に間に合わない。
S00968,2026-07-04,区民意識調査,R区,子育て・教育,子育て支援,子育て中で、雨の日でも子どもを遊ばせられる場所がほしい。
S00969,2026-07-04,区民意識調査,L区,まちづくり・環境,道路・交通,バスの本数が減り、駅まで出るのが大変になった
S00970,2026-07-04,区民意識調査,H区,暮らし・安全,福祉・高齢者,高齢者の介護の相談先が分からず困っている。何とかならないでしょうか。
S00971,2026-07-04,区民意識調査,H区,暮らし・安全,区役所の窓口,区役所の窓口の待ち時間が長い。
S00972,2026-07-04,区民意識調査,P区,暮らし・安全,防災・防犯,防災マップが分かりやすく、避難場所を家族で確認できた。ありがとうございます。
S00973,2026-07-04,区民意識調査,J区,暮らし・安全,福祉・高齢者,地域包括支援センターの職員の対応が良い。
S00974,2026-07-04,区民意識調査,B区,暮らし・安全,防災・防犯,防災マップが分かりやすく、避難場所を家族で確認できた
S00975,2026-07-04,区民意識調査,I区,子育て・教育,保育・幼稚園,保育園の空きがなく、育休明けの復職に間に合わない
S00976,2026-07-04,区民意識調査,P区,暮らし・安全,福祉・高齢者,高齢者が公園で集まれる場所があると良い。検討をお願いします。
S00977,2026-07-04,区民意識調査,A区,子育て・教育,学校・教育,通学路の見守りが少なく、子どもの登下校が心配。改善をお願いします。
S00978,2026-07-04,区民意識調査,G区,子育て・教育,保育・幼稚園,保育園の先生方の対応が丁寧で安心して預けられる。ありがとうございます。
S00979,2026-07-04,広聴データベース,Q区,子育て・教育,保育・幼稚園,一時保育の予約が取りにくい
S00980,2026-07-04,区民意識調査,E区,子育て・教育,学校・教育,通学路の見守りが少なく、子どもの登下校が心配。何とかならないでしょうか。
S00981,2026-07-04,区民意識調査,J区,まちづくり・環境,道路・交通,バスの本数が減り、駅まで出るのが大変になった。
S00982,2026-07-04,区民意識調査,G区,暮らし・安全,区役所の窓口,区役所の職員の対応が丁寧で、満足度は高い。ありがとうございます。
S00983,2026-07-04,区民意識調査,K区,暮らし・安全,防災・防犯,防災マップが分かりやすく、避難場所を家族で確認できた。
S00984,2026-07-04,区民意識調査,H区,子育て・教育,保育・幼稚園,保育園の先生方の対応が丁寧で安心して預けられる。
S00985,2026-07-04,区民意識調査,E区,子育て・教育,保育・幼稚園,一時保育の予約が取りにくい。
S00986,2026-07-04,区民意識調査,I区,暮らし・安全,防災・防犯,防災マップが分かりやすく、避難場所を家族で確認できた
S00987,2026-07-04,区民意識調査,I区,子育て・教育,保育・幼稚園,保育料が高いので、二人目を考えると負担が大きい。改善をお願いします。
S00988,2026-07-04,区民意識調査,E区,まちづくり・環境,道路・交通,バスの本数が減り、駅まで出るのが大変になった。改善をお願いします。
S00989,2026-07-04,広聴データベース,M区,子育て・教育,保育・幼稚園,保育園の先生方の対応が丁寧で安心して預けられる。
S00990,2026-07-04,区民意識調査,F区,子育て・教育,子育て支援,子育て中で、雨の日でも子どもを遊ばせられる場所がほしい。検討をお願いします。
S00991,2026-07-04,区民意識調査,I区,子育て・教育,保育・幼稚園,一時保育の予約が取りにくい
S00992,2026-07-04,区民意識調査,L区,子育て・教育,学校・教育,学校の先生が丁寧に相談に乗ってくれて安心できた
S00993,2026-07-04,区民意識調査,C区,まちづくり・環境,公園・緑,子育て世帯が多いのに、近くに公園が少ない。改善をお願いします。
S00994,2026-07-04,広聴データベース,G区,暮らし・安全,福祉・高齢者,高齢者の介護の相談先が分からず困っている。改善をお願いします。
S00995,2026-07-04,区民意識調査,P区,子育て・教育,保育・幼稚園,保育園の空きがなく、育休明けの復職に間に合わない。何とかならないでしょうか。
S00996,2026-07-04,区民意識調査,E区,まちづくり・環境,公園・緑,公園の遊具が古く、子どもを遊ばせるのが不安。
S00997,2026-07-04,区民意識調査,K区,まちづくり・環境,公園・緑,子育て世帯が多いのに、近くに公園が少ない。何とかならないでしょうか。
S00998,2026-07-04,区民意識調査,R区,子育て・教育,学校・教育,学校の先生が丁寧に相談に乗ってくれて安心できた。ありがとうございます。
S00999,2026-07-04,区民意識調査,E区,暮らし・安全,福祉・高齢者,地域包括支援センターの職員の対応が良い。
S01000,2026-07-04,区民意識調査,G区,まちづくり・環境,道路・交通,地域の循環バスが便利で、買い物に助かっている。ありがとうございます。
S01001,2026-07-04,広聴データベース,N区,まちづくり・環境,公園・緑,公園の遊具が古く、子どもを遊ばせるのが不安。
S01002,2026-07-04,区民意識調査,A区,子育て・教育,学校・教育,通学路の見守りが少なく、子どもの登下校が心配。改善をお願いします。
S01003,2026-07-04,区民意識調査,Q区,子育て・教育,保育・幼稚園,保育園の先生方の対応が丁寧で安心して預けられる。ありがとうございます。
S01004,2026-07-04,区民意識調査,P区,まちづくり・環境,公園・緑,公園がきれいになったのは良いが、トイレが古いままで残念。ありがとうございます。
S01005,2026-07-04,区民意識調査,G区,子育て・教育,保育・幼稚園,保育園の空きがなく、育休明けの復職に間に合わない
S01006,2026-07-04,広聴データベース,C区,まちづくり・環境,公園・緑,子育て世帯が多いのに、近くに公園が少ない。何とかならないでしょうか。
S01007,2026-07-04,区民意識調査,D区,まちづくり・環境,道路・交通,駅前の放置自転車が多い。改善をお願いします。
S01008,2026-07-05,区民意識調査,F区,まちづくり・環境,ごみ・環境,地域の清掃活動で街がきれいになり、住みやすい。ありがとうございます。
S01009,2026-07-05,区民意識調査,Q区,子育て・教育,保育・幼稚園,保育園の先生方の対応が丁寧で安心して預けられる。
S01010,2026-07-05,区民意識調査,E区,子育て・教育,保育・幼稚園,保育園の先生方の対応が丁寧で安心して預けられる
S01011,2026-07-05,区民意識調査,A区,まちづくり・環境,道路・交通,地域の循環バスが便利で、買い物に助かっている。
S01012,2026-07-05,区民意識調査,C区,まちづくり・環境,公園・緑,子育て世帯が多いのに、近くに公園が少ない
S01013,2026-07-05,区民意識調査,F区,子育て・教育,保育・幼稚園,保育園の空きがなく、育休明けの復職に間に合わない。何とかならないでしょうか。
S01014,2026-07-05,区民意識調査,B区,暮らし・安全,区役所の窓口,区役所の窓口の待ち時間が長い。
S01015,2026-07-05,区民意識調査,F区,まちづくり・環境,ごみ・環境,ごみの収集が時間どおりで助かっている
S01016,2026-07-05,区民意識調査,O区,まちづくり・環境,公園・緑,公園の遊具が古く、子どもを遊ばせるのが不安。
S01017,2026-07-05,区民意識調査,I区,まちづくり・環境,道路・交通,駅前の再整備で歩道が広くなり、歩きやすくなった。
S01018,2026-07-05,区民意識調査,G区,まちづくり・環境,公園・緑,子育て世帯が多いのに、近くに公園が少ない。改善をお願いします。
S01019,2026-07-05,区民意識調査,B区,まちづくり・環境,道路・交通,駅前の再整備で歩道が広くなり、歩きやすくなった。ありがとうございます。
S01020,2026-07-05,区民意識調査,F区,子育て・教育,保育・幼稚園,保育園の空きがなく、育休明けの復職に間に合わない。
S01021,2026-07-05,区民意識調査,N区,暮らし・安全,区役所の窓口,区役所の職員の対応が丁寧で、満足度は高い
S01022,2026-07-05,区民意識調査,I区,まちづくり・環境,道路・交通,歩道が狭く、ベビーカーで通るのが怖い。改善をお願いします。
S01023,2026-07-05,広聴データベース,J区,暮らし・安全,区役所の窓口,区役所の窓口の待ち時間が長い。
S01024,2026-07-05,区民意識調査,Q区,子育て・教育,学校・教育,学校の先生が丁寧に相談に乗ってくれて安心できた。
S01025,2026-07-05,区民意識調査,J区,子育て・教育,保育・幼稚園,保育園の先生方の対応が丁寧で安心して預けられる。
S01026,2026-07-05,区民意識調査,N区,子育て・教育,保育・幼稚園,保育料が高いので、二人目を考えると負担が大きい。何とかならないでしょうか。
S01027,2026-07-05,区民意識調査,E区,子育て・教育,学校・教育,通学路の見守りが少なく、子どもの登下校が心配。何とかならないでしょうか。
S01028,2026-07-05,広聴データベース,G区,まちづくり・環境,ごみ・環境,ごみの分別が分かりにくく、収集日も覚えられない
S01029,2026-07-05,区民意識調査,G区,子育て・教育,保育・幼稚園,保育料が高いので、二人目を考えると負担が大きい。改善をお願いします。
S01030,2026-07-05,区民意識調査,E区,暮らし・安全,区役所の窓口,区役所の手続きがオンラインでできて便利になった
S01031,2026-07-05,区民意識調査,F区,まちづくり・環境,ごみ・環境,ごみの分別が分かりにくく、収集日も覚えられない。
S01032,2026-07-05,区民意識調査,L区,暮らし・安全,区役所の窓口,区役所の窓口の待ち時間が長い
S01033,2026-07-05,区民意識調査,I区,まちづくり・環境,道路・交通,地域の循環バスが便利で、買い物に助かっている。
S01034,2026-07-05,広聴データベース,K区,暮らし・安全,区役所の窓口,区役所の職員の対応が丁寧で、満足度は高い。
S01035,2026-07-05,区民意識調査,H区,子育て・教育,学校・教育,通学路の見守りが少なく、子どもの登下校が心配。何とかならないでしょうか。
S01036,2026-07-05,区民意識調査,F区,まちづくり・環境,公園・緑,子育て世帯が多いのに、近くに公園が少ない。改善をお願いします。
S01037,2026-07-05,区民意識調査,N区,暮らし・安全,福祉・高齢者,高齢者の介護の相談先が分からず困っている。何とかならないでしょうか。
S01038,2026-07-05,区民意識調査,B区,まちづくり・環境,道路・交通,歩道が狭く、ベビーカーで通るのが怖い
S01039,2026-07-05,区民意識調査,D区,まちづくり・環境,公園・緑,子育て世帯が多いのに、近くに公園が少ない
S01040,2026-07-05,広聴データベース,R区,子育て・教育,保育・幼稚園,保育園の先生方の対応が丁寧で安心して預けられる。ありがとうございます。
S01041,2026-07-05,区民意識調査,A区,子育て・教育,保育・幼稚園,保育園の空きがなく、育休明けの復職に間に合わない
S01042,2026-07-05,区民意識調査,J区,暮らし・安全,防災・防犯,防災マップが分かりやすく、避難場所を家族で確認できた
S01043,2026-07-05,区民意識調査,F区,子育て・教育,保育・幼稚園,保育園の空きがなく、育休明けの復職に間に合わない。
S01044,2026-07-05,区民意識調査,K区,子育て・教育,保育・幼稚園,保育園の空きがなく、育休明けの復職に間に合わない。何とかならないでしょうか。
S01045,2026-07-05,区民意識調査,R区,子育て・教育,保育・幼稚園,保育園の空きがなく、育休明けの復職に間に合わない。
S01046,2026-07-05,区民意識調査,B区,まちづくり・環境,ごみ・環境,地域の清掃活動で街がきれいになり、住みやすい。ありがとうございます。
S01047,2026-07-05,区民意識調査,L区,子育て・教育,保育・幼稚園,一時保育の予約が取りにくい。改善をお願いします。
S01048,2026-07-05,区民意識調査,L区,子育て・教育,子育て支援,子育て中で、雨の日でも子どもを遊ばせられる場所がほしい
S01049,2026-07-05,区民意識調査,H区,子育て・教育,保育・幼稚園,保育料が高いので、二人目を考えると負担が大きい
S01050,2026-07-05,区民意識調査,H区,暮らし・安全,福祉・高齢者,地域包括支援センターの職員の対応が良い。
S01051,2026-07-05,区民意識調査,H区,暮らし・安全,防災・防犯,避難場所がどこか分からず、子どもと逃げられるか心配。改善をお願いします。
S01052,2026-07-05,区民意識調査,A区,暮らし・安全,福祉・高齢者,高齢者の介護の相談先が分からず困っている。
S01053,2026-07-05,区民意識調査,D区,子育て・教育,学校・教育,学校の先生が丁寧に相談に乗ってくれて安心できた。ありがとうございます。
S01054,2026-07-05,区民意識調査,B区,まちづくり・環境,公園・緑,公園の遊具が古く、子どもを遊ばせるのが不安。何とかならないでしょうか。
S01055,2026-07-05,区民意識調査,D区,子育て・教育,保育・幼稚園,一時保育の予約が取りにくい。改善をお願いします。
S01056,2026-07-05,区民意識調査,E区,子育て・教育,保育・幼稚園,保育園の空きがなく、育休明けの復職に間に合わない。改善をお願いします。
S01057,2026-07-05,区民意識調査,F区,暮らし・安全,区役所の窓口,区役所の職員の対応が丁寧で、満足度は高い
S01058,2026-07-05,区民意識調査,R区,暮らし・安全,福祉・高齢者,地域包括支援センターの職員の対応が良い
S01059,2026-07-05,広聴データベース,G区,まちづくり・環境,道路・交通,バスの本数が減り、駅まで出るのが大変になった。改善をお願いします。
S01060,2026-07-05,区民意識調査,O区,子育て・教育,学校・教育,通学路の見守りが少なく、子どもの登下校が心配
S01061,2026-07-05,区民意識調査,P区,まちづくり・環境,道路・交通,駅前の放置自転車が多い。改善をお願いします。
S01062,2026-07-05,区民意識調査,G区,暮らし・安全,福祉・高齢者,高齢者の介護の相談先が分からず困っている。
S01063,2026-07-05,区民意識調査,Q区,子育て・教育,子育て支援,子育て支援拠点のイベントが充実していて満足度が高い。
S01064,2026-07-05,区民意識調査,L区,まちづくり・環境,ごみ・環境,地域の清掃活動で街がきれいになり、住みやすい
S01065,2026-07-05,区民意識調査,E区,まちづくり・環境,公園・緑,公園の遊具が古く、子どもを遊ばせるのが不安。何とかならないでしょうか。
S01066,2026-07-05,区民意識調査,C区,まちづくり・環境,道路・交通,地域の循環バスが便利で、買い物に助かっている。
S01067,2026-07-05,区民意識調査,E区,子育て・教育,子育て支援,子育ての相談窓口がどこか分かりにくい。
S01068,2026-07-05,区民意識調査,L区,暮らし・安全,福祉・高齢者,地域包括支援センターの職員の対応が良い
S01069,2026-07-05,区民意識調査,K区,まちづくり・環境,ごみ・環境,ごみの分別が分かりにくく、収集日も覚えられない。何とかならないでしょうか。
S01070,2026-07-05,区民意識調査,L区,暮らし・安全,福祉・高齢者,高齢者が公園で集まれる場所があると良い。検討をお願いします。
S01071,2026-07-05,区民意識調査,F区,暮らし・安全,区役所の窓口,区役所の手続きがオンラインでできて便利になった。ありがとうございます。
S01072,2026-07-05,広聴データベース,F区,子育て・教育,保育・幼稚園,保育料が高いので、二人目を考えると負担が大きい。改善をお願いします。
S01073,2026-07-05,区民意識調査,L区,まちづくり・環境,公園・緑,公園の遊具は安全性が高いと感じる
S01074,2026-07-05,区民意識調査,E区,子育て・教育,子育て支援,子育ての相談窓口がどこか分かりにくい。
S01075,2026-07-05,区民意識調査,A区,まちづくり・環境,公園・緑,公園の遊具が古く、子どもを遊ばせるのが不安。何とかならないでしょうか。
S01076,2026-07-05,区民意識調査,H区,子育て・教育,保育・幼稚園,保育園の先生方の対応が丁寧で安心して預けられる。
S01077,2026-07-05,区民意識調査,K区,まちづくり・環境,公園・緑,公園の遊具が古く、子どもを遊ばせるのが不安
S01078,2026-07-05,区民意識調査,B区,暮らし・安全,区役所の窓口,区役所の手続きがオンラインでできて便利になった
S01079,2026-07-05,区民意識調査,E区,子育て・教育,保育・幼稚園,保育料が高いので、二人目を考えると負担が大きい
S01080,2026-07-05,区民意識調査,D区,まちづくり・環境,道路・交通,駅前の再整備で歩道が広くなり、歩きやすくなった
S01081,2026-07-06,区民意識調査,H区,子育て・教育,学校・教育,学校の情報発信が分かりやすくなって良い。ありがとうございます。
S01082,2026-07-06,区民意識調査,L区,まちづくり・環境,公園・緑,公園の遊具が古く、子どもを遊ばせるのが不安。
S01083,2026-07-06,区民意識調査,K区,まちづくり・環境,ごみ・環境,ごみの収集が時間どおりで助かっている
S01084,2026-07-06,区民意識調査,G区,まちづくり・環境,道路・交通,歩道が狭く、ベビーカーで通るのが怖い。改善をお願いします。
S01085,2026-07-06,区民意識調査,K区,子育て・教育,子育て支援,子育ての相談窓口がどこか分かりにくい。何とかならないでしょうか。
S01086,2026-07-06,区民意識調査,O区,まちづくり・環境,公園・緑,子育て世帯が多いのに、近くに公園が少ない。改善をお願いします。
S01087,2026-07-06,区民意識調査,M区,子育て・教育,子育て支援,子育ての相談窓口がどこか分かりにくい。改善をお願いします。
S01088,2026-07-06,区民意識調査,B区,暮らし・安全,防災・防犯,避難場所がどこか分からず、子どもと逃げられるか心配。
S01089,2026-07-06,区民意識調査,F区,まちづくり・環境,道路・交通,バスの本数が減り、駅まで出るのが大変になった。
S01090,2026-07-06,区民意識調査,P区,暮らし・安全,福祉・高齢者,高齢者が公園で集まれる場所があると良い。検討をお願いします。
S01091,2026-07-06,区民意識調査,P区,まちづくり・環境,道路・交通,バスの本数が減り、駅まで出るのが大変になった。改善をお願いします。
S01092,2026-07-06,区民意識調査,R区,子育て・教育,学校・教育,学校の先生が丁寧に相談に乗ってくれて安心できた。
S01093,2026-07-06,区民意識調査,K区,暮らし・安全,区役所の窓口,区役所の手続きがオンラインでできて便利になった。ありがとうございます。
S01094,2026-07-06,区民意識調査,E区,子育て・教育,子育て支援,子育て中で、雨の日でも子どもを遊ばせられる場所がほしい
S01095,2026-07-06,区民意識調査,N区,子育て・教育,学校・教育,学校の先生が丁寧に相談に乗ってくれて安心できた。
S01096,2026-07-06,区民意識調査,I区,子育て・教育,子育て支援,子育て中で、雨の日でも子どもを遊ばせられる場所がほしい。
S01097,2026-07-06,区民意識調査,G区,子育て・教育,子育て支援,子育て支援拠点のイベントが充実していて満足度が高い
S01098,2026-07-06,区民意識調査,K区,子育て・教育,保育・幼稚園,保育園の先生方の対応が丁寧で安心して預けられる。ありがとうございます。
S01099,2026-07-06,区民意識調査,D区,子育て・教育,学校・教育,学校の先生が丁寧に相談に乗ってくれて安心できた。
S01100,2026-07-06,区民意識調査,G区,子育て・教育,保育・幼稚園,保育料が高いので、二人目を考えると負担が大きい。何とかならないでしょうか。
S01101,2026-07-06,区民意識調査,A区,まちづくり・環境,ごみ・環境,地域の清掃活動で街がきれいになり、住みやすい。ありがとうございます。
S01102,2026-07-06,広聴データベース,F区,子育て・教育,学校・教育,通学路の見守りが少なく、子どもの登下校が心配。改善をお願いします。
S01103,2026-07-06,区民意識調査,O区,暮らし・安全,区役所の窓口,区役所の窓口の待ち時間が長い。改善をお願いします。
S01104,2026-07-06,区民意識調査,E区,まちづくり・環境,公園・緑,公園の遊具が古く、子どもを遊ばせるのが不安。改善をお願いします。
S01105,2026-07-06,広聴データベース,J区,子育て・教育,学校・教育,通学路の見守りが少なく、子どもの登下校が心配。改善をお願いします。
S01106,2026-07-06,区民意識調査,N区,子育て・教育,保育・幼稚園,保育園の先生方の対応が丁寧で安心して預けられる。ありがとうございます。
S01107,2026-07-06,区民意識調査,B区,まちづくり・環境,ごみ・環境,ごみの収集が時間どおりで助かっている。
S01108,2026-07-06,区民意識調査,F区,暮らし・安全,防災・防犯,防災マップが分かりやすく、避難場所を家族で確認できた。ありがとうございます。
S01109,2026-07-06,広聴データベース,E区,暮らし・安全,防災・防犯,夜道が暗く、街灯を増やしてほしい。
S01110,2026-07-06,区民意識調査,I区,暮らし・安全,区役所の窓口,区役所の手続きがオンラインでできて便利になった
S01111,2026-07-06,区民意識調査,H区,まちづくり・環境,ごみ・環境,ごみの分別が分かりにくく、収集日も覚えられない
S01112,2026-07-06,区民意識調査,O区,暮らし・安全,防災・防犯,夜道が暗く、街灯を増やしてほしい。
S01113,2026-07-06,区民意識調査,G区,暮らし・安全,区役所の窓口,区役所の窓口の待ち時間が長い
S01114,2026-07-06,区民意識調査,I区,子育て・教育,子育て支援,子育ての相談窓口がどこか分かりにくい。何とかならないでしょうか。
S01115,2026-07-06,区民意識調査,A区,まちづくり・環境,ごみ・環境,ごみの分別が分かりにくく、収集日も覚えられない。
S01116,2026-07-06,区民意識調査,R区,子育て・教育,学校・教育,学校の情報発信が分かりやすくなって良い。ありがとうございます。
S01117,2026-07-06,区民意識調査,N区,子育て・教育,保育・幼稚園,保育園の空きがなく、育休明けの復職に間に合わない。改善をお願いします。
S01118,2026-07-06,区民意識調査,I区,まちづくり・環境,ごみ・環境,ごみの分別が分かりにくく、収集日も覚えられない。
S01119,2026-07-06,広聴データベース,M区,子育て・教育,保育・幼稚園,保育料が高いので、二人目を考えると負担が大きい
S01120,2026-07-06,区民意識調査,N区,子育て・教育,子育て支援,子育て中で、雨の日でも子どもを遊ばせられる場所がほしい
S01121,2026-07-06,区民意識調査,L区,子育て・教育,子育て支援,子育て中で、雨の日でも子どもを遊ばせられる場所がほしい
S01122,2026-07-06,区民意識調査,I区,子育て・教育,保育・幼稚園,一時保育の予約が取りにくい。
S01123,2026-07-06,区民意識調査,F区,暮らし・安全,防災・防犯,避難場所がどこか分からず、子どもと逃げられるか心配。
S01124,2026-07-06,区民意識調査,B区,まちづくり・環境,道路・交通,歩道が狭く、ベビーカーで通るのが怖い。改善をお願いします。
S01125,2026-07-06,区民意識調査,F区,暮らし・安全,防災・防犯,防災マップが分かりやすく、避難場所を家族で確認できた
S01126,2026-07-06,区民意識調査,Q区,暮らし・安全,防災・防犯,夜道が暗く、街灯を増やしてほしい。何とかならないでしょうか。
S01127,2026-07-07,区民意識調査,R区,まちづくり・環境,ごみ・環境,ごみの分別が分かりにくく、収集日も覚えられない。改善をお願いします。
S01128,2026-07-07,区民意識調査,P区,暮らし・安全,防災・防犯,防災マップが分かりやすく、避難場所を家族で確認できた。ありがとうございます。
S01129,2026-07-07,区民意識調査,H区,子育て・教育,子育て支援,子育ての相談窓口がどこか分かりにくい。改善をお願いします。
S01130,2026-07-07,区民意識調査,L区,暮らし・安全,区役所の窓口,区役所の窓口の待ち時間が長い。何とかならないでしょうか。
S01131,2026-07-07,区民意識調査,F区,子育て・教育,保育・幼稚園,保育園の先生方の対応が丁寧で安心して預けられる
S01132,2026-07-07,区民意識調査,D区,子育て・教育,子育て支援,子育て中で、雨の日でも子どもを遊ばせられる場所がほしい。
S01133,2026-07-07,区民意識調査,L区,子育て・教育,子育て支援,子育て中で、雨の日でも子どもを遊ばせられる場所がほしい。検討をお願いします。
S01134,2026-07-07,区民意識調査,J区,子育て・教育,子育て支援,子育て中で、雨の日でも子どもを遊ばせられる場所がほしい。検討をお願いします。
S01135,2026-07-07,区民意識調査,O区,子育て・教育,保育・幼稚園,保育園の先生方の対応が丁寧で安心して預けられる
S01136,2026-07-07,区民意識調査,R区,暮らし・安全,福祉・高齢者,高齢者の介護の相談先が分からず困っている。何とかならないでしょうか。
S01137,2026-07-07,区民意識調査,K区,暮らし・安全,防災・防犯,防災マップが分かりやすく、避難場所を家族で確認できた
S01138,2026-07-07,区民意識調査,B区,子育て・教育,学校・教育,通学路の見守りが少なく、子どもの登下校が心配。何とかならないでしょうか。
S01139,2026-07-07,区民意識調査,B区,まちづくり・環境,ごみ・環境,集積場所がカラスに荒らされる。改善をお願いします。
S01140,2026-07-07,区民意識調査,A区,まちづくり・環境,ごみ・環境,地域の清掃活動で街がきれいになり、住みやすい。
S01141,2026-07-07,区民意識調査,L区,暮らし・安全,区役所の窓口,区役所の手続きがオンラインでできて便利になった。ありがとうございます。
S01142,2026-07-07,区民意識調査,J区,子育て・教育,保育・幼稚園,一時保育の予約が取りにくい。何とかならないでしょうか。
S01143,2026-07-07,区民意識調査,D区,まちづくり・環境,道路・交通,駅前の再整備で歩道が広くなり、歩きやすくなった。ありがとうございます。
S01144,2026-07-07,区民意識調査,E区,子育て・教育,子育て支援,子育て支援拠点のイベントが充実していて満足度が高い。ありがとうございます。
S01145,2026-07-07,区民意識調査,O区,暮らし・安全,防災・防犯,避難場所がどこか分からず、子どもと逃げられるか心配。改善をお願いします。
S01146,2026-07-07,区民意識調査,I区,まちづくり・環境,ごみ・環境,ごみの収集が時間どおりで助かっている。
S01147,2026-07-07,区民意識調査,C区,まちづくり・環境,公園・緑,子育て世帯が多いのに、近くに公園が少ない。改善をお願いします。
S01148,2026-07-07,区民意識調査,N区,まちづくり・環境,公園・緑,子育て世帯が多いのに、近くに公園が少ない。何とかならないでしょうか。
S01149,2026-07-07,区民意識調査,R区,暮らし・安全,区役所の窓口,区役所の手続きがオンラインでできて便利になった
S01150,2026-07-07,区民意識調査,G区,暮らし・安全,防災・防犯,避難場所がどこか分からず、子どもと逃げられるか心配
S01151,2026-07-07,広聴データベース,K区,まちづくり・環境,道路・交通,駅前の放置自転車が多い。
S01152,2026-07-07,区民意識調査,R区,子育て・教育,子育て支援,子育て支援拠点のイベントが充実していて満足度が高い。ありがとうございます。
S01153,2026-07-07,区民意識調査,R区,子育て・教育,学校・教育,放課後の居場所が足りない。
S01154,2026-07-07,区民意識調査,H区,暮らし・安全,防災・防犯,防災マップが分かりやすく、避難場所を家族で確認できた。
S01155,2026-07-07,区民意識調査,A区,子育て・教育,子育て支援,子育て中で、雨の日でも子どもを遊ばせられる場所がほしい
S01156,2026-07-07,区民意識調査,K区,暮らし・安全,防災・防犯,防災訓練に参加して、地域のつながりができて安心
S01157,2026-07-07,区民意識調査,H区,暮らし・安全,福祉・高齢者,地域包括支援センターの職員の対応が良い。ありがとうございます。
S01158,2026-07-07,区民意識調査,G区,暮らし・安全,区役所の窓口,区役所の職員の対応が丁寧で、満足度は高い。
S01159,2026-07-07,区民意識調査,R区,暮らし・安全,防災・防犯,防災訓練に参加して、地域のつながりができて安心。ありがとうございます。
S01160,2026-07-07,区民意識調査,N区,暮らし・安全,区役所の窓口,区役所の窓口の待ち時間が長い。
S01161,2026-07-07,区民意識調査,J区,まちづくり・環境,道路・交通,駅前の放置自転車が多い。
S01162,2026-07-07,区民意識調査,I区,暮らし・安全,区役所の窓口,区役所の職員の対応が丁寧で、満足度は高い
S01163,2026-07-07,区民意識調査,P区,子育て・教育,保育・幼稚園,一時保育の予約が取りにくい。
S01164,2026-07-07,区民意識調査,D区,まちづくり・環境,ごみ・環境,ごみの分別が分かりにくく、収集日も覚えられない。
S01165,2026-07-07,区民意識調査,Q区,暮らし・安全,防災・防犯,防災マップが分かりやすく、避難場所を家族で確認できた
S01166,2026-07-07,区民意識調査,G区,まちづくり・環境,道路・交通,バスの本数が減り、駅まで出るのが大変になった。
S01167,2026-07-07,区民意識調査,A区,子育て・教育,保育・幼稚園,保育園の空きがなく、育休明けの復職に間に合わない。改善をお願いします。
S01168,2026-07-07,区民意識調査,I区,まちづくり・環境,公園・緑,公園がきれいになったのは良いが、トイレが古いままで残念。ありがとうございます。
S01169,2026-07-07,広聴データベース,H区,まちづくり・環境,公園・緑,公園の遊具が古く、子どもを遊ばせるのが不安。何とかならないでしょうか。
S01170,2026-07-07,区民意識調査,P区,暮らし・安全,防災・防犯,防災訓練に参加して、地域のつながりができて安心。
S01171,2026-07-07,区民意識調査,P区,暮らし・安全,区役所の窓口,区役所の手続きがオンラインでできて便利になった。
S01172,2026-07-07,区民意識調査,H区,暮らし・安全,区役所の窓口,区役所の窓口の待ち時間が長い。改善をお願いします。
S01173,2026-07-07,区民意識調査,B区,暮らし・安全,区役所の窓口,区役所の窓口の待ち時間が長い
S01174,2026-07-07,区民意識調査,N区,子育て・教育,子育て支援,子育て中で、雨の日でも子どもを遊ばせられる場所がほしい。
S01175,2026-07-07,区民意識調査,J区,子育て・教育,学校・教育,通学路の見守りが少なく、子どもの登下校が心配。
S01176,2026-07-07,区民意識調査,L区,まちづくり・環境,ごみ・環境,ごみの分別が分かりにくく、収集日も覚えられない。
S01177,2026-07-07,区民意識調査,P区,まちづくり・環境,ごみ・環境,ごみの収集が時間どおりで助かっている。
S01178,2026-07-07,区民意識調査,H区,子育て・教育,保育・幼稚園,保育料が高いので、二人目を考えると負担が大きい。何とかならないでしょうか。
S01179,2026-07-07,区民意識調査,N区,暮らし・安全,防災・防犯,防災訓練に参加して、地域のつながりができて安心
S01180,2026-07-07,区民意識調査,P区,まちづくり・環境,ごみ・環境,ごみの収集が時間どおりで助かっている。
S01181,2026-07-07,区民意識調査,G区,まちづくり・環境,ごみ・環境,ごみの収集が時間どおりで助かっている。
S01182,2026-07-07,区民意識調査,R区,暮らし・安全,防災・防犯,防災マップが分かりやすく、避難場所を家族で確認できた。
S01183,2026-07-07,区民意識調査,L区,まちづくり・環境,道路・交通,歩道が狭く、ベビーカーで通るのが怖い。
S01184,2026-07-07,広聴データベース,P区,暮らし・安全,防災・防犯,避難場所がどこか分からず、子どもと逃げられるか心配。何とかならないでしょうか。
S01185,2026-07-07,区民意識調査,N区,まちづくり・環境,公園・緑,子育てしやすいよう、公園に日陰とベンチを増やしてほしい。
S01186,2026-07-07,区民意識調査,K区,まちづくり・環境,道路・交通,バスの本数が減り、駅まで出るのが大変になった。改善をお願いします。
S01187,2026-07-07,区民意識調査,G区,まちづくり・環境,道路・交通,地域の循環バスが便利で、買い物に助かっている
S01188,2026-07-07,区民意識調査,H区,子育て・教育,子育て支援,子育て中で、雨の日でも子どもを遊ばせられる場所がほしい。
S01189,2026-07-07,広聴データベース,J区,暮らし・安全,福祉・高齢者,高齢者の介護の相談先が分からず困っている
S01190,2026-07-07,区民意識調査,N区,子育て・教育,学校・教育,通学路の見守りが少なく、子どもの登下校が心配。改善をお願いします。
S01191,2026-07-07,区民意識調査,E区,まちづくり・環境,道路・交通,駅前の放置自転車が多い
S01192,2026-07-07,区民意識調査,I区,子育て・教育,保育・幼稚園,保育園の先生方の対応が丁寧で安心して預けられる。
S01193,2026-07-08,区民意識調査,M区,まちづくり・環境,ごみ・環境,ごみの分別が分かりにくく、収集日も覚えられない
S01194,2026-07-08,区民意識調査,A区,まちづくり・環境,公園・緑,子育て世帯が多いのに、近くに公園が少ない。何とかならないでしょうか。
S01195,2026-07-08,広聴データベース,F区,子育て・教育,保育・幼稚園,保育料が高いので、二人目を考えると負担が大きい。改善をお願いします。
S01196,2026-07-08,区民意識調査,H区,まちづくり・環境,公園・緑,子育てしやすいよう、公園に日陰とベンチを増やしてほしい。検討をお願いします。
S01197,2026-07-08,区民意識調査,C区,暮らし・安全,防災・防犯,防災マップが分かりやすく、避難場所を家族で確認できた。
S01198,2026-07-08,区民意識調査,R区,まちづくり・環境,道路・交通,歩道が狭く、ベビーカーで通るのが怖い
S01199,2026-07-08,区民意識調査,O区,暮らし・安全,区役所の窓口,区役所の職員の対応が丁寧で、満足度は高い
S01200,2026-07-08,広聴データベース,O区,まちづくり・環境,道路・交通,駅前の再整備で歩道が広くなり、歩きやすくなった。
S01201,2026-07-08,区民意識調査,M区,まちづくり・環境,道路・交通,駅前の放置自転車が多い。
S01202,2026-07-08,区民意識調査,N区,まちづくり・環境,ごみ・環境,集積場所がカラスに荒らされる。
S01203,2026-07-08,区民意識調査,A区,暮らし・安全,防災・防犯,夜道が暗く、街灯を増やしてほしい。改善をお願いします。
S01204,2026-07-08,区民意識調査,L区,子育て・教育,保育・幼稚園,保育園の空きがなく、育休明けの復職に間に合わない。改善をお願いします。
S01205,2026-07-08,区民意識調査,K区,まちづくり・環境,道路・交通,地域の循環バスが便利で、買い物に助かっている
S01206,2026-07-08,区民意識調査,M区,まちづくり・環境,ごみ・環境,地域の清掃活動で街がきれいになり、住みやすい。
S01207,2026-07-08,区民意識調査,D区,まちづくり・環境,道路・交通,駅前の再整備で歩道が広くなり、歩きやすくなった。ありがとうございます。
S01208,2026-07-08,区民意識調査,Q区,子育て・教育,保育・幼稚園,保育料が高いので、二人目を考えると負担が大きい。何とかならないでしょうか。
S01209,2026-07-08,区民意識調査,J区,暮らし・安全,防災・防犯,避難場所がどこか分からず、子どもと逃げられるか心配
S01210,2026-07-08,区民意識調査,Q区,子育て・教育,保育・幼稚園,保育園の空きがなく、育休明けの復職に間に合わない
S01211,2026-07-08,区民意識調査,E区,子育て・教育,子育て支援,子育て支援拠点のイベントが充実していて満足度が高い。
S01212,2026-07-08,区民意識調査,D区,子育て・教育,子育て支援,子育て支援拠点のイベントが充実していて満足度が高い。ありがとうございます。
S01213,2026-07-08,区民意識調査,N区,まちづくり・環境,道路・交通,地域の循環バスが便利で、買い物に助かっている。
S01214,2026-07-08,区民意識調査,K区,まちづくり・環境,ごみ・環境,地域の清掃活動で街がきれいになり、住みやすい。
S01215,2026-07-08,区民意識調査,P区,まちづくり・環境,道路・交通,地域の循環バスが便利で、買い物に助かっている。
S01216,2026-07-08,区民意識調査,N区,暮らし・安全,区役所の窓口,区役所の職員の対応が丁寧で、満足度は高い
S01217,2026-07-08,広聴データベース,B区,子育て・教育,保育・幼稚園,保育園の空きがなく、育休明けの復職に間に合わない
S01218,2026-07-08,区民意識調査,H区,子育て・教育,子育て支援,子育ての相談窓口がどこか分かりにくい。改善をお願いします。
S01219,2026-07-08,広聴データベース,G区,子育て・教育,保育・幼稚園,保育園の空きがなく、育休明けの復職に間に合わない。改善をお願いします。
S01220,2026-07-08,広聴データベース,Q区,子育て・教育,保育・幼稚園,保育園の空きがなく、育休明けの復職に間に合わない。
S01221,2026-07-08,区民意識調査,A区,暮らし・安全,福祉・高齢者,高齢者の介護の相談先が分からず困っている
S01222,2026-07-08,区民意識調査,P区,子育て・教育,学校・教育,通学路の見守りが少なく、子どもの登下校が心配。改善をお願いします。
S01223,2026-07-08,区民意識調査,M区,子育て・教育,保育・幼稚園,保育園の空きがなく、育休明けの復職に間に合わない。何とかならないでしょうか。
S01224,2026-07-08,区民意識調査,C区,まちづくり・環境,公園・緑,公園の遊具が古く、子どもを遊ばせるのが不安。
S01225,2026-07-08,広聴データベース,H区,暮らし・安全,防災・防犯,避難場所がどこか分からず、子どもと逃げられるか心配。改善をお願いします。
S01226,2026-07-08,区民意識調査,K区,まちづくり・環境,公園・緑,子育て世帯が多いのに、近くに公園が少ない。改善をお願いします。
S01227,2026-07-08,区民意識調査,E区,子育て・教育,学校・教育,通学路の見守りが少なく、子どもの登下校が心配
S01228,2026-07-08,区民意識調査,B区,まちづくり・環境,道路・交通,地域の循環バスが便利で、買い物に助かっている。
S01229,2026-07-08,区民意識調査,C区,暮らし・安全,防災・防犯,防災マップが分かりやすく、避難場所を家族で確認できた。ありがとうございます。
S01230,2026-07-08,区民意識調査,M区,まちづくり・環境,道路・交通,駅前の再整備で歩道が広くなり、歩きやすくなった。
S01231,2026-07-08,広聴データベース,M区,子育て・教育,保育・幼稚園,保育園の空きがなく、育休明けの復職に間に合わない。改善をお願いします。
S01232,2026-07-08,広聴データベース,L区,暮らし・安全,福祉・高齢者,高齢者が公園で集まれる場所があると良い。検討をお願いします。
S01233,2026-07-08,区民意識調査,O区,まちづくり・環境,道路・交通,地域の循環バスが便利で、買い物に助かっている。
S01234,2026-07-08,広聴データベース,A区,暮らし・安全,区役所の窓口,区役所の手続きがオンラインでできて便利になった。
S01235,2026-07-08,区民意識調査,N区,子育て・教育,保育・幼稚園,保育料が高いので、二人目を考えると負担が大きい。何とかならないでしょうか。
S01236,2026-07-08,区民意識調査,A区,子育て・教育,学校・教育,通学路の見守りが少なく、子どもの登下校が心配
S01237,2026-07-08,区民意識調査,L区,まちづくり・環境,ごみ・環境,ごみの収集が時間どおりで助かっている。
S01238,2026-07-08,広聴データベース,P区,まちづくり・環境,公園・緑,公園の遊具は安全性が高いと感じる。
S01239,2026-07-08,区民意識調査,L区,暮らし・安全,福祉・高齢者,地域包括支援センターの職員の対応が良い。
S01240,2026-07-08,広聴データベース,O区,まちづくり・環境,公園・緑,子育て世帯が多いのに、近くに公園が少ない。
S01241,2026-07-08,広聴データベース,J区,まちづくり・環境,公園・緑,公園がきれいになったのは良いが、トイレが古いままで残念。ありがとうございます。
S01242,2026-07-08,区民意識調査,C区,子育て・教育,子育て支援,子育ての相談窓口がどこか分かりにくい。改善をお願いします。
S01243,2026-07-08,区民意識調査,L区,まちづくり・環境,ごみ・環境,集積場所がカラスに荒らされる。何とかならないでしょうか。
S01244,2026-07-08,区民意識調査,O区,子育て・教育,保育・幼稚園,保育園の空きがなく、育休明けの復職に間に合わない
S01245,2026-07-08,区民意識調査,H区,子育て・教育,保育・幼稚園,保育園の先生方の対応が丁寧で安心して預けられる。
S01246,2026-07-08,広聴データベース,I区,まちづくり・環境,公園・緑,公園の遊具が古く、子どもを遊ばせるのが不安。何とかならないでしょうか。
S01247,2026-07-08,区民意識調査,I区,まちづくり・環境,公園・緑,公園の遊具が古く、子どもを遊ばせるのが不安
S01248,2026-07-08,区民意識調査,M区,子育て・教育,保育・幼稚園,保育園の空きがなく、育休明けの復職に間に合わない。何とかならないでしょうか。
S01249,2026-07-09,区民意識調査,F区,子育て・教育,保育・幼稚園,保育園の空きがなく、育休明けの復職に間に合わない。改善をお願いします。
S01250,2026-07-09,区民意識調査,A区,子育て・教育,子育て支援,子育て中で、雨の日でも子どもを遊ばせられる場所がほしい。検討をお願いします。
S01251,2026-07-09,区民意識調査,J区,子育て・教育,学校・教育,学校の先生が丁寧に相談に乗ってくれて安心できた。ありがとうございます。
S01252,2026-07-09,区民意識調査,F区,子育て・教育,保育・幼稚園,保育園の空きがなく、育休明けの復職に間に合わない
S01253,2026-07-09,区民意識調査,F区,子育て・教育,保育・幼稚園,保育料が高いので、二人目を考えると負担が大きい。
S01254,2026-07-09,広聴データベース,M区,まちづくり・環境,道路・交通,駅前の放置自転車が多い
S01255,2026-07-09,区民意識調査,K区,子育て・教育,保育・幼稚園,保育園の先生方の対応が丁寧で安心して預けられる
S01256,2026-07-09,区民意識調査,D区,子育て・教育,学校・教育,放課後の居場所が足りない。改善をお願いします。
S01257,2026-07-09,区民意識調査,L区,子育て・教育,保育・幼稚園,保育園の先生方の対応が丁寧で安心して預けられる。
S01258,2026-07-09,区民意識調査,H区,子育て・教育,子育て支援,子育て支援拠点のイベントが充実していて満足度が高い
S01259,2026-07-09,広聴データベース,E区,暮らし・安全,福祉・高齢者,高齢者の介護の相談先が分からず困っている。何とかならないでしょうか。
S01260,2026-07-09,区民意識調査,I区,子育て・教育,子育て支援,子育て中で、雨の日でも子どもを遊ばせられる場所がほしい。検討をお願いします。
S01261,2026-07-09,広聴データベース,C区,暮らし・安全,防災・防犯,夜道が暗く、街灯を増やしてほしい。
S01262,2026-07-09,広聴データベース,R区,まちづくり・環境,ごみ・環境,ごみの分別が分かりにくく、収集日も覚えられない。改善をお願いします。
S01263,2026-07-09,区民意識調査,K区,まちづくり・環境,道路・交通,駅前の再整備で歩道が広くなり、歩きやすくなった。ありがとうございます。
S01264,2026-07-09,区民意識調査,K区,まちづくり・環境,道路・交通,地域の循環バスが便利で、買い物に助かっている
S01265,2026-07-09,区民意識調査,D区,暮らし・安全,区役所の窓口,区役所の職員の対応が丁寧で、満足度は高い
S01266,2026-07-09,広聴データベース,Q区,まちづくり・環境,ごみ・環境,ごみの分別が分かりにくく、収集日も覚えられない。
S01267,2026-07-09,区民意識調査,I区,暮らし・安全,区役所の窓口,区役所の窓口の待ち時間が長い。改善をお願いします。
S01268,2026-07-09,区民意識調査,A区,暮らし・安全,防災・防犯,夜道が暗く、街灯を増やしてほしい。
S01269,2026-07-09,区民意識調査,N区,子育て・教育,学校・教育,通学路の見守りが少なく、子どもの登下校が心配。何とかならないでしょうか。
S01270,2026-07-09,区民意識調査,D区,暮らし・安全,防災・防犯,防災マップが分かりやすく、避難場所を家族で確認できた。ありがとうございます。
S01271,2026-07-09,区民意識調査,Q区,子育て・教育,保育・幼稚園,保育園の空きがなく、育休明けの復職に間に合わない
S01272,2026-07-09,区民意識調査,C区,子育て・教育,子育て支援,子育ての相談窓口がどこか分かりにくい。
S01273,2026-07-09,区民意識調査,E区,子育て・教育,保育・幼稚園,保育料が高いので、二人目を考えると負担が大きい
S01274,2026-07-09,区民意識調査,G区,暮らし・安全,福祉・高齢者,地域包括支援センターの職員の対応が良い
S01275,2026-07-09,区民意識調査,H区,子育て・教育,保育・幼稚園,保育料が高いので、二人目を考えると負担が大きい
S01276,2026-07-09,区民意識調査,P区,子育て・教育,保育・幼稚園,一時保育の予約が取りにくい
S01277,2026-07-09,区民意識調査,E区,子育て・教育,保育・幼稚園,保育園の空きがなく、育休明けの復職に間に合わない。
S01278,2026-07-09,区民意識調査,B区,子育て・教育,保育・幼稚園,保育園の先生方の対応が丁寧で安心して預けられる。ありがとうございます。
S01279,2026-07-09,区民意識調査,L区,子育て・教育,保育・幼稚園,保育園の空きがなく、育休明けの復職に間に合わない
S01280,2026-07-09,区民意識調査,O区,まちづくり・環境,公園・緑,子育て世帯が多いのに、近くに公園が少ない
S01281,2026-07-09,区民意識調査,K区,まちづくり・環境,道路・交通,駅前の放置自転車が多い。何とかならないでしょうか。
S01282,2026-07-09,区民意識調査,P区,暮らし・安全,区役所の窓口,区役所の手続きがオンラインでできて便利になった
S01283,2026-07-09,区民意識調査,J区,子育て・教育,子育て支援,子育て支援拠点のイベントが充実していて満足度が高い。ありがとうございます。
S01284,2026-07-09,広聴データベース,L区,子育て・教育,保育・幼稚園,保育園の空きがなく、育休明けの復職に間に合わない。改善をお願いします。
S01285,2026-07-09,区民意識調査,K区,暮らし・安全,区役所の窓口,区役所の窓口の待ち時間が長い。改善をお願いします。
S01286,2026-07-09,区民意識調査,J区,まちづくり・環境,道路・交通,歩道が狭く、ベビーカーで通るのが怖い
S01287,2026-07-09,区民意識調査,F区,まちづくり・環境,ごみ・環境,集積場所がカラスに荒らされる。改善をお願いします。
S01288,2026-07-09,区民意識調査,A区,まちづくり・環境,ごみ・環境,集積場所がカラスに荒らされる
S01289,2026-07-09,区民意識調査,P区,まちづくり・環境,公園・緑,公園がきれいになったのは良いが、トイレが古いままで残念。
S01290,2026-07-09,区民意識調査,I区,子育て・教育,保育・幼稚園,保育園の空きがなく、育休明けの復職に間に合わない。改善をお願いします。
S01291,2026-07-09,区民意識調査,M区,まちづくり・環境,公園・緑,子育て世帯が多いのに、近くに公園が少ない。何とかならないでしょうか。
S01292,2026-07-09,区民意識調査,G区,子育て・教育,子育て支援,子育て中で、雨の日でも子どもを遊ばせられる場所がほしい。
S01293,2026-07-09,区民意識調査,N区,暮らし・安全,防災・防犯,防災マップが分かりやすく、避難場所を家族で確認できた。
S01294,2026-07-09,広聴データベース,G区,子育て・教育,保育・幼稚園,保育料が高いので、二人目を考えると負担が大きい。改善をお願いします。
S01295,2026-07-09,区民意識調査,L区,子育て・教育,学校・教育,放課後の居場所が足りない。何とかならないでしょうか。
S01296,2026-07-09,区民意識調査,Q区,子育て・教育,保育・幼稚園,保育園の先生方の対応が丁寧で安心して預けられる
S01297,2026-07-09,区民意識調査,C区,子育て・教育,学校・教育,学校の情報発信が分かりやすくなって良い。
S01298,2026-07-09,区民意識調査,F区,暮らし・安全,区役所の窓口,区役所の手続きがオンラインでできて便利になった。
S01299,2026-07-09,区民意識調査,P区,まちづくり・環境,公園・緑,子育て世帯が多いのに、近くに公園が少ない。
S01300,2026-07-09,広聴データベース,M区,まちづくり・環境,公園・緑,子育てしやすいよう、公園に日陰とベンチを増やしてほしい。
S01301,2026-07-09,広聴データベース,F区,まちづくり・環境,ごみ・環境,ごみの収集が時間どおりで助かっている。ありがとうございます。
S01302,2026-07-09,広聴データベース,G区,まちづくり・環境,道路・交通,駅前の再整備で歩道が広くなり、歩きやすくなった。
S01303,2026-07-09,広聴データベース,I区,暮らし・安全,福祉・高齢者,高齢者の介護の相談先が分からず困っている。
S01304,2026-07-09,区民意識調査,H区,暮らし・安全,防災・防犯,夜道が暗く、街灯を増やしてほしい。
S01305,2026-07-09,広聴データベース,Q区,まちづくり・環境,道路・交通,駅前の放置自転車が多い
S01306,2026-07-09,区民意識調査,J区,子育て・教育,保育・幼稚園,一時保育の予約が取りにくい
S01307,2026-07-09,区民意識調査,R区,子育て・教育,子育て支援,子育て支援拠点のイベントが充実していて満足度が高い。ありがとうございます。
S01308,2026-07-09,広聴データベース,P区,まちづくり・環境,公園・緑,公園の遊具が古く、子どもを遊ばせるのが不安。改善をお願いします。
S01309,2026-07-09,区民意識調査,A区,暮らし・安全,防災・防犯,防災マップが分かりやすく、避難場所を家族で確認できた。ありがとうございます。
S01310,2026-07-09,区民意識調査,M区,子育て・教育,保育・幼稚園,保育園の空きがなく、育休明けの復職に間に合わない。改善をお願いします。
S01311,2026-07-09,区民意識調査,D区,まちづくり・環境,道路・交通,駅前の放置自転車が多い。改善をお願いします。
S01312,2026-07-09,区民意識調査,P区,暮らし・安全,防災・防犯,防災マップが分かりやすく、避難場所を家族で確認できた。
S01313,2026-07-09,広聴データベース,Q区,暮らし・安全,福祉・高齢者,高齢者の介護の相談先が分からず困っている。
S01314,2026-07-09,区民意識調査,A区,まちづくり・環境,道路・交通,地域の循環バスが便利で、買い物に助かっている。ありがとうございます。
S01315,2026-07-09,広聴データベース,N区,暮らし・安全,福祉・高齢者,高齢者の介護の相談先が分からず困っている。
S01316,2026-07-10,区民意識調査,R区,子育て・教育,保育・幼稚園,保育園の空きがなく、育休明けの復職に間に合わない。改善をお願いします。
S01317,2026-07-10,区民意識調査,A区,子育て・教育,保育・幼稚園,保育園の先生方の対応が丁寧で安心して預けられる。
S01318,2026-07-10,区民意識調査,L区,子育て・教育,子育て支援,子育て中で、雨の日でも子どもを遊ばせられる場所がほしい。
S01319,2026-07-10,区民意識調査,M区,子育て・教育,保育・幼稚園,保育園の先生方の対応が丁寧で安心して預けられる
S01320,2026-07-10,区民意識調査,M区,子育て・教育,学校・教育,学校の先生が丁寧に相談に乗ってくれて安心できた。ありがとうございます。
S01321,2026-07-10,区民意識調査,B区,子育て・教育,学校・教育,放課後の居場所が足りない
S01322,2026-07-10,区民意識調査,R区,子育て・教育,学校・教育,放課後の居場所が足りない
S01323,2026-07-10,区民意識調査,K区,子育て・教育,保育・幼稚園,保育園の先生方の対応が丁寧で安心して預けられる。
S01324,2026-07-10,広聴データベース,M区,まちづくり・環境,道路・交通,バスの本数が減り、駅まで出るのが大変になった。
S01325,2026-07-10,区民意識調査,M区,まちづくり・環境,道路・交通,地域の循環バスが便利で、買い物に助かっている。
S01326,2026-07-10,区民意識調査,L区,子育て・教育,保育・幼稚園,保育園の空きがなく、育休明けの復職に間に合わない
S01327,2026-07-10,広聴データベース,O区,まちづくり・環境,道路・交通,バスの本数が減り、駅まで出るのが大変になった。改善をお願いします。
S01328,2026-07-10,区民意識調査,B区,まちづくり・環境,公園・緑,公園の遊具が古く、子どもを遊ばせるのが不安。何とかならないでしょうか。
S01329,2026-07-10,区民意識調査,L区,子育て・教育,子育て支援,子育て中で、雨の日でも子どもを遊ばせられる場所がほしい。
S01330,2026-07-10,区民意識調査,Q区,子育て・教育,子育て支援,子育て中で、雨の日でも子どもを遊ばせられる場所がほしい。
S01331,2026-07-10,区民意識調査,H区,まちづくり・環境,ごみ・環境,ごみの収集が時間どおりで助かっている
S01332,2026-07-10,区民意識調査,M区,まちづくり・環境,道路・交通,バスの本数が減り、駅まで出るのが大変になった
S01333,2026-07-10,区民意識調査,Q区,子育て・教育,学校・教育,学校の先生が丁寧に相談に乗ってくれて安心できた。ありがとうございます。
S01334,2026-07-10,区民意識調査,G区,暮らし・安全,防災・防犯,夜道が暗く、街灯を増やしてほしい。
S01335,2026-07-10,区民意識調査,D区,まちづくり・環境,ごみ・環境,地域の清掃活動で街がきれいになり、住みやすい。
S01336,2026-07-10,区民意識調査,O区,暮らし・安全,防災・防犯,防災マップが分かりやすく、避難場所を家族で確認できた。
S01337,2026-07-10,区民意識調査,N区,子育て・教育,保育・幼稚園,保育料が高いので、二人目を考えると負担が大きい。何とかならないでしょうか。
S01338,2026-07-10,広聴データベース,P区,暮らし・安全,防災・防犯,夜道が暗く、街灯を増やしてほしい。
S01339,2026-07-10,区民意識調査,N区,暮らし・安全,区役所の窓口,区役所の手続きがオンラインでできて便利になった
S01340,2026-07-10,区民意識調査,H区,まちづくり・環境,道路・交通,地域の循環バスが便利で、買い物に助かっている
S01341,2026-07-10,広聴データベース,H区,子育て・教育,子育て支援,子育ての相談窓口がどこか分かりにくい
S01342,2026-07-10,区民意識調査,D区,まちづくり・環境,公園・緑,子育て世帯が多いのに、近くに公園が少ない。
S01343,2026-07-10,広聴データベース,O区,子育て・教育,子育て支援,子育て中で、雨の日でも子どもを遊ばせられる場所がほしい
S01344,2026-07-10,区民意識調査,H区,子育て・教育,保育・幼稚園,保育園の先生方の対応が丁寧で安心して預けられる。
S01345,2026-07-10,区民意識調査,E区,暮らし・安全,福祉・高齢者,地域包括支援センターの職員の対応が良い。
S01346,2026-07-10,区民意識調査,E区,暮らし・安全,福祉・高齢者,地域包括支援センターの職員の対応が良い。
S01347,2026-07-10,区民意識調査,P区,暮らし・安全,防災・防犯,防災マップが分かりやすく、避難場所を家族で確認できた。ありがとうございます。
S01348,2026-07-10,区民意識調査,R区,子育て・教育,子育て支援,子育ての相談窓口がどこか分かりにくい。
S01349,2026-07-10,区民意識調査,M区,子育て・教育,学校・教育,学校の先生が丁寧に相談に乗ってくれて安心できた
S01350,2026-07-10,区民意識調査,A区,暮らし・安全,防災・防犯,夜道が暗く、街灯を増やしてほしい。
S01351,2026-07-10,区民意識調査,K区,暮らし・安全,防災・防犯,避難場所がどこか分からず、子どもと逃げられるか心配
S01352,2026-07-10,区民意識調査,J区,暮らし・安全,福祉・高齢者,高齢者の介護の相談先が分からず困っている。何とかならないでしょうか。
S01353,2026-07-10,区民意識調査,H区,まちづくり・環境,道路・交通,バスの本数が減り、駅まで出るのが大変になった。何とかならないでしょうか。
S01354,2026-07-10,区民意識調査,O区,まちづくり・環境,公園・緑,子育て世帯が多いのに、近くに公園が少ない。
S01355,2026-07-10,区民意識調査,D区,まちづくり・環境,公園・緑,公園の遊具が古く、子どもを遊ばせるのが不安。
S01356,2026-07-10,区民意識調査,L区,まちづくり・環境,道路・交通,バスの本数が減り、駅まで出るのが大変になった。改善をお願いします。
S01357,2026-07-10,区民意識調査,P区,まちづくり・環境,道路・交通,歩道が狭く、ベビーカーで通るのが怖い。何とかならないでしょうか。
S01358,2026-07-10,区民意識調査,E区,暮らし・安全,区役所の窓口,区役所の手続きがオンラインでできて便利になった。
S01359,2026-07-10,広聴データベース,G区,まちづくり・環境,ごみ・環境,ごみの収集が時間どおりで助かっている。ありがとうございます。
S01360,2026-07-10,区民意識調査,E区,暮らし・安全,防災・防犯,避難場所がどこか分からず、子どもと逃げられるか心配。何とかならないでしょうか。
S01361,2026-07-10,区民意識調査,C区,まちづくり・環境,道路・交通,バスの本数が減り、駅まで出るのが大変になった
S01362,2026-07-10,区民意識調査,A区,まちづくり・環境,公園・緑,子育て世帯が多いのに、近くに公園が少ない
S01363,2026-07-10,区民意識調査,R区,暮らし・安全,福祉・高齢者,高齢者の介護の相談先が分からず困っている
S01364,2026-07-10,区民意識調査,L区,まちづくり・環境,ごみ・環境,ごみの収集が時間どおりで助かっている
S01365,2026-07-10,区民意識調査,J区,子育て・教育,保育・幼稚園,保育園の先生方の対応が丁寧で安心して預けられる。ありがとうございます。
S01366,2026-07-10,区民意識調査,O区,暮らし・安全,区役所の窓口,区役所の職員の対応が丁寧で、満足度は高い。
S01367,2026-07-10,区民意識調査,F区,子育て・教育,学校・教育,学校の情報発信が分かりやすくなって良い
S01368,2026-07-10,区民意識調査,K区,子育て・教育,学校・教育,通学路の見守りが少なく、子どもの登下校が心配。何とかならないでしょうか。
S01369,2026-07-10,区民意識調査,L区,まちづくり・環境,公園・緑,子育てしやすいよう、公園に日陰とベンチを増やしてほしい。検討をお願いします。
S01370,2026-07-10,区民意識調査,F区,まちづくり・環境,道路・交通,駅前の再整備で歩道が広くなり、歩きやすくなった。
S01371,2026-07-10,区民意識調査,C区,まちづくり・環境,公園・緑,公園の遊具が古く、子どもを遊ばせるのが不安
S01372,2026-07-10,区民意識調査,D区,子育て・教育,保育・幼稚園,保育料が高いので、二人目を考えると負担が大きい
S01373,2026-07-10,区民意識調査,O区,子育て・教育,子育て支援,子育ての相談窓口がどこか分かりにくい。改善をお願いします。
S01374,2026-07-10,区民意識調査,E区,まちづくり・環境,道路・交通,地域の循環バスが便利で、買い物に助かっている。ありがとうございます。
S01375,2026-07-10,区民意識調査,E区,子育て・教育,保育・幼稚園,保育料が高いので、二人目を考えると負担が大きい。何とかならないでしょうか。
S01376,2026-07-10,区民意識調査,R区,子育て・教育,保育・幼稚園,保育園の先生方の対応が丁寧で安心して預けられる
S01377,2026-07-10,区民意識調査,D区,まちづくり・環境,道路・交通,駅前の放置自転車が多い。改善をお願いします。
S01378,2026-07-10,区民意識調査,B区,子育て・教育,子育て支援,子育て中で、雨の日でも子どもを遊ばせられる場所がほしい
S01379,2026-07-10,区民意識調査,R区,まちづくり・環境,ごみ・環境,地域の清掃活動で街がきれいになり、住みやすい。ありがとうございます。
S01380,2026-07-10,区民意識調査,D区,まちづくり・環境,公園・緑,公園がきれいになったのは良いが、トイレが古いままで残念
S01381,2026-07-10,区民意識調査,A区,子育て・教育,子育て支援,子育ての相談窓口がどこか分かりにくい。
S01382,2026-07-10,区民意識調査,D区,暮らし・安全,区役所の窓口,区役所の職員の対応が丁寧で、満足度は高い
S01383,2026-07-10,広聴データベース,I区,まちづくり・環境,公園・緑,公園の遊具が古く、子どもを遊ばせるのが不安
S01384,2026-07-10,広聴データベース,P区,子育て・教育,保育・幼稚園,保育園の空きがなく、育休明けの復職に間に合わない
S01385,2026-07-10,区民意識調査,P区,まちづくり・環境,ごみ・環境,地域の清掃活動で街がきれいになり、住みやすい。ありがとうございます。
S01386,2026-07-10,区民意識調査,I区,まちづくり・環境,公園・緑,公園がきれいになったのは良いが、トイレが古いままで残念
S01387,2026-07-10,区民意識調査,E区,暮らし・安全,防災・防犯,防災訓練に参加して、地域のつながりができて安心
S01388,2026-07-11,区民意識調査,C区,子育て・教育,保育・幼稚園,保育園の空きがなく、育休明けの復職に間に合わない
S01389,2026-07-11,区民意識調査,C区,まちづくり・環境,公園・緑,子育て世帯が多いのに、近くに公園が少ない。改善をお願いします。
S01390,2026-07-11,区民意識調査,L区,子育て・教育,学校・教育,学校の情報発信が分かりやすくなって良い。ありがとうございます。
S01391,2026-07-11,区民意識調査,J区,子育て・教育,保育・幼稚園,一時保育の予約が取りにくい。何とかならないでしょうか。
S01392,2026-07-11,広聴データベース,H区,子育て・教育,学校・教育,学校の先生が丁寧に相談に乗ってくれて安心できた。
S01393,2026-07-11,区民意識調査,K区,暮らし・安全,福祉・高齢者,地域包括支援センターの職員の対応が良い
S01394,2026-07-11,区民意識調査,C区,まちづくり・環境,公園・緑,公園がきれいになったのは良いが、トイレが古いままで残念。ありがとうございます。
S01395,2026-07-11,区民意識調査,K区,子育て・教育,保育・幼稚園,保育料が高いので、二人目を考えると負担が大きい
S01396,2026-07-11,区民意識調査,J区,子育て・教育,子育て支援,子育て中で、雨の日でも子どもを遊ばせられる場所がほしい。
S01397,2026-07-11,区民意識調査,N区,子育て・教育,保育・幼稚園,保育園の空きがなく、育休明けの復職に間に合わない。改善をお願いします。
S01398,2026-07-11,区民意識調査,E区,子育て・教育,子育て支援,子育ての相談窓口がどこか分かりにくい。何とかならないでしょうか。
S01399,2026-07-11,区民意識調査,K区,まちづくり・環境,公園・緑,子育て世帯が多いのに、近くに公園が少ない。何とかならないでしょうか。
S01400,2026-07-11,区民意識調査,F区,暮らし・安全,防災・防犯,防災マップが分かりやすく、避難場所を家族で確認できた
S01401,2026-07-11,区民意識調査,G区,子育て・教育,保育・幼稚園,保育園の空きがなく、育休明けの復職に間に合わない。何とかならないでしょうか。
S01402,2026-07-11,区民意識調査,N区,子育て・教育,保育・幼稚園,保育料が高いので、二人目を考えると負担が大きい。改善をお願いします。
S01403,2026-07-11,広聴データベース,B区,まちづくり・環境,公園・緑,子育て世帯が多いのに、近くに公園が少ない
S01404,2026-07-11,区民意識調査,L区,まちづくり・環境,道路・交通,駅前の再整備で歩道が広くなり、歩きやすくなった。
S01405,2026-07-11,区民意識調査,D区,まちづくり・環境,公園・緑,子育てしやすいよう、公園に日陰とベンチを増やしてほしい
S01406,2026-07-11,区民意識調査,G区,子育て・教育,学校・教育,放課後の居場所が足りない。何とかならないでしょうか。
S01407,2026-07-11,区民意識調査,B区,子育て・教育,保育・幼稚園,保育園の空きがなく、育休明けの復職に間に合わない。
S01408,2026-07-11,区民意識調査,L区,子育て・教育,子育て支援,子育て中で、雨の日でも子どもを遊ばせられる場所がほしい。
S01409,2026-07-11,区民意識調査,F区,まちづくり・環境,公園・緑,子育てしやすいよう、公園に日陰とベンチを増やしてほしい
S01410,2026-07-11,区民意識調査,F区,まちづくり・環境,公園・緑,子育てしやすいよう、公園に日陰とベンチを増やしてほしい。検討をお願いします。
S01411,2026-07-11,区民意識調査,F区,まちづくり・環境,道路・交通,バスの本数が減り、駅まで出るのが大変になった。何とかならないでしょうか。
S01412,2026-07-11,区民意識調査,P区,まちづくり・環境,ごみ・環境,ごみの分別が分かりにくく、収集日も覚えられない。改善をお願いします。
S01413,2026-07-11,区民意識調査,C区,子育て・教育,保育・幼稚園,一時保育の予約が取りにくい
S01414,2026-07-11,区民意識調査,Q区,暮らし・安全,区役所の窓口,区役所の職員の対応が丁寧で、満足度は高い
S01415,2026-07-11,広聴データベース,R区,子育て・教育,保育・幼稚園,保育料が高いので、二人目を考えると負担が大きい。改善をお願いします。
S01416,2026-07-11,区民意識調査,G区,暮らし・安全,区役所の窓口,区役所の手続きがオンラインでできて便利になった
S01417,2026-07-11,区民意識調査,Q区,暮らし・安全,区役所の窓口,区役所の窓口の待ち時間が長い。
S01418,2026-07-11,区民意識調査,N区,まちづくり・環境,道路・交通,バスの本数が減り、駅まで出るのが大変になった。改善をお願いします。
S01419,2026-07-11,区民意識調査,I区,子育て・教育,保育・幼稚園,保育園の先生方の対応が丁寧で安心して預けられる。ありがとうございます。
S01420,2026-07-11,広聴データベース,N区,子育て・教育,子育て支援,子育て中で、雨の日でも子どもを遊ばせられる場所がほしい。
S01421,2026-07-11,区民意識調査,L区,まちづくり・環境,公園・緑,公園がきれいになったのは良いが、トイレが古いままで残念。
S01422,2026-07-11,区民意識調査,P区,子育て・教育,学校・教育,学校の情報発信が分かりやすくなって良い。ありがとうございます。
S01423,2026-07-11,区民意識調査,F区,子育て・教育,保育・幼稚園,一時保育の予約が取りにくい
S01424,2026-07-11,区民意識調査,J区,暮らし・安全,防災・防犯,避難場所がどこか分からず、子どもと逃げられるか心配。
S01425,2026-07-11,広聴データベース,B区,まちづくり・環境,道路・交通,歩道が狭く、ベビーカーで通るのが怖い。改善をお願いします。
S01426,2026-07-11,区民意識調査,M区,子育て・教育,保育・幼稚園,保育園の先生方の対応が丁寧で安心して預けられる。
S01427,2026-07-11,広聴データベース,C区,まちづくり・環境,公園・緑,子育て世帯が多いのに、近くに公園が少ない。
S01428,2026-07-11,区民意識調査,F区,まちづくり・環境,道路・交通,駅前の再整備で歩道が広くなり、歩きやすくなった
S01429,2026-07-11,区民意識調査,I区,子育て・教育,保育・幼稚園,保育園の空きがなく、育休明けの復職に間に合わない。何とかならないでしょうか。
S01430,2026-07-11,区民意識調査,Q区,子育て・教育,保育・幼稚園,保育園の先生方の対応が丁寧で安心して預けられる。ありがとうございます。
S01431,2026-07-11,区民意識調査,N区,子育て・教育,学校・教育,学校の情報発信が分かりやすくなって良い。ありがとうございます。
S01432,2026-07-11,区民意識調査,P区,まちづくり・環境,公園・緑,子育て世帯が多いのに、近くに公園が少ない。何とかならないでしょうか。
S01433,2026-07-11,区民意識調査,G区,まちづくり・環境,ごみ・環境,集積場所がカラスに荒らされる。
S01434,2026-07-11,区民意識調査,A区,まちづくり・環境,ごみ・環境,地域の清掃活動で街がきれいになり、住みやすい。
S01435,2026-07-11,区民意識調査,J区,子育て・教育,子育て支援,子育て中で、雨の日でも子どもを遊ばせられる場所がほしい
S01436,2026-07-11,区民意識調査,H区,暮らし・安全,防災・防犯,防災訓練に参加して、地域のつながりができて安心。
S01437,2026-07-11,区民意識調査,H区,まちづくり・環境,公園・緑,公園の遊具は安全性が高いと感じる。
S01438,2026-07-11,広聴データベース,J区,子育て・教育,保育・幼稚園,保育園の空きがなく、育休明けの復職に間に合わない。改善をお願いします。
S01439,2026-07-11,区民意識調査,Q区,子育て・教育,保育・幼稚園,保育園の先生方の対応が丁寧で安心して預けられる。ありがとうございます。
S01440,2026-07-11,区民意識調査,F区,子育て・教育,保育・幼稚園,保育園の空きがなく、育休明けの復職に間に合わない。
S01441,2026-07-11,区民意識調査,I区,暮らし・安全,福祉・高齢者,地域包括支援センターの職員の対応が良い。ありがとうございます。
S01442,2026-07-11,広聴データベース,Q区,子育て・教育,学校・教育,通学路の見守りが少なく、子どもの登下校が心配。何とかならないでしょうか。
S01443,2026-07-11,区民意識調査,H区,暮らし・安全,区役所の窓口,区役所の窓口の待ち時間が長い。何とかならないでしょうか。
S01444,2026-07-11,区民意識調査,L区,まちづくり・環境,ごみ・環境,集積場所がカラスに荒らされる。改善をお願いします。
S01445,2026-07-11,区民意識調査,Q区,子育て・教育,保育・幼稚園,保育園の先生方の対応が丁寧で安心して預けられる。
S01446,2026-07-11,区民意識調査,D区,まちづくり・環境,公園・緑,公園の遊具が古く、子どもを遊ばせるのが不安。何とかならないでしょうか。
S01447,2026-07-11,区民意識調査,G区,暮らし・安全,防災・防犯,夜道が暗く、街灯を増やしてほしい。改善をお願いします。
S01448,2026-07-11,広聴データベース,B区,まちづくり・環境,ごみ・環境,集積場所がカラスに荒らされる。
S01449,2026-07-11,広聴データベース,G区,子育て・教育,保育・幼稚園,一時保育の予約が取りにくい。何とかならないでしょうか。
S01450,2026-07-11,区民意識調査,K区,まちづくり・環境,ごみ・環境,地域の清掃活動で街がきれいになり、住みやすい
S01451,2026-07-11,区民意識調査,B区,まちづくり・環境,道路・交通,地域の循環バスが便利で、買い物に助かっている。ありがとうございます。
S01452,2026-07-11,区民意識調査,G区,まちづくり・環境,公園・緑,公園の遊具が古く、子どもを遊ばせるのが不安。改善をお願いします。
S01453,2026-07-11,区民意識調査,L区,子育て・教育,保育・幼稚園,保育園の先生方の対応が丁寧で安心して預けられる
S01454,2026-07-11,区民意識調査,J区,暮らし・安全,防災・防犯,防災マップが分かりやすく、避難場所を家族で確認できた。
S01455,2026-07-11,区民意識調査,D区,暮らし・安全,福祉・高齢者,地域包括支援センターの職員の対応が良い。ありがとうございます。
S01456,2026-07-11,区民意識調査,K区,子育て・教育,保育・幼稚園,保育園の空きがなく、育休明けの復職に間に合わない
S01457,2026-07-11,区民意識調査,B区,子育て・教育,学校・教育,学校の情報発信が分かりやすくなって良い。ありがとうございます。
S01458,2026-07-11,区民意識調査,G区,子育て・教育,子育て支援,子育て支援拠点のイベントが充実していて満足度が高い
S01459,2026-07-12,区民意識調査,L区,まちづくり・環境,公園・緑,子育て世帯が多いのに、近くに公園が少ない。改善をお願いします。
S01460,2026-07-12,区民意識調査,P区,子育て・教育,保育・幼稚園,保育料が高いので、二人目を考えると負担が大きい。改善をお願いします。
S01461,2026-07-12,区民意識調査,C区,まちづくり・環境,公園・緑,公園の遊具が古く、子どもを遊ばせるのが不安。
S01462,2026-07-12,区民意識調査,G区,まちづくり・環境,ごみ・環境,ごみの収集が時間どおりで助かっている。
S01463,2026-07-12,区民意識調査,H区,暮らし・安全,防災・防犯,避難場所がどこか分からず、子どもと逃げられるか心配。何とかならないでしょうか。
S01464,2026-07-12,広聴データベース,A区,子育て・教育,保育・幼稚園,保育料が高いので、二人目を考えると負担が大きい。
S01465,2026-07-12,区民意識調査,F区,子育て・教育,保育・幼稚園,保育料が高いので、二人目を考えると負担が大きい
S01466,2026-07-12,区民意識調査,O区,暮らし・安全,防災・防犯,防災マップが分かりやすく、避難場所を家族で確認できた。
S01467,2026-07-12,区民意識調査,R区,子育て・教育,保育・幼稚園,保育園の先生方の対応が丁寧で安心して預けられる。ありがとうございます。
S01468,2026-07-12,区民意識調査,M区,まちづくり・環境,ごみ・環境,ごみの収集が時間どおりで助かっている
S01469,2026-07-12,区民意識調査,C区,まちづくり・環境,公園・緑,公園がきれいになったのは良いが、トイレが古いままで残念
S01470,2026-07-12,区民意識調査,Q区,暮らし・安全,防災・防犯,夜道が暗く、街灯を増やしてほしい。何とかならないでしょうか。
S01471,2026-07-12,区民意識調査,J区,暮らし・安全,福祉・高齢者,高齢者の介護の相談先が分からず困っている。何とかならないでしょうか。
S01472,2026-07-12,区民意識調査,Q区,まちづくり・環境,公園・緑,子育て世帯が多いのに、近くに公園が少ない。
S01473,2026-07-12,広聴データベース,O区,子育て・教育,保育・幼稚園,保育料が高いので、二人目を考えると負担が大きい。改善をお願いします。
S01474,2026-07-12,区民意識調査,G区,まちづくり・環境,ごみ・環境,ごみの分別が分かりにくく、収集日も覚えられない。改善をお願いします。
S01475,2026-07-12,区民意識調査,G区,子育て・教育,子育て支援,子育て中で、雨の日でも子どもを遊ばせられる場所がほしい
S01476,2026-07-12,広聴データベース,K区,子育て・教育,子育て支援,子育て中で、雨の日でも子どもを遊ばせられる場所がほしい
S01477,2026-07-12,区民意識調査,E区,子育て・教育,保育・幼稚園,保育園の空きがなく、育休明けの復職に間に合わない。何とかならないでしょうか。
S01478,2026-07-12,区民意識調査,R区,子育て・教育,保育・幼稚園,一時保育の予約が取りにくい。何とかならないでしょうか。
S01479,2026-07-12,広聴データベース,K区,子育て・教育,子育て支援,子育て中で、雨の日でも子どもを遊ばせられる場所がほしい
S01480,2026-07-12,区民意識調査,M区,暮らし・安全,福祉・高齢者,地域包括支援センターの職員の対応が良い
S01481,2026-07-12,区民意識調査,C区,まちづくり・環境,公園・緑,子育て世帯が多いのに、近くに公園が少ない
S01482,2026-07-12,区民意識調査,R区,子育て・教育,保育・幼稚園,一時保育の予約が取りにくい。何とかならないでしょうか。
S01483,2026-07-12,区民意識調査,G区,まちづくり・環境,ごみ・環境,ごみの収集が時間どおりで助かっている。
S01484,2026-07-12,区民意識調査,Q区,子育て・教育,保育・幼稚園,保育園の先生方の対応が丁寧で安心して預けられる
S01485,2026-07-12,区民意識調査,E区,まちづくり・環境,ごみ・環境,ごみの収集が時間どおりで助かっている。ありがとうございます。
S01486,2026-07-12,区民意識調査,I区,まちづくり・環境,公園・緑,子育てしやすいよう、公園に日陰とベンチを増やしてほしい。
S01487,2026-07-12,区民意識調査,G区,子育て・教育,保育・幼稚園,保育園の空きがなく、育休明けの復職に間に合わない
S01488,2026-07-12,区民意識調査,M区,暮らし・安全,福祉・高齢者,高齢者の介護の相談先が分からず困っている。
S01489,2026-07-12,区民意識調査,P区,まちづくり・環境,公園・緑,子育て世帯が多いのに、近くに公園が少ない。
S01490,2026-07-12,区民意識調査,E区,まちづくり・環境,公園・緑,子育て世帯が多いのに、近くに公園が少ない。
S01491,2026-07-12,区民意識調査,Q区,子育て・教育,保育・幼稚園,保育園の先生方の対応が丁寧で安心して預けられる。ありがとうございます。
S01492,2026-07-12,区民意識調査,I区,暮らし・安全,福祉・高齢者,高齢者の介護の相談先が分からず困っている。改善をお願いします。
S01493,2026-07-12,区民意識調査,M区,子育て・教育,学校・教育,学校の先生が丁寧に相談に乗ってくれて安心できた。ありがとうございます。
S01494,2026-07-12,区民意識調査,R区,まちづくり・環境,公園・緑,公園の遊具は安全性が高いと感じる。ありがとうございます。
S01495,2026-07-12,区民意識調査,P区,子育て・教育,学校・教育,学校の先生が丁寧に相談に乗ってくれて安心できた
S01496,2026-07-12,区民意識調査,H区,まちづくり・環境,公園・緑,公園の遊具が古く、子どもを遊ばせるのが不安。何とかならないでしょうか。
S01497,2026-07-12,区民意識調査,D区,暮らし・安全,区役所の窓口,区役所の窓口の待ち時間が長い。改善をお願いします。
S01498,2026-07-12,区民意識調査,L区,まちづくり・環境,道路・交通,地域の循環バスが便利で、買い物に助かっている。ありがとうございます。
S01499,2026-07-12,区民意識調査,A区,まちづくり・環境,公園・緑,公園がきれいになったのは良いが、トイレが古いままで残念。ありがとうございます。
S01500,2026-07-12,区民意識調査,I区,子育て・教育,学校・教育,学校の先生が丁寧に相談に乗ってくれて安心できた
S01501,2026-07-12,区民意識調査,M区,まちづくり・環境,公園・緑,子育てしやすいよう、公園に日陰とベンチを増やしてほしい。
S01502,2026-07-12,区民意識調査,M区,まちづくり・環境,公園・緑,子育て世帯が多いのに、近くに公園が少ない。何とかならないでしょうか。
S01503,2026-07-12,区民意識調査,L区,暮らし・安全,区役所の窓口,区役所の職員の対応が丁寧で、満足度は高い
S01504,2026-07-12,区民意識調査,E区,子育て・教育,子育て支援,子育て支援拠点のイベントが充実していて満足度が高い
S01505,2026-07-12,区民意識調査,N区,暮らし・安全,福祉・高齢者,高齢者が公園で集まれる場所があると良い
S01506,2026-07-12,区民意識調査,F区,まちづくり・環境,道路・交通,駅前の再整備で歩道が広くなり、歩きやすくなった。
S01507,2026-07-12,区民意識調査,B区,まちづくり・環境,公園・緑,公園の遊具は安全性が高いと感じる
S01508,2026-07-12,区民意識調査,P区,まちづくり・環境,公園・緑,子育て世帯が多いのに、近くに公園が少ない。改善をお願いします。
S01509,2026-07-12,区民意識調査,L区,子育て・教育,保育・幼稚園,保育園の空きがなく、育休明けの復職に間に合わない
S01510,2026-07-12,区民意識調査,R区,まちづくり・環境,道路・交通,駅前の再整備で歩道が広くなり、歩きやすくなった。ありがとうございます。
S01511,2026-07-12,区民意識調査,A区,暮らし・安全,福祉・高齢者,地域包括支援センターの職員の対応が良い
S01512,2026-07-12,区民意識調査,B区,まちづくり・環境,公園・緑,公園の遊具は安全性が高いと感じる。
S01513,2026-07-12,広聴データベース,F区,まちづくり・環境,道路・交通,駅前の放置自転車が多い
S01514,2026-07-12,区民意識調査,A区,暮らし・安全,防災・防犯,夜道が暗く、街灯を増やしてほしい。改善をお願いします。
S01515,2026-07-12,区民意識調査,E区,まちづくり・環境,道路・交通,歩道が狭く、ベビーカーで通るのが怖い。改善をお願いします。
S01516,2026-07-12,区民意識調査,R区,子育て・教育,子育て支援,子育て中で、雨の日でも子どもを遊ばせられる場所がほしい。
S01517,2026-07-12,区民意識調査,M区,まちづくり・環境,公園・緑,公園の遊具が古く、子どもを遊ばせるのが不安。何とかならないでしょうか。
S01518,2026-07-13,区民意識調査,A区,暮らし・安全,福祉・高齢者,高齢者が公園で集まれる場所があると良い。検討をお願いします。
S01519,2026-07-13,区民意識調査,G区,子育て・教育,保育・幼稚園,保育園の空きがなく、育休明けの復職に間に合わない。改善をお願いします。
S01520,2026-07-13,区民意識調査,L区,まちづくり・環境,公園・緑,公園がきれいになったのは良いが、トイレが古いままで残念。
S01521,2026-07-13,区民意識調査,Q区,子育て・教育,学校・教育,通学路の見守りが少なく、子どもの登下校が心配。改善をお願いします。
S01522,2026-07-13,区民意識調査,L区,子育て・教育,保育・幼稚園,一時保育の予約が取りにくい。改善をお願いします。
S01523,2026-07-13,区民意識調査,B区,まちづくり・環境,ごみ・環境,ごみの収集が時間どおりで助かっている。ありがとうございます。
S01524,2026-07-13,区民意識調査,K区,子育て・教育,学校・教育,学校の先生が丁寧に相談に乗ってくれて安心できた
S01525,2026-07-13,広聴データベース,G区,暮らし・安全,防災・防犯,防災訓練に参加して、地域のつながりができて安心。
S01526,2026-07-13,区民意識調査,H区,まちづくり・環境,道路・交通,バスの本数が減り、駅まで出るのが大変になった
S01527,2026-07-13,区民意識調査,H区,暮らし・安全,防災・防犯,夜道が暗く、街灯を増やしてほしい。何とかならないでしょうか。
S01528,2026-07-13,区民意識調査,I区,暮らし・安全,福祉・高齢者,高齢者の介護の相談先が分からず困っている。何とかならないでしょうか。
S01529,2026-07-13,区民意識調査,K区,子育て・教育,学校・教育,学校の情報発信が分かりやすくなって良い
S01530,2026-07-13,区民意識調査,C区,まちづくり・環境,道路・交通,地域の循環バスが便利で、買い物に助かっている
S01531,2026-07-13,区民意識調査,L区,まちづくり・環境,道路・交通,駅前の放置自転車が多い
S01532,2026-07-13,区民意識調査,K区,暮らし・安全,防災・防犯,夜道が暗く、街灯を増やしてほしい
S01533,2026-07-13,区民意識調査,J区,まちづくり・環境,道路・交通,駅前の再整備で歩道が広くなり、歩きやすくなった。
S01534,2026-07-13,区民意識調査,K区,まちづくり・環境,公園・緑,子育て世帯が多いのに、近くに公園が少ない。
S01535,2026-07-13,区民意識調査,A区,子育て・教育,保育・幼稚園,保育園の空きがなく、育休明けの復職に間に合わない
S01536,2026-07-13,区民意識調査,P区,子育て・教育,学校・教育,通学路の見守りが少なく、子どもの登下校が心配。何とかならないでしょうか。
S01537,2026-07-13,区民意識調査,M区,暮らし・安全,防災・防犯,防災訓練に参加して、地域のつながりができて安心
S01538,2026-07-13,区民意識調査,L区,子育て・教育,学校・教育,学校の先生が丁寧に相談に乗ってくれて安心できた。ありがとうございます。
S01539,2026-07-13,区民意識調査,B区,子育て・教育,保育・幼稚園,保育園の先生方の対応が丁寧で安心して預けられる。ありがとうございます。
S01540,2026-07-13,区民意識調査,B区,まちづくり・環境,ごみ・環境,集積場所がカラスに荒らされる。何とかならないでしょうか。
S01541,2026-07-13,区民意識調査,H区,まちづくり・環境,道路・交通,地域の循環バスが便利で、買い物に助かっている。
S01542,2026-07-13,区民意識調査,C区,子育て・教育,子育て支援,子育て支援拠点のイベントが充実していて満足度が高い。ありがとうございます。
S01543,2026-07-13,区民意識調査,D区,子育て・教育,保育・幼稚園,保育料が高いので、二人目を考えると負担が大きい。改善をお願いします。
S01544,2026-07-13,広聴データベース,N区,子育て・教育,子育て支援,子育て支援拠点のイベントが充実していて満足度が高い。ありがとうございます。
S01545,2026-07-13,広聴データベース,L区,暮らし・安全,防災・防犯,夜道が暗く、街灯を増やしてほしい
S01546,2026-07-13,区民意識調査,Q区,まちづくり・環境,道路・交通,歩道が狭く、ベビーカーで通るのが怖い。
S01547,2026-07-13,区民意識調査,B区,暮らし・安全,防災・防犯,夜道が暗く、街灯を増やしてほしい
S01548,2026-07-13,区民意識調査,D区,暮らし・安全,防災・防犯,防災訓練に参加して、地域のつながりができて安心。
S01549,2026-07-13,広聴データベース,R区,子育て・教育,保育・幼稚園,保育園の空きがなく、育休明けの復職に間に合わない。何とかならないでしょうか。
S01550,2026-07-13,区民意識調査,A区,まちづくり・環境,道路・交通,歩道が狭く、ベビーカーで通るのが怖い。
S01551,2026-07-13,区民意識調査,M区,暮らし・安全,区役所の窓口,区役所の手続きがオンラインでできて便利になった
S01552,2026-07-13,区民意識調査,C区,まちづくり・環境,公園・緑,公園の遊具が古く、子どもを遊ばせるのが不安
S01553,2026-07-13,区民意識調査,Q区,まちづくり・環境,公園・緑,子育てしやすいよう、公園に日陰とベンチを増やしてほしい。
S01554,2026-07-13,区民意識調査,R区,暮らし・安全,防災・防犯,防災マップが分かりやすく、避難場所を家族で確認できた。
S01555,2026-07-13,区民意識調査,I区,まちづくり・環境,道路・交通,駅前の再整備で歩道が広くなり、歩きやすくなった。
S01556,2026-07-13,区民意識調査,O区,子育て・教育,学校・教育,学校の情報発信が分かりやすくなって良い
S01557,2026-07-13,区民意識調査,A区,子育て・教育,学校・教育,放課後の居場所が足りない
S01558,2026-07-13,広聴データベース,H区,子育て・教育,保育・幼稚園,一時保育の予約が取りにくい。改善をお願いします。
S01559,2026-07-13,区民意識調査,A区,まちづくり・環境,ごみ・環境,地域の清掃活動で街がきれいになり、住みやすい。ありがとうございます。
S01560,2026-07-13,区民意識調査,L区,子育て・教育,保育・幼稚園,一時保育の予約が取りにくい。何とかならないでしょうか。
S01561,2026-07-13,区民意識調査,G区,暮らし・安全,区役所の窓口,区役所の手続きがオンラインでできて便利になった。
S01562,2026-07-13,区民意識調査,G区,子育て・教育,子育て支援,子育て中で、雨の日でも子どもを遊ばせられる場所がほしい。検討をお願いします。
S01563,2026-07-13,広聴データベース,D区,子育て・教育,保育・幼稚園,一時保育の予約が取りにくい。改善をお願いします。
S01564,2026-07-13,区民意識調査,B区,子育て・教育,保育・幼稚園,保育料が高いので、二人目を考えると負担が大きい
S01565,2026-07-13,区民意識調査,C区,子育て・教育,保育・幼稚園,保育園の空きがなく、育休明けの復職に間に合わない。何とかならないでしょうか。
S01566,2026-07-13,区民意識調査,Q区,子育て・教育,子育て支援,子育て中で、雨の日でも子どもを遊ばせられる場所がほしい。
S01567,2026-07-13,区民意識調査,L区,まちづくり・環境,ごみ・環境,集積場所がカラスに荒らされる。何とかならないでしょうか。
S01568,2026-07-13,区民意識調査,N区,子育て・教育,保育・幼稚園,保育園の先生方の対応が丁寧で安心して預けられる。
S01569,2026-07-13,区民意識調査,I区,暮らし・安全,区役所の窓口,区役所の窓口の待ち時間が長い。何とかならないでしょうか。
S01570,2026-07-13,区民意識調査,C区,子育て・教育,保育・幼稚園,保育園の先生方の対応が丁寧で安心して預けられる。
S01571,2026-07-13,広聴データベース,B区,子育て・教育,保育・幼稚園,保育園の先生方の対応が丁寧で安心して預けられる。
S01572,2026-07-14,区民意識調査,B区,暮らし・安全,福祉・高齢者,地域包括支援センターの職員の対応が良い。ありがとうございます。
S01573,2026-07-14,区民意識調査,Q区,子育て・教育,子育て支援,子育て支援拠点のイベントが充実していて満足度が高い
S01574,2026-07-14,区民意識調査,K区,まちづくり・環境,公園・緑,子育てしやすいよう、公園に日陰とベンチを増やしてほしい。検討をお願いします。
S01575,2026-07-14,区民意識調査,N区,子育て・教育,保育・幼稚園,保育料が高いので、二人目を考えると負担が大きい
S01576,2026-07-14,区民意識調査,N区,暮らし・安全,防災・防犯,防災マップが分かりやすく、避難場所を家族で確認できた。
S01577,2026-07-14,区民意識調査,P区,子育て・教育,学校・教育,通学路の見守りが少なく、子どもの登下校が心配。改善をお願いします。
S01578,2026-07-14,区民意識調査,F区,子育て・教育,子育て支援,子育て中で、雨の日でも子どもを遊ばせられる場所がほしい
S01579,2026-07-14,区民意識調査,D区,子育て・教育,保育・幼稚園,保育園の先生方の対応が丁寧で安心して預けられる。
S01580,2026-07-14,区民意識調査,P区,暮らし・安全,区役所の窓口,区役所の窓口の待ち時間が長い。何とかならないでしょうか。
S01581,2026-07-14,区民意識調査,C区,まちづくり・環境,公園・緑,公園の遊具は安全性が高いと感じる。
S01582,2026-07-14,区民意識調査,C区,子育て・教育,学校・教育,学校の先生が丁寧に相談に乗ってくれて安心できた。ありがとうございます。
S01583,2026-07-14,区民意識調査,P区,まちづくり・環境,道路・交通,駅前の再整備で歩道が広くなり、歩きやすくなった。ありがとうございます。
S01584,2026-07-14,区民意識調査,H区,まちづくり・環境,道路・交通,バスの本数が減り、駅まで出るのが大変になった。改善をお願いします。
S01585,2026-07-14,区民意識調査,B区,まちづくり・環境,公園・緑,子育て世帯が多いのに、近くに公園が少ない。何とかならないでしょうか。
S01586,2026-07-14,区民意識調査,K区,暮らし・安全,福祉・高齢者,高齢者の介護の相談先が分からず困っている。何とかならないでしょうか。
S01587,2026-07-14,区民意識調査,G区,まちづくり・環境,ごみ・環境,ごみの分別が分かりにくく、収集日も覚えられない。
S01588,2026-07-14,区民意識調査,R区,子育て・教育,学校・教育,学校の先生が丁寧に相談に乗ってくれて安心できた
S01589,2026-07-14,区民意識調査,K区,子育て・教育,保育・幼稚園,保育園の空きがなく、育休明けの復職に間に合わない。改善をお願いします。
S01590,2026-07-14,区民意識調査,L区,まちづくり・環境,道路・交通,歩道が狭く、ベビーカーで通るのが怖い。何とかならないでしょうか。
S01591,2026-07-14,区民意識調査,H区,まちづくり・環境,道路・交通,駅前の再整備で歩道が広くなり、歩きやすくなった。ありがとうございます。
S01592,2026-07-14,広聴データベース,E区,暮らし・安全,防災・防犯,夜道が暗く、街灯を増やしてほしい。改善をお願いします。
S01593,2026-07-14,区民意識調査,M区,子育て・教育,保育・幼稚園,保育園の空きがなく、育休明けの復職に間に合わない。改善をお願いします。
S01594,2026-07-14,区民意識調査,A区,子育て・教育,保育・幼稚園,保育料が高いので、二人目を考えると負担が大きい。何とかならないでしょうか。
S01595,2026-07-14,区民意識調査,J区,まちづくり・環境,道路・交通,地域の循環バスが便利で、買い物に助かっている
S01596,2026-07-14,区民意識調査,R区,まちづくり・環境,公園・緑,公園の遊具は安全性が高いと感じる
S01597,2026-07-14,区民意識調査,J区,まちづくり・環境,公園・緑,子育て世帯が多いのに、近くに公園が少ない。何とかならないでしょうか。
S01598,2026-07-14,広聴データベース,I区,まちづくり・環境,公園・緑,公園の遊具が古く、子どもを遊ばせるのが不安。何とかならないでしょうか。
S01599,2026-07-14,区民意識調査,C区,子育て・教育,学校・教育,学校の先生が丁寧に相談に乗ってくれて安心できた
S01600,2026-07-14,区民意識調査,N区,暮らし・安全,区役所の窓口,区役所の職員の対応が丁寧で、満足度は高い
S01601,2026-07-14,区民意識調査,H区,子育て・教育,学校・教育,学校の情報発信が分かりやすくなって良い
S01602,2026-07-14,区民意識調査,G区,まちづくり・環境,公園・緑,公園の遊具は安全性が高いと感じる。ありがとうございます。
S01603,2026-07-14,区民意識調査,O区,まちづくり・環境,ごみ・環境,集積場所がカラスに荒らされる。何とかならないでしょうか。
S01604,2026-07-14,区民意識調査,F区,暮らし・安全,区役所の窓口,区役所の職員の対応が丁寧で、満足度は高い
S01605,2026-07-14,広聴データベース,C区,まちづくり・環境,公園・緑,子育て世帯が多いのに、近くに公園が少ない。改善をお願いします。
S01606,2026-07-14,区民意識調査,N区,まちづくり・環境,公園・緑,子育て世帯が多いのに、近くに公園が少ない
S01607,2026-07-14,区民意識調査,C区,暮らし・安全,防災・防犯,夜道が暗く、街灯を増やしてほしい。改善をお願いします。
S01608,2026-07-14,広聴データベース,G区,まちづくり・環境,道路・交通,歩道が狭く、ベビーカーで通るのが怖い
S01609,2026-07-14,区民意識調査,P区,子育て・教育,子育て支援,子育て中で、雨の日でも子どもを遊ばせられる場所がほしい
S01610,2026-07-14,区民意識調査,R区,子育て・教育,学校・教育,放課後の居場所が足りない。改善をお願いします。
S01611,2026-07-14,区民意識調査,H区,暮らし・安全,福祉・高齢者,地域包括支援センターの職員の対応が良い
S01612,2026-07-14,広聴データベース,D区,まちづくり・環境,公園・緑,子育て世帯が多いのに、近くに公園が少ない。
S01613,2026-07-14,区民意識調査,H区,まちづくり・環境,公園・緑,公園の遊具が古く、子どもを遊ばせるのが不安。改善をお願いします。
S01614,2026-07-14,区民意識調査,L区,まちづくり・環境,公園・緑,子育て世帯が多いのに、近くに公園が少ない
S01615,2026-07-14,区民意識調査,G区,子育て・教育,保育・幼稚園,保育園の先生方の対応が丁寧で安心して預けられる。ありがとうございます。
S01616,2026-07-14,区民意識調査,E区,暮らし・安全,福祉・高齢者,地域包括支援センターの職員の対応が良い。ありがとうございます。
S01617,2026-07-14,区民意識調査,N区,まちづくり・環境,公園・緑,公園の遊具が古く、子どもを遊ばせるのが不安。何とかならないでしょうか。
S01618,2026-07-14,区民意識調査,M区,子育て・教育,保育・幼稚園,保育料が高いので、二人目を考えると負担が大きい。何とかならないでしょうか。
S01619,2026-07-14,区民意識調査,A区,暮らし・安全,区役所の窓口,区役所の手続きがオンラインでできて便利になった。ありがとうございます。
S01620,2026-07-14,広聴データベース,Q区,まちづくり・環境,公園・緑,公園の遊具が古く、子どもを遊ばせるのが不安。何とかならないでしょうか。
S01621,2026-07-14,区民意識調査,E区,子育て・教育,保育・幼稚園,保育料が高いので、二人目を考えると負担が大きい。何とかならないでしょうか。
S01622,2026-07-14,区民意識調査,G区,子育て・教育,子育て支援,子育て中で、雨の日でも子どもを遊ばせられる場所がほしい。
S01623,2026-07-14,区民意識調査,D区,暮らし・安全,区役所の窓口,区役所の窓口の待ち時間が長い
S01624,2026-07-14,区民意識調査,F区,子育て・教育,保育・幼稚園,一時保育の予約が取りにくい。何とかならないでしょうか。
S01625,2026-07-14,区民意識調査,E区,子育て・教育,子育て支援,子育て中で、雨の日でも子どもを遊ばせられる場所がほしい。
S01626,2026-07-14,区民意識調査,P区,子育て・教育,子育て支援,子育て支援拠点のイベントが充実していて満足度が高い。
S01627,2026-07-14,区民意識調査,O区,暮らし・安全,防災・防犯,防災マップが分かりやすく、避難場所を家族で確認できた。
S01628,2026-07-14,区民意識調査,K区,まちづくり・環境,ごみ・環境,集積場所がカラスに荒らされる
S01629,2026-07-14,区民意識調査,J区,暮らし・安全,区役所の窓口,区役所の手続きがオンラインでできて便利になった
S01630,2026-07-15,区民意識調査,D区,子育て・教育,子育て支援,子育ての相談窓口がどこか分かりにくい。改善をお願いします。
S01631,2026-07-15,区民意識調査,H区,子育て・教育,保育・幼稚園,保育園の空きがなく、育休明けの復職に間に合わない。改善をお願いします。
S01632,2026-07-15,区民意識調査,P区,子育て・教育,子育て支援,子育て中で、雨の日でも子どもを遊ばせられる場所がほしい。検討をお願いします。
S01633,2026-07-15,区民意識調査,O区,まちづくり・環境,ごみ・環境,地域の清掃活動で街がきれいになり、住みやすい
S01634,2026-07-15,区民意識調査,O区,暮らし・安全,防災・防犯,避難場所がどこか分からず、子どもと逃げられるか心配。何とかならないでしょうか。
S01635,2026-07-15,区民意識調査,M区,暮らし・安全,区役所の窓口,区役所の職員の対応が丁寧で、満足度は高い
S01636,2026-07-15,区民意識調査,D区,子育て・教育,学校・教育,学校の先生が丁寧に相談に乗ってくれて安心できた
S01637,2026-07-15,区民意識調査,H区,暮らし・安全,防災・防犯,防災訓練に参加して、地域のつながりができて安心。ありがとうございます。
S01638,2026-07-15,広聴データベース,Q区,子育て・教育,学校・教育,放課後の居場所が足りない。
S01639,2026-07-15,区民意識調査,B区,子育て・教育,保育・幼稚園,保育園の空きがなく、育休明けの復職に間に合わない。
S01640,2026-07-15,区民意識調査,E区,まちづくり・環境,道路・交通,歩道が狭く、ベビーカーで通るのが怖い
S01641,2026-07-15,区民意識調査,M区,まちづくり・環境,ごみ・環境,地域の清掃活動で街がきれいになり、住みやすい。ありがとうございます。
S01642,2026-07-15,区民意識調査,A区,まちづくり・環境,道路・交通,歩道が狭く、ベビーカーで通るのが怖い。
S01643,2026-07-15,広聴データベース,K区,暮らし・安全,防災・防犯,夜道が暗く、街灯を増やしてほしい。何とかならないでしょうか。
S01644,2026-07-15,区民意識調査,Q区,まちづくり・環境,道路・交通,駅前の再整備で歩道が広くなり、歩きやすくなった。
S01645,2026-07-15,広聴データベース,B区,まちづくり・環境,ごみ・環境,集積場所がカラスに荒らされる
S01646,2026-07-15,区民意識調査,E区,子育て・教育,保育・幼稚園,保育園の先生方の対応が丁寧で安心して預けられる
S01647,2026-07-15,区民意識調査,B区,暮らし・安全,防災・防犯,避難場所がどこか分からず、子どもと逃げられるか心配
S01648,2026-07-15,広聴データベース,N区,暮らし・安全,防災・防犯,防災マップが分かりやすく、避難場所を家族で確認できた。ありがとうございます。
S01649,2026-07-15,区民意識調査,B区,子育て・教育,子育て支援,子育ての相談窓口がどこか分かりにくい
S01650,2026-07-15,区民意識調査,L区,子育て・教育,子育て支援,子育て中で、雨の日でも子どもを遊ばせられる場所がほしい。
S01651,2026-07-15,区民意識調査,J区,まちづくり・環境,公園・緑,公園の遊具は安全性が高いと感じる
S01652,2026-07-15,広聴データベース,Q区,まちづくり・環境,ごみ・環境,集積場所がカラスに荒らされる
S01653,2026-07-15,区民意識調査,L区,子育て・教育,保育・幼稚園,保育料が高いので、二人目を考えると負担が大きい
S01654,2026-07-15,区民意識調査,B区,まちづくり・環境,公園・緑,子育てしやすいよう、公園に日陰とベンチを増やしてほしい。検討をお願いします。
S01655,2026-07-15,広聴データベース,I区,子育て・教育,保育・幼稚園,一時保育の予約が取りにくい。
S01656,2026-07-15,区民意識調査,C区,子育て・教育,学校・教育,学校の先生が丁寧に相談に乗ってくれて安心できた
S01657,2026-07-15,区民意識調査,I区,まちづくり・環境,ごみ・環境,ごみの分別が分かりにくく、収集日も覚えられない。何とかならないでしょうか。
S01658,2026-07-15,区民意識調査,Q区,まちづくり・環境,公園・緑,子育てしやすいよう、公園に日陰とベンチを増やしてほしい。検討をお願いします。
S01659,2026-07-15,区民意識調査,P区,子育て・教育,保育・幼稚園,一時保育の予約が取りにくい。
S01660,2026-07-15,区民意識調査,E区,まちづくり・環境,道路・交通,バスの本数が減り、駅まで出るのが大変になった。何とかならないでしょうか。
S01661,2026-07-15,区民意識調査,J区,子育て・教育,子育て支援,子育て中で、雨の日でも子どもを遊ばせられる場所がほしい
S01662,2026-07-15,区民意識調査,B区,暮らし・安全,区役所の窓口,区役所の手続きがオンラインでできて便利になった。ありがとうございます。
S01663,2026-07-15,区民意識調査,P区,暮らし・安全,防災・防犯,避難場所がどこか分からず、子どもと逃げられるか心配。何とかならないでしょうか。
S01664,2026-07-15,区民意識調査,K区,まちづくり・環境,道路・交通,バスの本数が減り、駅まで出るのが大変になった。改善をお願いします。
S01665,2026-07-15,区民意識調査,N区,子育て・教育,保育・幼稚園,保育料が高いので、二人目を考えると負担が大きい。
S01666,2026-07-15,区民意識調査,J区,子育て・教育,保育・幼稚園,保育園の空きがなく、育休明けの復職に間に合わない
S01667,2026-07-15,区民意識調査,O区,暮らし・安全,区役所の窓口,区役所の職員の対応が丁寧で、満足度は高い。
S01668,2026-07-15,区民意識調査,B区,暮らし・安全,区役所の窓口,区役所の手続きがオンラインでできて便利になった
S01669,2026-07-15,区民意識調査,O区,子育て・教育,学校・教育,通学路の見守りが少なく、子どもの登下校が心配。
S01670,2026-07-15,区民意識調査,F区,まちづくり・環境,道路・交通,駅前の再整備で歩道が広くなり、歩きやすくなった
S01671,2026-07-15,広聴データベース,B区,暮らし・安全,防災・防犯,夜道が暗く、街灯を増やしてほしい
S01672,2026-07-15,広聴データベース,D区,子育て・教育,保育・幼稚園,保育園の空きがなく、育休明けの復職に間に合わない。何とかならないでしょうか。
S01673,2026-07-15,区民意識調査,G区,まちづくり・環境,道路・交通,バスの本数が減り、駅まで出るのが大変になった
S01674,2026-07-15,区民意識調査,M区,子育て・教育,保育・幼稚園,保育園の空きがなく、育休明けの復職に間に合わない。何とかならないでしょうか。
S01675,2026-07-15,広聴データベース,P区,まちづくり・環境,道路・交通,地域の循環バスが便利で、買い物に助かっている
S01676,2026-07-15,区民意識調査,F区,子育て・教育,保育・幼稚園,保育園の空きがなく、育休明けの復職に間に合わない
S01677,2026-07-15,区民意識調査,F区,子育て・教育,保育・幼稚園,保育料が高いので、二人目を考えると負担が大きい
S01678,2026-07-15,広聴データベース,Q区,子育て・教育,学校・教育,通学路の見守りが少なく、子どもの登下校が心配。
S01679,2026-07-15,区民意識調査,G区,子育て・教育,保育・幼稚園,保育料が高いので、二人目を考えると負担が大きい。
S01680,2026-07-15,広聴データベース,A区,子育て・教育,子育て支援,子育ての相談窓口がどこか分かりにくい。改善をお願いします。
S01681,2026-07-15,区民意識調査,G区,まちづくり・環境,公園・緑,公園がきれいになったのは良いが、トイレが古いままで残念。ありがとうございます。
S01682,2026-07-15,区民意識調査,C区,まちづくり・環境,公園・緑,子育て世帯が多いのに、近くに公園が少ない。何とかならないでしょうか。
S01683,2026-07-15,区民意識調査,O区,まちづくり・環境,ごみ・環境,ごみの収集が時間どおりで助かっている。ありがとうございます。
S01684,2026-07-15,区民意識調査,L区,子育て・教育,学校・教育,通学路の見守りが少なく、子どもの登下校が心配。
S01685,2026-07-15,区民意識調査,E区,子育て・教育,保育・幼稚園,保育園の空きがなく、育休明けの復職に間に合わない。
S01686,2026-07-15,区民意識調査,E区,まちづくり・環境,ごみ・環境,ごみの分別が分かりにくく、収集日も覚えられない。改善をお願いします。
S01687,2026-07-15,区民意識調査,I区,子育て・教育,子育て支援,子育て中で、雨の日でも子どもを遊ばせられる場所がほしい。
S01688,2026-07-15,区民意識調査,P区,まちづくり・環境,ごみ・環境,集積場所がカラスに荒らされる。改善をお願いします。
S01689,2026-07-15,区民意識調査,C区,まちづくり・環境,公園・緑,子育て世帯が多いのに、近くに公園が少ない。改善をお願いします。
S01690,2026-07-15,区民意識調査,A区,暮らし・安全,防災・防犯,避難場所がどこか分からず、子どもと逃げられるか心配。改善をお願いします。
S01691,2026-07-15,区民意識調査,O区,子育て・教育,保育・幼稚園,保育園の空きがなく、育休明けの復職に間に合わない。
S01692,2026-07-15,区民意識調査,P区,子育て・教育,学校・教育,学校の先生が丁寧に相談に乗ってくれて安心できた
S01693,2026-07-15,区民意識調査,P区,まちづくり・環境,道路・交通,駅前の再整備で歩道が広くなり、歩きやすくなった。ありがとうございます。
S01694,2026-07-15,区民意識調査,O区,暮らし・安全,区役所の窓口,区役所の窓口の待ち時間が長い。改善をお願いします。
S01695,2026-07-15,区民意識調査,R区,暮らし・安全,福祉・高齢者,地域包括支援センターの職員の対応が良い
S01696,2026-07-16,区民意識調査,N区,子育て・教育,保育・幼稚園,一時保育の予約が取りにくい。何とかならないでしょうか。
S01697,2026-07-16,区民意識調査,A区,子育て・教育,子育て支援,子育て中で、雨の日でも子どもを遊ばせられる場所がほしい
S01698,2026-07-16,区民意識調査,F区,子育て・教育,保育・幼稚園,保育料が高いので、二人目を考えると負担が大きい。
S01699,2026-07-16,区民意識調査,H区,暮らし・安全,防災・防犯,防災マップが分かりやすく、避難場所を家族で確認できた。ありがとうございます。
S01700,2026-07-16,区民意識調査,C区,まちづくり・環境,公園・緑,公園の遊具が古く、子どもを遊ばせるのが不安
S01701,2026-07-16,区民意識調査,R区,暮らし・安全,区役所の窓口,区役所の窓口の待ち時間が長い
S01702,2026-07-16,広聴データベース,K区,子育て・教育,保育・幼稚園,保育園の先生方の対応が丁寧で安心して預けられる。ありがとうございます。
S01703,2026-07-16,広聴データベース,N区,子育て・教育,学校・教育,通学路の見守りが少なく、子どもの登下校が心配。
S01704,2026-07-16,区民意識調査,I区,まちづくり・環境,公園・緑,子育て世帯が多いのに、近くに公園が少ない。何とかならないでしょうか。
S01705,2026-07-16,区民意識調査,N区,暮らし・安全,福祉・高齢者,地域包括支援センターの職員の対応が良い。ありがとうございます。
S01706,2026-07-16,区民意識調査,L区,子育て・教育,子育て支援,子育て支援拠点のイベントが充実していて満足度が高い
S01707,2026-07-16,区民意識調査,R区,まちづくり・環境,公園・緑,公園の遊具は安全性が高いと感じる
S01708,2026-07-16,区民意識調査,A区,子育て・教育,保育・幼稚園,保育園の先生方の対応が丁寧で安心して預けられる。
S01709,2026-07-16,区民意識調査,N区,暮らし・安全,区役所の窓口,区役所の窓口の待ち時間が長い
S01710,2026-07-16,区民意識調査,J区,まちづくり・環境,道路・交通,地域の循環バスが便利で、買い物に助かっている。
S01711,2026-07-16,区民意識調査,R区,子育て・教育,保育・幼稚園,一時保育の予約が取りにくい。何とかならないでしょうか。
S01712,2026-07-16,広聴データベース,F区,まちづくり・環境,公園・緑,公園の遊具が古く、子どもを遊ばせるのが不安。改善をお願いします。
S01713,2026-07-16,区民意識調査,I区,子育て・教育,保育・幼稚園,保育料が高いので、二人目を考えると負担が大きい
S01714,2026-07-16,区民意識調査,I区,子育て・教育,保育・幼稚園,保育園の空きがなく、育休明けの復職に間に合わない。
S01715,2026-07-16,区民意識調査,G区,子育て・教育,学校・教育,通学路の見守りが少なく、子どもの登下校が心配。改善をお願いします。
S01716,2026-07-16,区民意識調査,Q区,子育て・教育,保育・幼稚園,保育園の先生方の対応が丁寧で安心して預けられる。ありがとうございます。
S01717,2026-07-16,区民意識調査,I区,子育て・教育,保育・幼稚園,保育料が高いので、二人目を考えると負担が大きい。何とかならないでしょうか。
S01718,2026-07-16,区民意識調査,A区,子育て・教育,子育て支援,子育て中で、雨の日でも子どもを遊ばせられる場所がほしい。
S01719,2026-07-16,区民意識調査,M区,暮らし・安全,福祉・高齢者,地域包括支援センターの職員の対応が良い。
S01720,2026-07-16,区民意識調査,L区,まちづくり・環境,道路・交通,バスの本数が減り、駅まで出るのが大変になった
S01721,2026-07-16,区民意識調査,D区,暮らし・安全,福祉・高齢者,高齢者が公園で集まれる場所があると良い
S01722,2026-07-16,区民意識調査,I区,暮らし・安全,防災・防犯,夜道が暗く、街灯を増やしてほしい。何とかならないでしょうか。
S01723,2026-07-16,区民意識調査,H区,まちづくり・環境,道路・交通,駅前の放置自転車が多い。何とかならないでしょうか。
S01724,2026-07-16,区民意識調査,B区,子育て・教育,学校・教育,通学路の見守りが少なく、子どもの登下校が心配
S01725,2026-07-16,区民意識調査,I区,子育て・教育,保育・幼稚園,保育園の空きがなく、育休明けの復職に間に合わない。何とかならないでしょうか。
S01726,2026-07-16,区民意識調査,F区,暮らし・安全,防災・防犯,防災マップが分かりやすく、避難場所を家族で確認できた。
S01727,2026-07-16,区民意識調査,P区,まちづくり・環境,ごみ・環境,ごみの収集が時間どおりで助かっている。ありがとうございます。
S01728,2026-07-16,広聴データベース,O区,まちづくり・環境,道路・交通,歩道が狭く、ベビーカーで通るのが怖い。何とかならないでしょうか。
S01729,2026-07-16,区民意識調査,C区,まちづくり・環境,公園・緑,公園の遊具が古く、子どもを遊ばせるのが不安。改善をお願いします。
S01730,2026-07-16,区民意識調査,B区,まちづくり・環境,ごみ・環境,地域の清掃活動で街がきれいになり、住みやすい。
S01731,2026-07-16,区民意識調査,A区,まちづくり・環境,公園・緑,子育てしやすいよう、公園に日陰とベンチを増やしてほしい。
S01732,2026-07-16,区民意識調査,G区,子育て・教育,保育・幼稚園,保育園の空きがなく、育休明けの復職に間に合わない。何とかならないでしょうか。
S01733,2026-07-16,区民意識調査,O区,暮らし・安全,防災・防犯,避難場所がどこか分からず、子どもと逃げられるか心配。何とかならないでしょうか。
S01734,2026-07-16,区民意識調査,K区,まちづくり・環境,道路・交通,駅前の放置自転車が多い
S01735,2026-07-16,広聴データベース,C区,まちづくり・環境,道路・交通,バスの本数が減り、駅まで出るのが大変になった。何とかならないでしょうか。
S01736,2026-07-16,区民意識調査,F区,子育て・教育,保育・幼稚園,保育料が高いので、二人目を考えると負担が大きい
S01737,2026-07-16,区民意識調査,K区,まちづくり・環境,公園・緑,子育て世帯が多いのに、近くに公園が少ない
S01738,2026-07-16,区民意識調査,D区,子育て・教育,子育て支援,子育て中で、雨の日でも子どもを遊ばせられる場所がほしい
S01739,2026-07-16,区民意識調査,F区,まちづくり・環境,道路・交通,地域の循環バスが便利で、買い物に助かっている。
S01740,2026-07-16,広聴データベース,D区,まちづくり・環境,公園・緑,子育てしやすいよう、公園に日陰とベンチを増やしてほしい。検討をお願いします。
S01741,2026-07-16,区民意識調査,C区,暮らし・安全,区役所の窓口,区役所の手続きがオンラインでできて便利になった
S01742,2026-07-16,区民意識調査,J区,子育て・教育,学校・教育,通学路の見守りが少なく、子どもの登下校が心配。改善をお願いします。
S01743,2026-07-16,区民意識調査,N区,子育て・教育,保育・幼稚園,保育園の空きがなく、育休明けの復職に間に合わない。
S01744,2026-07-16,区民意識調査,O区,まちづくり・環境,ごみ・環境,ごみの収集が時間どおりで助かっている。ありがとうございます。
S01745,2026-07-16,区民意識調査,R区,子育て・教育,保育・幼稚園,保育園の先生方の対応が丁寧で安心して預けられる
S01746,2026-07-16,区民意識調査,K区,暮らし・安全,福祉・高齢者,高齢者が公園で集まれる場所があると良い。
S01747,2026-07-16,区民意識調査,P区,まちづくり・環境,ごみ・環境,地域の清掃活動で街がきれいになり、住みやすい。ありがとうございます。
S01748,2026-07-17,区民意識調査,K区,暮らし・安全,防災・防犯,防災訓練に参加して、地域のつながりができて安心。ありがとうございます。
S01749,2026-07-17,区民意識調査,E区,暮らし・安全,福祉・高齢者,高齢者の介護の相談先が分からず困っている
S01750,2026-07-17,広聴データベース,L区,子育て・教育,学校・教育,通学路の見守りが少なく、子どもの登下校が心配
S01751,2026-07-17,区民意識調査,D区,暮らし・安全,区役所の窓口,区役所の窓口の待ち時間が長い。何とかならないでしょうか。
S01752,2026-07-17,区民意識調査,L区,暮らし・安全,防災・防犯,夜道が暗く、街灯を増やしてほしい。
S01753,2026-07-17,区民意識調査,G区,まちづくり・環境,公園・緑,公園の遊具は安全性が高いと感じる。
S01754,2026-07-17,区民意識調査,R区,暮らし・安全,防災・防犯,防災マップが分かりやすく、避難場所を家族で確認できた。ありがとうございます。
S01755,2026-07-17,区民意識調査,G区,暮らし・安全,防災・防犯,夜道が暗く、街灯を増やしてほしい。
S01756,2026-07-17,広聴データベース,M区,暮らし・安全,防災・防犯,避難場所がどこか分からず、子どもと逃げられるか心配。
S01757,2026-07-17,区民意識調査,P区,子育て・教育,保育・幼稚園,保育園の先生方の対応が丁寧で安心して預けられる
S01758,2026-07-17,区民意識調査,H区,まちづくり・環境,公園・緑,子育て世帯が多いのに、近くに公園が少ない。
S01759,2026-07-17,区民意識調査,P区,暮らし・安全,防災・防犯,防災マップが分かりやすく、避難場所を家族で確認できた
S01760,2026-07-17,区民意識調査,I区,まちづくり・環境,道路・交通,歩道が狭く、ベビーカーで通るのが怖い
S01761,2026-07-17,広聴データベース,F区,子育て・教育,保育・幼稚園,保育料が高いので、二人目を考えると負担が大きい
S01762,2026-07-17,区民意識調査,B区,暮らし・安全,福祉・高齢者,地域包括支援センターの職員の対応が良い
S01763,2026-07-17,区民意識調査,K区,まちづくり・環境,公園・緑,公園がきれいになったのは良いが、トイレが古いままで残念
S01764,2026-07-17,区民意識調査,D区,暮らし・安全,福祉・高齢者,高齢者の介護の相談先が分からず困っている。何とかならないでしょうか。
S01765,2026-07-17,区民意識調査,N区,子育て・教育,学校・教育,学校の先生が丁寧に相談に乗ってくれて安心できた
S01766,2026-07-17,区民意識調査,R区,子育て・教育,学校・教育,学校の先生が丁寧に相談に乗ってくれて安心できた。ありがとうございます。
S01767,2026-07-17,区民意識調査,B区,暮らし・安全,防災・防犯,防災マップが分かりやすく、避難場所を家族で確認できた。
S01768,2026-07-17,広聴データベース,C区,まちづくり・環境,公園・緑,公園の遊具が古く、子どもを遊ばせるのが不安
S01769,2026-07-17,区民意識調査,O区,暮らし・安全,防災・防犯,防災訓練に参加して、地域のつながりができて安心
S01770,2026-07-17,広聴データベース,A区,暮らし・安全,防災・防犯,避難場所がどこか分からず、子どもと逃げられるか心配。改善をお願いします。
S01771,2026-07-17,区民意識調査,N区,子育て・教育,子育て支援,子育て支援拠点のイベントが充実していて満足度が高い。
S01772,2026-07-17,区民意識調査,K区,子育て・教育,保育・幼稚園,保育料が高いので、二人目を考えると負担が大きい。何とかならないでしょうか。
S01773,2026-07-17,区民意識調査,H区,子育て・教育,保育・幼稚園,保育園の空きがなく、育休明けの復職に間に合わない。改善をお願いします。
S01774,2026-07-17,区民意識調査,N区,まちづくり・環境,道路・交通,駅前の再整備で歩道が広くなり、歩きやすくなった
S01775,2026-07-17,広聴データベース,C区,子育て・教育,子育て支援,子育て中で、雨の日でも子どもを遊ばせられる場所がほしい。
S01776,2026-07-17,区民意識調査,K区,まちづくり・環境,道路・交通,駅前の再整備で歩道が広くなり、歩きやすくなった。ありがとうございます。
S01777,2026-07-17,区民意識調査,N区,まちづくり・環境,公園・緑,公園の遊具が古く、子どもを遊ばせるのが不安。何とかならないでしょうか。
S01778,2026-07-17,区民意識調査,H区,まちづくり・環境,公園・緑,子育てしやすいよう、公園に日陰とベンチを増やしてほしい。検討をお願いします。
S01779,2026-07-17,区民意識調査,I区,まちづくり・環境,ごみ・環境,地域の清掃活動で街がきれいになり、住みやすい
S01780,2026-07-17,区民意識調査,L区,まちづくり・環境,道路・交通,駅前の再整備で歩道が広くなり、歩きやすくなった
S01781,2026-07-17,広聴データベース,N区,まちづくり・環境,公園・緑,子育て世帯が多いのに、近くに公園が少ない。改善をお願いします。
S01782,2026-07-17,広聴データベース,O区,まちづくり・環境,公園・緑,公園がきれいになったのは良いが、トイレが古いままで残念。ありがとうございます。
S01783,2026-07-17,区民意識調査,A区,暮らし・安全,区役所の窓口,区役所の手続きがオンラインでできて便利になった。
S01784,2026-07-17,区民意識調査,A区,まちづくり・環境,道路・交通,駅前の再整備で歩道が広くなり、歩きやすくなった
S01785,2026-07-17,区民意識調査,D区,子育て・教育,保育・幼稚園,保育料が高いので、二人目を考えると負担が大きい。何とかならないでしょうか。
S01786,2026-07-17,区民意識調査,K区,まちづくり・環境,公園・緑,子育て世帯が多いのに、近くに公園が少ない。何とかならないでしょうか。
S01787,2026-07-17,区民意識調査,E区,まちづくり・環境,ごみ・環境,ごみの収集が時間どおりで助かっている
S01788,2026-07-17,広聴データベース,B区,まちづくり・環境,道路・交通,駅前の放置自転車が多い。
S01789,2026-07-17,区民意識調査,O区,まちづくり・環境,道路・交通,歩道が狭く、ベビーカーで通るのが怖い。
S01790,2026-07-17,広聴データベース,Q区,暮らし・安全,福祉・高齢者,高齢者が公園で集まれる場所があると良い
S01791,2026-07-17,区民意識調査,G区,まちづくり・環境,公園・緑,公園の遊具が古く、子どもを遊ばせるのが不安。何とかならないでしょうか。
S01792,2026-07-17,区民意識調査,G区,子育て・教育,子育て支援,子育て支援拠点のイベントが充実していて満足度が高い
S01793,2026-07-17,区民意識調査,E区,子育て・教育,子育て支援,子育て支援拠点のイベントが充実していて満足度が高い。
S01794,2026-07-17,区民意識調査,I区,子育て・教育,保育・幼稚園,保育園の先生方の対応が丁寧で安心して預けられる。
S01795,2026-07-17,区民意識調査,M区,まちづくり・環境,道路・交通,バスの本数が減り、駅まで出るのが大変になった
S01796,2026-07-17,区民意識調査,E区,まちづくり・環境,公園・緑,公園の遊具が古く、子どもを遊ばせるのが不安
S01797,2026-07-17,広聴データベース,H区,まちづくり・環境,道路・交通,駅前の再整備で歩道が広くなり、歩きやすくなった
S01798,2026-07-17,区民意識調査,M区,まちづくり・環境,公園・緑,公園の遊具が古く、子どもを遊ばせるのが不安。何とかならないでしょうか。
S01799,2026-07-17,区民意識調査,O区,まちづくり・環境,道路・交通,駅前の再整備で歩道が広くなり、歩きやすくなった。ありがとうございます。
S01800,2026-07-17,区民意識調査,G区,暮らし・安全,防災・防犯,防災訓練に参加して、地域のつながりができて安心。ありがとうございます。
S01801,2026-07-17,区民意識調査,P区,子育て・教育,子育て支援,子育て支援拠点のイベントが充実していて満足度が高い。
S01802,2026-07-17,区民意識調査,M区,まちづくり・環境,道路・交通,駅前の放置自転車が多い。
S01803,2026-07-18,区民意識調査,Q区,まちづくり・環境,ごみ・環境,地域の清掃活動で街がきれいになり、住みやすい。ありがとうございます。
S01804,2026-07-18,区民意識調査,K区,暮らし・安全,防災・防犯,防災マップが分かりやすく、避難場所を家族で確認できた
S01805,2026-07-18,区民意識調査,E区,まちづくり・環境,道路・交通,歩道が狭く、ベビーカーで通るのが怖い。何とかならないでしょうか。
S01806,2026-07-18,区民意識調査,M区,まちづくり・環境,公園・緑,子育て世帯が多いのに、近くに公園が少ない。何とかならないでしょうか。
S01807,2026-07-18,区民意識調査,J区,まちづくり・環境,道路・交通,バスの本数が減り、駅まで出るのが大変になった。改善をお願いします。
S01808,2026-07-18,区民意識調査,A区,子育て・教育,子育て支援,子育て支援拠点のイベントが充実していて満足度が高い
S01809,2026-07-18,区民意識調査,F区,子育て・教育,保育・幼稚園,保育園の先生方の対応が丁寧で安心して預けられる。
S01810,2026-07-18,区民意識調査,F区,まちづくり・環境,公園・緑,子育て世帯が多いのに、近くに公園が少ない
S01811,2026-07-18,区民意識調査,K区,子育て・教育,学校・教育,学校の情報発信が分かりやすくなって良い。ありがとうございます。
S01812,2026-07-18,区民意識調査,N区,暮らし・安全,福祉・高齢者,高齢者が公園で集まれる場所があると良い。
S01813,2026-07-18,区民意識調査,D区,子育て・教育,子育て支援,子育て支援拠点のイベントが充実していて満足度が高い
S01814,2026-07-18,区民意識調査,Q区,子育て・教育,保育・幼稚園,保育園の先生方の対応が丁寧で安心して預けられる。ありがとうございます。
S01815,2026-07-18,区民意識調査,M区,暮らし・安全,区役所の窓口,区役所の職員の対応が丁寧で、満足度は高い。
S01816,2026-07-18,区民意識調査,K区,子育て・教育,保育・幼稚園,保育料が高いので、二人目を考えると負担が大きい
S01817,2026-07-18,区民意識調査,K区,まちづくり・環境,公園・緑,子育てしやすいよう、公園に日陰とベンチを増やしてほしい。
S01818,2026-07-18,広聴データベース,C区,子育て・教育,学校・教育,放課後の居場所が足りない。改善をお願いします。
S01819,2026-07-18,区民意識調査,F区,まちづくり・環境,ごみ・環境,ごみの収集が時間どおりで助かっている。ありがとうございます。
S01820,2026-07-18,区民意識調査,E区,子育て・教育,保育・幼稚園,保育園の空きがなく、育休明けの復職に間に合わない。何とかならないでしょうか。
S01821,2026-07-18,区民意識調査,G区,まちづくり・環境,公園・緑,公園がきれいになったのは良いが、トイレが古いままで残念。ありがとうございます。
S01822,2026-07-18,区民意識調査,O区,まちづくり・環境,ごみ・環境,ごみの分別が分かりにくく、収集日も覚えられない。改善をお願いします。
S01823,2026-07-18,区民意識調査,H区,まちづくり・環境,公園・緑,公園がきれいになったのは良いが、トイレが古いままで残念。ありがとうございます。
S01824,2026-07-18,区民意識調査,L区,子育て・教育,保育・幼稚園,保育園の先生方の対応が丁寧で安心して預けられる
S01825,2026-07-18,区民意識調査,C区,まちづくり・環境,公園・緑,子育て世帯が多いのに、近くに公園が少ない。
S01826,2026-07-18,区民意識調査,H区,まちづくり・環境,公園・緑,子育て世帯が多いのに、近くに公園が少ない。
S01827,2026-07-18,区民意識調査,H区,子育て・教育,子育て支援,子育て支援拠点のイベントが充実していて満足度が高い。ありがとうございます。
S01828,2026-07-18,区民意識調査,A区,子育て・教育,保育・幼稚園,保育園の先生方の対応が丁寧で安心して預けられる。
S01829,2026-07-18,広聴データベース,B区,暮らし・安全,区役所の窓口,区役所の窓口の待ち時間が長い
S01830,2026-07-18,区民意識調査,D区,まちづくり・環境,公園・緑,子育て世帯が多いのに、近くに公園が少ない。
S01831,2026-07-18,区民意識調査,N区,暮らし・安全,防災・防犯,避難場所がどこか分からず、子どもと逃げられるか心配。
S01832,2026-07-18,区民意識調査,D区,子育て・教育,子育て支援,子育て支援拠点のイベントが充実していて満足度が高い
S01833,2026-07-18,区民意識調査,C区,子育て・教育,保育・幼稚園,保育園の空きがなく、育休明けの復職に間に合わない。何とかならないでしょうか。
S01834,2026-07-18,区民意識調査,M区,暮らし・安全,防災・防犯,防災マップが分かりやすく、避難場所を家族で確認できた。ありがとうございます。
S01835,2026-07-18,区民意識調査,R区,まちづくり・環境,道路・交通,歩道が狭く、ベビーカーで通るのが怖い。改善をお願いします。
S01836,2026-07-18,区民意識調査,F区,まちづくり・環境,道路・交通,バスの本数が減り、駅まで出るのが大変になった。改善をお願いします。
S01837,2026-07-18,広聴データベース,R区,まちづくり・環境,道路・交通,歩道が狭く、ベビーカーで通るのが怖い。何とかならないでしょうか。
S01838,2026-07-18,区民意識調査,F区,まちづくり・環境,道路・交通,地域の循環バスが便利で、買い物に助かっている。
S01839,2026-07-18,区民意識調査,J区,子育て・教育,保育・幼稚園,一時保育の予約が取りにくい。改善をお願いします。
S01840,2026-07-18,区民意識調査,H区,暮らし・安全,区役所の窓口,区役所の窓口の待ち時間が長い。何とかならないでしょうか。
S01841,2026-07-18,区民意識調査,P区,まちづくり・環境,道路・交通,駅前の放置自転車が多い。改善をお願いします。
S01842,2026-07-18,区民意識調査,Q区,暮らし・安全,防災・防犯,夜道が暗く、街灯を増やしてほしい
S01843,2026-07-18,広聴データベース,K区,暮らし・安全,福祉・高齢者,高齢者の介護の相談先が分からず困っている。何とかならないでしょうか。
S01844,2026-07-18,区民意識調査,M区,子育て・教育,学校・教育,放課後の居場所が足りない
S01845,2026-07-18,区民意識調査,M区,子育て・教育,子育て支援,子育て支援拠点のイベントが充実していて満足度が高い。
S01846,2026-07-18,区民意識調査,N区,まちづくり・環境,ごみ・環境,地域の清掃活動で街がきれいになり、住みやすい。
S01847,2026-07-18,区民意識調査,I区,子育て・教育,学校・教育,学校の先生が丁寧に相談に乗ってくれて安心できた。
S01848,2026-07-18,区民意識調査,G区,子育て・教育,保育・幼稚園,保育園の先生方の対応が丁寧で安心して預けられる。
S01849,2026-07-18,区民意識調査,B区,まちづくり・環境,公園・緑,子育て世帯が多いのに、近くに公園が少ない。
S01850,2026-07-18,区民意識調査,A区,子育て・教育,学校・教育,学校の情報発信が分かりやすくなって良い
S01851,2026-07-18,区民意識調査,J区,まちづくり・環境,ごみ・環境,地域の清掃活動で街がきれいになり、住みやすい。ありがとうございます。
S01852,2026-07-18,区民意識調査,B区,暮らし・安全,福祉・高齢者,高齢者が公園で集まれる場所があると良い。検討をお願いします。
S01853,2026-07-18,区民意識調査,B区,暮らし・安全,福祉・高齢者,地域包括支援センターの職員の対応が良い。
S01854,2026-07-18,区民意識調査,Q区,子育て・教育,学校・教育,学校の先生が丁寧に相談に乗ってくれて安心できた。
S01855,2026-07-18,区民意識調査,G区,まちづくり・環境,公園・緑,公園の遊具が古く、子どもを遊ばせるのが不安。
S01856,2026-07-18,区民意識調査,B区,まちづくり・環境,道路・交通,駅前の再整備で歩道が広くなり、歩きやすくなった。ありがとうございます。
S01857,2026-07-18,区民意識調査,E区,子育て・教育,子育て支援,子育ての相談窓口がどこか分かりにくい
S01858,2026-07-18,広聴データベース,D区,暮らし・安全,区役所の窓口,区役所の窓口の待ち時間が長い。改善をお願いします。
S01859,2026-07-18,広聴データベース,M区,暮らし・安全,防災・防犯,避難場所がどこか分からず、子どもと逃げられるか心配。
S01860,2026-07-18,広聴データベース,A区,まちづくり・環境,ごみ・環境,集積場所がカラスに荒らされる。何とかならないでしょうか。
S01861,2026-07-18,区民意識調査,H区,暮らし・安全,防災・防犯,防災訓練に参加して、地域のつながりができて安心。
S01862,2026-07-18,区民意識調査,N区,子育て・教育,保育・幼稚園,保育園の先生方の対応が丁寧で安心して預けられる。
S01863,2026-07-18,区民意識調査,M区,子育て・教育,子育て支援,子育て支援拠点のイベントが充実していて満足度が高い。ありがとうございます。
S01864,2026-07-18,広聴データベース,H区,子育て・教育,保育・幼稚園,保育園の空きがなく、育休明けの復職に間に合わない。改善をお願いします。
S01865,2026-07-18,区民意識調査,P区,まちづくり・環境,公園・緑,公園がきれいになったのは良いが、トイレが古いままで残念。ありがとうございます。
S01866,2026-07-18,区民意識調査,Q区,子育て・教育,保育・幼稚園,保育料が高いので、二人目を考えると負担が大きい。
S01867,2026-07-18,区民意識調査,O区,まちづくり・環境,公園・緑,子育てしやすいよう、公園に日陰とベンチを増やしてほしい。
S01868,2026-07-18,区民意識調査,R区,暮らし・安全,福祉・高齢者,高齢者の介護の相談先が分からず困っている。
S01869,2026-07-18,区民意識調査,C区,まちづくり・環境,道路・交通,駅前の放置自転車が多い
S01870,2026-07-18,区民意識調査,G区,暮らし・安全,区役所の窓口,区役所の職員の対応が丁寧で、満足度は高い
S01871,2026-07-18,区民意識調査,C区,まちづくり・環境,道路・交通,バスの本数が減り、駅まで出るのが大変になった。
S01872,2026-07-18,区民意識調査,E区,まちづくり・環境,公園・緑,公園の遊具が古く、子どもを遊ばせるのが不安。
S01873,2026-07-18,区民意識調査,D区,まちづくり・環境,ごみ・環境,ごみの分別が分かりにくく、収集日も覚えられない。改善をお願いします。
S01874,2026-07-18,広聴データベース,H区,子育て・教育,保育・幼稚園,保育園の空きがなく、育休明けの復職に間に合わない
S01875,2026-07-18,区民意識調査,P区,子育て・教育,子育て支援,子育ての相談窓口がどこか分かりにくい
S01876,2026-07-18,区民意識調査,J区,子育て・教育,子育て支援,子育て支援拠点のイベントが充実していて満足度が高い。
S01877,2026-07-19,区民意識調査,M区,まちづくり・環境,道路・交通,駅前の放置自転車が多い。改善をお願いします。
S01878,2026-07-19,区民意識調査,O区,子育て・教育,保育・幼稚園,保育園の先生方の対応が丁寧で安心して預けられる。
S01879,2026-07-19,区民意識調査,Q区,まちづくり・環境,公園・緑,子育てしやすいよう、公園に日陰とベンチを増やしてほしい
S01880,2026-07-19,区民意識調査,I区,暮らし・安全,区役所の窓口,区役所の職員の対応が丁寧で、満足度は高い
S01881,2026-07-19,区民意識調査,K区,まちづくり・環境,公園・緑,公園の遊具は安全性が高いと感じる。
S01882,2026-07-19,区民意識調査,G区,子育て・教育,学校・教育,学校の先生が丁寧に相談に乗ってくれて安心できた。
S01883,2026-07-19,広聴データベース,O区,まちづくり・環境,道路・交通,駅前の再整備で歩道が広くなり、歩きやすくなった
S01884,2026-07-19,区民意識調査,D区,まちづくり・環境,道路・交通,歩道が狭く、ベビーカーで通るのが怖い。
S01885,2026-07-19,区民意識調査,D区,まちづくり・環境,公園・緑,子育てしやすいよう、公園に日陰とベンチを増やしてほしい。
S01886,2026-07-19,区民意識調査,Q区,まちづくり・環境,公園・緑,公園がきれいになったのは良いが、トイレが古いままで残念
S01887,2026-07-19,区民意識調査,M区,子育て・教育,保育・幼稚園,保育園の空きがなく、育休明けの復職に間に合わない。
S01888,2026-07-19,区民意識調査,Q区,暮らし・安全,福祉・高齢者,地域包括支援センターの職員の対応が良い
S01889,2026-07-19,区民意識調査,E区,まちづくり・環境,ごみ・環境,ごみの収集が時間どおりで助かっている。
S01890,2026-07-19,区民意識調査,H区,子育て・教育,保育・幼稚園,保育園の先生方の対応が丁寧で安心して預けられる
S01891,2026-07-19,区民意識調査,M区,子育て・教育,子育て支援,子育て中で、雨の日でも子どもを遊ばせられる場所がほしい。検討をお願いします。
S01892,2026-07-19,広聴データベース,D区,まちづくり・環境,道路・交通,バスの本数が減り、駅まで出るのが大変になった。
S01893,2026-07-19,区民意識調査,R区,暮らし・安全,区役所の窓口,区役所の職員の対応が丁寧で、満足度は高い。ありがとうございます。
S01894,2026-07-19,区民意識調査,G区,まちづくり・環境,道路・交通,バスの本数が減り、駅まで出るのが大変になった。改善をお願いします。
S01895,2026-07-19,区民意識調査,E区,まちづくり・環境,公園・緑,公園の遊具は安全性が高いと感じる
S01896,2026-07-19,区民意識調査,M区,まちづくり・環境,道路・交通,バスの本数が減り、駅まで出るのが大変になった
S01897,2026-07-19,区民意識調査,K区,子育て・教育,保育・幼稚園,保育園の空きがなく、育休明けの復職に間に合わない。改善をお願いします。
S01898,2026-07-19,広聴データベース,G区,まちづくり・環境,公園・緑,公園の遊具が古く、子どもを遊ばせるのが不安。
S01899,2026-07-19,区民意識調査,N区,まちづくり・環境,公園・緑,子育て世帯が多いのに、近くに公園が少ない
S01900,2026-07-19,区民意識調査,H区,まちづくり・環境,道路・交通,駅前の再整備で歩道が広くなり、歩きやすくなった。
S01901,2026-07-19,区民意識調査,H区,暮らし・安全,防災・防犯,夜道が暗く、街灯を増やしてほしい。改善をお願いします。
S01902,2026-07-19,区民意識調査,M区,まちづくり・環境,道路・交通,駅前の放置自転車が多い。
S01903,2026-07-19,区民意識調査,G区,まちづくり・環境,道路・交通,歩道が狭く、ベビーカーで通るのが怖い。何とかならないでしょうか。
S01904,2026-07-19,区民意識調査,K区,まちづくり・環境,ごみ・環境,ごみの収集が時間どおりで助かっている。
S01905,2026-07-19,区民意識調査,Q区,暮らし・安全,区役所の窓口,区役所の窓口の待ち時間が長い。何とかならないでしょうか。
S01906,2026-07-19,広聴データベース,I区,まちづくり・環境,公園・緑,公園の遊具が古く、子どもを遊ばせるのが不安。改善をお願いします。
S01907,2026-07-19,区民意識調査,O区,子育て・教育,学校・教育,学校の先生が丁寧に相談に乗ってくれて安心できた。ありがとうございます。
S01908,2026-07-19,区民意識調査,N区,子育て・教育,子育て支援,子育て中で、雨の日でも子どもを遊ばせられる場所がほしい。検討をお願いします。
S01909,2026-07-19,区民意識調査,J区,暮らし・安全,福祉・高齢者,高齢者の介護の相談先が分からず困っている
S01910,2026-07-19,区民意識調査,B区,暮らし・安全,福祉・高齢者,高齢者の介護の相談先が分からず困っている。改善をお願いします。
S01911,2026-07-19,広聴データベース,I区,子育て・教育,子育て支援,子育ての相談窓口がどこか分かりにくい。改善をお願いします。
S01912,2026-07-19,広聴データベース,C区,子育て・教育,学校・教育,通学路の見守りが少なく、子どもの登下校が心配。改善をお願いします。
S01913,2026-07-19,区民意識調査,I区,子育て・教育,保育・幼稚園,保育園の先生方の対応が丁寧で安心して預けられる。ありがとうございます。
S01914,2026-07-19,区民意識調査,G区,まちづくり・環境,道路・交通,駅前の再整備で歩道が広くなり、歩きやすくなった。
S01915,2026-07-19,区民意識調査,R区,子育て・教育,子育て支援,子育て中で、雨の日でも子どもを遊ばせられる場所がほしい
S01916,2026-07-19,区民意識調査,C区,暮らし・安全,防災・防犯,夜道が暗く、街灯を増やしてほしい。
S01917,2026-07-19,広聴データベース,E区,子育て・教育,保育・幼稚園,保育園の空きがなく、育休明けの復職に間に合わない。改善をお願いします。
S01918,2026-07-19,区民意識調査,N区,子育て・教育,学校・教育,通学路の見守りが少なく、子どもの登下校が心配。何とかならないでしょうか。
S01919,2026-07-19,区民意識調査,M区,暮らし・安全,区役所の窓口,区役所の職員の対応が丁寧で、満足度は高い
S01920,2026-07-19,区民意識調査,E区,まちづくり・環境,道路・交通,駅前の放置自転車が多い。何とかならないでしょうか。
S01921,2026-07-19,区民意識調査,M区,子育て・教育,保育・幼稚園,保育料が高いので、二人目を考えると負担が大きい
S01922,2026-07-19,区民意識調査,K区,子育て・教育,学校・教育,学校の先生が丁寧に相談に乗ってくれて安心できた
S01923,2026-07-19,区民意識調査,N区,暮らし・安全,福祉・高齢者,高齢者が公園で集まれる場所があると良い。
S01924,2026-07-19,区民意識調査,A区,まちづくり・環境,道路・交通,バスの本数が減り、駅まで出るのが大変になった。何とかならないでしょうか。
S01925,2026-07-19,広聴データベース,E区,まちづくり・環境,道路・交通,歩道が狭く、ベビーカーで通るのが怖い。何とかならないでしょうか。
S01926,2026-07-19,広聴データベース,C区,まちづくり・環境,道路・交通,駅前の放置自転車が多い。改善をお願いします。
S01927,2026-07-19,区民意識調査,J区,子育て・教育,子育て支援,子育ての相談窓口がどこか分かりにくい
S01928,2026-07-19,区民意識調査,Q区,子育て・教育,保育・幼稚園,一時保育の予約が取りにくい。何とかならないでしょうか。
S01929,2026-07-19,区民意識調査,L区,子育て・教育,保育・幼稚園,保育料が高いので、二人目を考えると負担が大きい。改善をお願いします。
S01930,2026-07-19,区民意識調査,L区,子育て・教育,学校・教育,学校の情報発信が分かりやすくなって良い。
S01931,2026-07-19,区民意識調査,L区,子育て・教育,子育て支援,子育て中で、雨の日でも子どもを遊ばせられる場所がほしい
S01932,2026-07-19,区民意識調査,A区,暮らし・安全,区役所の窓口,区役所の手続きがオンラインでできて便利になった。
S01933,2026-07-20,区民意識調査,J区,子育て・教育,子育て支援,子育て支援拠点のイベントが充実していて満足度が高い。ありがとうございます。
S01934,2026-07-20,区民意識調査,G区,まちづくり・環境,公園・緑,公園の遊具は安全性が高いと感じる。
S01935,2026-07-20,区民意識調査,P区,子育て・教育,保育・幼稚園,保育園の先生方の対応が丁寧で安心して預けられる。ありがとうございます。
S01936,2026-07-20,区民意識調査,D区,まちづくり・環境,ごみ・環境,地域の清掃活動で街がきれいになり、住みやすい。
S01937,2026-07-20,広聴データベース,D区,子育て・教育,学校・教育,放課後の居場所が足りない。
S01938,2026-07-20,区民意識調査,C区,子育て・教育,保育・幼稚園,保育園の先生方の対応が丁寧で安心して預けられる。
S01939,2026-07-20,区民意識調査,J区,まちづくり・環境,道路・交通,駅前の再整備で歩道が広くなり、歩きやすくなった
S01940,2026-07-20,区民意識調査,C区,まちづくり・環境,道路・交通,バスの本数が減り、駅まで出るのが大変になった
S01941,2026-07-20,区民意識調査,A区,まちづくり・環境,ごみ・環境,地域の清掃活動で街がきれいになり、住みやすい。ありがとうございます。
S01942,2026-07-20,区民意識調査,K区,子育て・教育,学校・教育,学校の先生が丁寧に相談に乗ってくれて安心できた。ありがとうございます。
S01943,2026-07-20,広聴データベース,I区,子育て・教育,保育・幼稚園,保育園の空きがなく、育休明けの復職に間に合わない。改善をお願いします。
S01944,2026-07-20,広聴データベース,D区,子育て・教育,保育・幼稚園,保育園の先生方の対応が丁寧で安心して預けられる。ありがとうございます。
S01945,2026-07-20,区民意識調査,C区,子育て・教育,保育・幼稚園,保育料が高いので、二人目を考えると負担が大きい
S01946,2026-07-20,区民意識調査,L区,子育て・教育,保育・幼稚園,保育園の先生方の対応が丁寧で安心して預けられる。ありがとうございます。
S01947,2026-07-20,区民意識調査,E区,まちづくり・環境,公園・緑,公園の遊具は安全性が高いと感じる。
S01948,2026-07-20,区民意識調査,M区,子育て・教育,保育・幼稚園,保育料が高いので、二人目を考えると負担が大きい。何とかならないでしょうか。
S01949,2026-07-20,区民意識調査,J区,子育て・教育,子育て支援,子育て支援拠点のイベントが充実していて満足度が高い。
S01950,2026-07-20,区民意識調査,P区,子育て・教育,保育・幼稚園,保育園の先生方の対応が丁寧で安心して預けられる
S01951,2026-07-20,広聴データベース,A区,暮らし・安全,防災・防犯,夜道が暗く、街灯を増やしてほしい。
S01952,2026-07-20,区民意識調査,D区,まちづくり・環境,道路・交通,地域の循環バスが便利で、買い物に助かっている
S01953,2026-07-20,区民意識調査,H区,暮らし・安全,防災・防犯,防災マップが分かりやすく、避難場所を家族で確認できた。ありがとうございます。
S01954,2026-07-20,区民意識調査,I区,子育て・教育,学校・教育,学校の先生が丁寧に相談に乗ってくれて安心できた。ありがとうございます。
S01955,2026-07-20,区民意識調査,B区,子育て・教育,子育て支援,子育ての相談窓口がどこか分かりにくい。
S01956,2026-07-20,広聴データベース,B区,子育て・教育,子育て支援,子育て中で、雨の日でも子どもを遊ばせられる場所がほしい
S01957,2026-07-20,区民意識調査,F区,子育て・教育,保育・幼稚園,一時保育の予約が取りにくい。改善をお願いします。
S01958,2026-07-20,区民意識調査,R区,まちづくり・環境,公園・緑,公園の遊具が古く、子どもを遊ばせるのが不安。改善をお願いします。
S01959,2026-07-20,区民意識調査,D区,子育て・教育,子育て支援,子育て中で、雨の日でも子どもを遊ばせられる場所がほしい
S01960,2026-07-20,区民意識調査,F区,まちづくり・環境,道路・交通,歩道が狭く、ベビーカーで通るのが怖い。何とかならないでしょうか。
S01961,2026-07-20,区民意識調査,N区,まちづくり・環境,ごみ・環境,集積場所がカラスに荒らされる。
S01962,2026-07-20,区民意識調査,L区,まちづくり・環境,公園・緑,公園の遊具が古く、子どもを遊ばせるのが不安。改善をお願いします。
S01963,2026-07-20,区民意識調査,H区,子育て・教育,子育て支援,子育て支援拠点のイベントが充実していて満足度が高い。
S01964,2026-07-20,区民意識調査,C区,子育て・教育,保育・幼稚園,保育園の空きがなく、育休明けの復職に間に合わない。改善をお願いします。
S01965,2026-07-20,区民意識調査,O区,暮らし・安全,区役所の窓口,区役所の窓口の待ち時間が長い。何とかならないでしょうか。
S01966,2026-07-20,区民意識調査,K区,子育て・教育,子育て支援,子育て中で、雨の日でも子どもを遊ばせられる場所がほしい
S01967,2026-07-20,区民意識調査,J区,まちづくり・環境,ごみ・環境,地域の清掃活動で街がきれいになり、住みやすい。
S01968,2026-07-20,区民意識調査,L区,暮らし・安全,防災・防犯,夜道が暗く、街灯を増やしてほしい
S01969,2026-07-20,区民意識調査,P区,子育て・教育,学校・教育,学校の情報発信が分かりやすくなって良い
S01970,2026-07-20,区民意識調査,H区,子育て・教育,学校・教育,通学路の見守りが少なく、子どもの登下校が心配。改善をお願いします。
S01971,2026-07-20,区民意識調査,G区,子育て・教育,学校・教育,学校の先生が丁寧に相談に乗ってくれて安心できた。
S01972,2026-07-20,区民意識調査,E区,暮らし・安全,区役所の窓口,区役所の窓口の待ち時間が長い。何とかならないでしょうか。
S01973,2026-07-20,区民意識調査,M区,子育て・教育,子育て支援,子育て中で、雨の日でも子どもを遊ばせられる場所がほしい。検討をお願いします。
S01974,2026-07-20,区民意識調査,M区,まちづくり・環境,道路・交通,バスの本数が減り、駅まで出るのが大変になった
S01975,2026-07-20,区民意識調査,I区,まちづくり・環境,ごみ・環境,集積場所がカラスに荒らされる。
S01976,2026-07-20,区民意識調査,J区,まちづくり・環境,公園・緑,子育て世帯が多いのに、近くに公園が少ない。
S01977,2026-07-20,区民意識調査,F区,子育て・教育,保育・幼稚園,保育料が高いので、二人目を考えると負担が大きい
S01978,2026-07-20,区民意識調査,J区,まちづくり・環境,ごみ・環境,地域の清掃活動で街がきれいになり、住みやすい。
S01979,2026-07-20,区民意識調査,P区,暮らし・安全,防災・防犯,防災訓練に参加して、地域のつながりができて安心
S01980,2026-07-20,区民意識調査,N区,子育て・教育,保育・幼稚園,保育園の空きがなく、育休明けの復職に間に合わない。
S01981,2026-07-20,区民意識調査,Q区,子育て・教育,学校・教育,通学路の見守りが少なく、子どもの登下校が心配。
S01982,2026-07-20,区民意識調査,R区,子育て・教育,子育て支援,子育て中で、雨の日でも子どもを遊ばせられる場所がほしい。
S01983,2026-07-20,区民意識調査,C区,暮らし・安全,防災・防犯,夜道が暗く、街灯を増やしてほしい。
S01984,2026-07-20,区民意識調査,I区,まちづくり・環境,道路・交通,バスの本数が減り、駅まで出るのが大変になった
S01985,2026-07-20,区民意識調査,E区,暮らし・安全,防災・防犯,夜道が暗く、街灯を増やしてほしい。改善をお願いします。
S01986,2026-07-20,区民意識調査,H区,暮らし・安全,区役所の窓口,区役所の窓口の待ち時間が長い。改善をお願いします。
S01987,2026-07-20,区民意識調査,I区,暮らし・安全,福祉・高齢者,高齢者が公園で集まれる場所があると良い
S01988,2026-07-20,区民意識調査,N区,暮らし・安全,区役所の窓口,区役所の手続きがオンラインでできて便利になった。
S01989,2026-07-20,区民意識調査,O区,まちづくり・環境,道路・交通,駅前の放置自転車が多い。改善をお願いします。
S01990,2026-07-20,区民意識調査,G区,まちづくり・環境,公園・緑,公園の遊具は安全性が高いと感じる。ありがとうございます。
S01991,2026-07-20,区民意識調査,I区,まちづくり・環境,ごみ・環境,ごみの分別が分かりにくく、収集日も覚えられない。何とかならないでしょうか。
S01992,2026-07-20,広聴データベース,J区,まちづくり・環境,道路・交通,駅前の放置自転車が多い。
S01993,2026-07-20,広聴データベース,M区,子育て・教育,子育て支援,子育て中で、雨の日でも子どもを遊ばせられる場所がほしい。
S01994,2026-07-20,区民意識調査,G区,子育て・教育,学校・教育,学校の情報発信が分かりやすくなって良い
S01995,2026-07-21,区民意識調査,C区,子育て・教育,子育て支援,子育て中で、雨の日でも子どもを遊ばせられる場所がほしい
S01996,2026-07-21,広聴データベース,N区,子育て・教育,学校・教育,学校の先生が丁寧に相談に乗ってくれて安心できた
S01997,2026-07-21,区民意識調査,N区,暮らし・安全,防災・防犯,避難場所がどこか分からず、子どもと逃げられるか心配。改善をお願いします。
S01998,2026-07-21,区民意識調査,G区,まちづくり・環境,公園・緑,公園の遊具が古く、子どもを遊ばせるのが不安
S01999,2026-07-21,区民意識調査,C区,暮らし・安全,福祉・高齢者,地域包括支援センターの職員の対応が良い。ありがとうございます。
S02000,2026-07-21,区民意識調査,H区,暮らし・安全,福祉・高齢者,高齢者の介護の相談先が分からず困っている。改善をお願いします。
S02001,2026-07-21,区民意識調査,Q区,子育て・教育,学校・教育,放課後の居場所が足りない。何とかならないでしょうか。
S02002,2026-07-21,区民意識調査,B区,暮らし・安全,区役所の窓口,区役所の窓口の待ち時間が長い
S02003,2026-07-21,区民意識調査,K区,まちづくり・環境,公園・緑,子育て世帯が多いのに、近くに公園が少ない
S02004,2026-07-21,区民意識調査,O区,まちづくり・環境,公園・緑,公園の遊具が古く、子どもを遊ばせるのが不安。
S02005,2026-07-21,区民意識調査,H区,子育て・教育,学校・教育,学校の情報発信が分かりやすくなって良い
S02006,2026-07-21,区民意識調査,K区,暮らし・安全,防災・防犯,防災マップが分かりやすく、避難場所を家族で確認できた
S02007,2026-07-21,区民意識調査,H区,子育て・教育,学校・教育,学校の先生が丁寧に相談に乗ってくれて安心できた。
S02008,2026-07-21,区民意識調査,D区,子育て・教育,学校・教育,放課後の居場所が足りない。
S02009,2026-07-21,区民意識調査,K区,まちづくり・環境,公園・緑,公園がきれいになったのは良いが、トイレが古いままで残念。
S02010,2026-07-21,広聴データベース,K区,まちづくり・環境,公園・緑,子育て世帯が多いのに、近くに公園が少ない。何とかならないでしょうか。
S02011,2026-07-21,区民意識調査,P区,暮らし・安全,防災・防犯,避難場所がどこか分からず、子どもと逃げられるか心配。改善をお願いします。
S02012,2026-07-21,広聴データベース,O区,暮らし・安全,防災・防犯,夜道が暗く、街灯を増やしてほしい。何とかならないでしょうか。
S02013,2026-07-21,区民意識調査,K区,まちづくり・環境,公園・緑,子育て世帯が多いのに、近くに公園が少ない。
S02014,2026-07-21,区民意識調査,N区,子育て・教育,保育・幼稚園,保育料が高いので、二人目を考えると負担が大きい
S02015,2026-07-21,区民意識調査,I区,暮らし・安全,福祉・高齢者,高齢者が公園で集まれる場所があると良い。
S02016,2026-07-21,区民意識調査,A区,暮らし・安全,福祉・高齢者,地域包括支援センターの職員の対応が良い
S02017,2026-07-21,区民意識調査,E区,まちづくり・環境,ごみ・環境,ごみの収集が時間どおりで助かっている
S02018,2026-07-21,区民意識調査,I区,まちづくり・環境,道路・交通,歩道が狭く、ベビーカーで通るのが怖い。改善をお願いします。
S02019,2026-07-21,区民意識調査,A区,まちづくり・環境,道路・交通,バスの本数が減り、駅まで出るのが大変になった。何とかならないでしょうか。
S02020,2026-07-21,広聴データベース,O区,暮らし・安全,区役所の窓口,区役所の窓口の待ち時間が長い。改善をお願いします。
S02021,2026-07-21,区民意識調査,D区,子育て・教育,保育・幼稚園,保育園の空きがなく、育休明けの復職に間に合わない。何とかならないでしょうか。
S02022,2026-07-21,区民意識調査,G区,暮らし・安全,防災・防犯,避難場所がどこか分からず、子どもと逃げられるか心配
S02023,2026-07-21,区民意識調査,H区,まちづくり・環境,公園・緑,公園の遊具が古く、子どもを遊ばせるのが不安。
S02024,2026-07-21,区民意識調査,P区,子育て・教育,学校・教育,学校の先生が丁寧に相談に乗ってくれて安心できた。
S02025,2026-07-21,区民意識調査,P区,子育て・教育,学校・教育,通学路の見守りが少なく、子どもの登下校が心配。
S02026,2026-07-21,区民意識調査,C区,子育て・教育,学校・教育,学校の情報発信が分かりやすくなって良い。
S02027,2026-07-21,区民意識調査,H区,まちづくり・環境,公園・緑,公園の遊具は安全性が高いと感じる。
S02028,2026-07-21,区民意識調査,I区,まちづくり・環境,公園・緑,子育て世帯が多いのに、近くに公園が少ない
S02029,2026-07-21,区民意識調査,K区,まちづくり・環境,道路・交通,バスの本数が減り、駅まで出るのが大変になった。改善をお願いします。
S02030,2026-07-21,区民意識調査,Q区,子育て・教育,子育て支援,子育て中で、雨の日でも子どもを遊ばせられる場所がほしい
S02031,2026-07-21,区民意識調査,N区,暮らし・安全,防災・防犯,夜道が暗く、街灯を増やしてほしい
S02032,2026-07-21,区民意識調査,A区,まちづくり・環境,道路・交通,地域の循環バスが便利で、買い物に助かっている
S02033,2026-07-21,広聴データベース,E区,子育て・教育,子育て支援,子育ての相談窓口がどこか分かりにくい。改善をお願いします。
S02034,2026-07-21,区民意識調査,H区,子育て・教育,保育・幼稚園,保育料が高いので、二人目を考えると負担が大きい
S02035,2026-07-21,区民意識調査,K区,まちづくり・環境,公園・緑,公園の遊具が古く、子どもを遊ばせるのが不安
S02036,2026-07-21,区民意識調査,G区,暮らし・安全,福祉・高齢者,地域包括支援センターの職員の対応が良い。
S02037,2026-07-21,区民意識調査,A区,子育て・教育,学校・教育,通学路の見守りが少なく、子どもの登下校が心配
S02038,2026-07-21,広聴データベース,M区,子育て・教育,保育・幼稚園,保育園の空きがなく、育休明けの復職に間に合わない。
S02039,2026-07-21,区民意識調査,F区,子育て・教育,学校・教育,放課後の居場所が足りない。
S02040,2026-07-21,区民意識調査,J区,子育て・教育,保育・幼稚園,保育園の先生方の対応が丁寧で安心して預けられる。ありがとうございます。
S02041,2026-07-21,区民意識調査,G区,子育て・教育,保育・幼稚園,保育園の空きがなく、育休明けの復職に間に合わない。
S02042,2026-07-21,区民意識調査,Q区,子育て・教育,学校・教育,学校の情報発信が分かりやすくなって良い。ありがとうございます。
S02043,2026-07-21,区民意識調査,E区,暮らし・安全,区役所の窓口,区役所の手続きがオンラインでできて便利になった。
S02044,2026-07-21,区民意識調査,K区,まちづくり・環境,ごみ・環境,ごみの収集が時間どおりで助かっている
S02045,2026-07-21,区民意識調査,K区,暮らし・安全,防災・防犯,夜道が暗く、街灯を増やしてほしい。
S02046,2026-07-21,広聴データベース,O区,まちづくり・環境,公園・緑,公園の遊具が古く、子どもを遊ばせるのが不安
S02047,2026-07-21,区民意識調査,O区,暮らし・安全,防災・防犯,避難場所がどこか分からず、子どもと逃げられるか心配。何とかならないでしょうか。
S02048,2026-07-21,区民意識調査,E区,まちづくり・環境,ごみ・環境,地域の清掃活動で街がきれいになり、住みやすい。ありがとうございます。
S02049,2026-07-21,区民意識調査,H区,暮らし・安全,防災・防犯,夜道が暗く、街灯を増やしてほしい。改善をお願いします。
S02050,2026-07-21,区民意識調査,K区,暮らし・安全,福祉・高齢者,高齢者が公園で集まれる場所があると良い。
S02051,2026-07-21,区民意識調査,P区,まちづくり・環境,公園・緑,公園の遊具が古く、子どもを遊ばせるのが不安。
S02052,2026-07-21,区民意識調査,P区,まちづくり・環境,道路・交通,駅前の放置自転車が多い。
S02053,2026-07-21,区民意識調査,K区,子育て・教育,保育・幼稚園,保育園の空きがなく、育休明けの復職に間に合わない
S02054,2026-07-21,区民意識調査,R区,子育て・教育,保育・幼稚園,保育園の先生方の対応が丁寧で安心して預けられる。ありがとうございます。
S02055,2026-07-21,区民意識調査,J区,暮らし・安全,福祉・高齢者,高齢者の介護の相談先が分からず困っている。何とかならないでしょうか。
S02056,2026-07-21,区民意識調査,Q区,まちづくり・環境,道路・交通,歩道が狭く、ベビーカーで通るのが怖い。
S02057,2026-07-21,区民意識調査,J区,まちづくり・環境,公園・緑,公園の遊具が古く、子どもを遊ばせるのが不安
S02058,2026-07-21,区民意識調査,P区,まちづくり・環境,道路・交通,駅前の再整備で歩道が広くなり、歩きやすくなった。
S02059,2026-07-21,広聴データベース,O区,まちづくり・環境,公園・緑,子育て世帯が多いのに、近くに公園が少ない。何とかならないでしょうか。
S02060,2026-07-21,広聴データベース,L区,まちづくり・環境,ごみ・環境,ごみの収集が時間どおりで助かっている。ありがとうございます。
S02061,2026-07-22,区民意識調査,O区,まちづくり・環境,ごみ・環境,ごみの分別が分かりにくく、収集日も覚えられない。何とかならないでしょうか。
S02062,2026-07-22,区民意識調査,B区,まちづくり・環境,ごみ・環境,ごみの分別が分かりにくく、収集日も覚えられない。
S02063,2026-07-22,広聴データベース,Q区,暮らし・安全,福祉・高齢者,高齢者の介護の相談先が分からず困っている。
S02064,2026-07-22,区民意識調査,D区,暮らし・安全,防災・防犯,避難場所がどこか分からず、子どもと逃げられるか心配
S02065,2026-07-22,区民意識調査,L区,暮らし・安全,区役所の窓口,区役所の職員の対応が丁寧で、満足度は高い。
S02066,2026-07-22,区民意識調査,L区,暮らし・安全,区役所の窓口,区役所の窓口の待ち時間が長い。何とかならないでしょうか。
S02067,2026-07-22,区民意識調査,O区,まちづくり・環境,公園・緑,公園の遊具が古く、子どもを遊ばせるのが不安。何とかならないでしょうか。
S02068,2026-07-22,区民意識調査,D区,まちづくり・環境,公園・緑,子育てしやすいよう、公園に日陰とベンチを増やしてほしい
S02069,2026-07-22,区民意識調査,D区,子育て・教育,学校・教育,学校の先生が丁寧に相談に乗ってくれて安心できた
S02070,2026-07-22,区民意識調査,J区,まちづくり・環境,公園・緑,公園がきれいになったのは良いが、トイレが古いままで残念
S02071,2026-07-22,区民意識調査,M区,まちづくり・環境,道路・交通,駅前の放置自転車が多い
S02072,2026-07-22,区民意識調査,L区,まちづくり・環境,ごみ・環境,ごみの分別が分かりにくく、収集日も覚えられない。改善をお願いします。
S02073,2026-07-22,区民意識調査,O区,子育て・教育,学校・教育,放課後の居場所が足りない。
S02074,2026-07-22,広聴データベース,B区,まちづくり・環境,公園・緑,子育て世帯が多いのに、近くに公園が少ない。
S02075,2026-07-22,区民意識調査,P区,まちづくり・環境,公園・緑,子育てしやすいよう、公園に日陰とベンチを増やしてほしい。
S02076,2026-07-22,区民意識調査,J区,子育て・教育,保育・幼稚園,保育園の空きがなく、育休明けの復職に間に合わない。改善をお願いします。
S02077,2026-07-22,区民意識調査,C区,まちづくり・環境,公園・緑,子育て世帯が多いのに、近くに公園が少ない。改善をお願いします。
S02078,2026-07-22,区民意識調査,B区,まちづくり・環境,道路・交通,歩道が狭く、ベビーカーで通るのが怖い。何とかならないでしょうか。
S02079,2026-07-22,区民意識調査,J区,暮らし・安全,福祉・高齢者,高齢者の介護の相談先が分からず困っている
S02080,2026-07-22,区民意識調査,M区,まちづくり・環境,ごみ・環境,ごみの分別が分かりにくく、収集日も覚えられない。改善をお願いします。
S02081,2026-07-22,区民意識調査,L区,子育て・教育,保育・幼稚園,保育園の先生方の対応が丁寧で安心して預けられる
S02082,2026-07-22,区民意識調査,Q区,暮らし・安全,防災・防犯,防災訓練に参加して、地域のつながりができて安心
S02083,2026-07-22,区民意識調査,N区,子育て・教育,保育・幼稚園,保育料が高いので、二人目を考えると負担が大きい
S02084,2026-07-22,区民意識調査,J区,子育て・教育,保育・幼稚園,保育園の先生方の対応が丁寧で安心して預けられる。ありがとうございます。
S02085,2026-07-22,区民意識調査,B区,子育て・教育,子育て支援,子育て支援拠点のイベントが充実していて満足度が高い。ありがとうございます。
S02086,2026-07-22,区民意識調査,E区,子育て・教育,保育・幼稚園,一時保育の予約が取りにくい。何とかならないでしょうか。
S02087,2026-07-22,区民意識調査,L区,まちづくり・環境,ごみ・環境,ごみの収集が時間どおりで助かっている。ありがとうございます。
S02088,2026-07-22,区民意識調査,K区,暮らし・安全,福祉・高齢者,高齢者の介護の相談先が分からず困っている。
S02089,2026-07-22,区民意識調査,K区,子育て・教育,学校・教育,学校の先生が丁寧に相談に乗ってくれて安心できた
S02090,2026-07-22,区民意識調査,G区,まちづくり・環境,ごみ・環境,地域の清掃活動で街がきれいになり、住みやすい。
S02091,2026-07-22,区民意識調査,G区,子育て・教育,学校・教育,学校の先生が丁寧に相談に乗ってくれて安心できた
S02092,2026-07-22,区民意識調査,K区,暮らし・安全,区役所の窓口,区役所の窓口の待ち時間が長い。
S02093,2026-07-22,区民意識調査,A区,子育て・教育,保育・幼稚園,保育料が高いので、二人目を考えると負担が大きい。改善をお願いします。
S02094,2026-07-22,区民意識調査,D区,まちづくり・環境,道路・交通,バスの本数が減り、駅まで出るのが大変になった。改善をお願いします。
S02095,2026-07-22,区民意識調査,D区,子育て・教育,子育て支援,子育て中で、雨の日でも子どもを遊ばせられる場所がほしい。
S02096,2026-07-22,区民意識調査,P区,まちづくり・環境,公園・緑,公園の遊具が古く、子どもを遊ばせるのが不安。何とかならないでしょうか。
S02097,2026-07-22,区民意識調査,I区,まちづくり・環境,ごみ・環境,地域の清掃活動で街がきれいになり、住みやすい。ありがとうございます。
S02098,2026-07-22,区民意識調査,I区,まちづくり・環境,公園・緑,子育てしやすいよう、公園に日陰とベンチを増やしてほしい。検討をお願いします。
S02099,2026-07-22,区民意識調査,N区,子育て・教育,子育て支援,子育ての相談窓口がどこか分かりにくい。
S02100,2026-07-22,区民意識調査,N区,まちづくり・環境,公園・緑,子育てしやすいよう、公園に日陰とベンチを増やしてほしい。検討をお願いします。
S02101,2026-07-22,区民意識調査,J区,子育て・教育,保育・幼稚園,保育園の先生方の対応が丁寧で安心して預けられる。
S02102,2026-07-22,区民意識調査,L区,まちづくり・環境,公園・緑,子育てしやすいよう、公園に日陰とベンチを増やしてほしい。検討をお願いします。
S02103,2026-07-22,区民意識調査,K区,子育て・教育,保育・幼稚園,保育園の空きがなく、育休明けの復職に間に合わない。
S02104,2026-07-22,区民意識調査,L区,まちづくり・環境,公園・緑,公園の遊具は安全性が高いと感じる。ありがとうございます。
S02105,2026-07-22,区民意識調査,N区,子育て・教育,子育て支援,子育ての相談窓口がどこか分かりにくい。
S02106,2026-07-22,区民意識調査,G区,暮らし・安全,区役所の窓口,区役所の窓口の待ち時間が長い。
S02107,2026-07-22,広聴データベース,G区,まちづくり・環境,公園・緑,公園の遊具が古く、子どもを遊ばせるのが不安。
S02108,2026-07-22,区民意識調査,C区,子育て・教育,保育・幼稚園,保育料が高いので、二人目を考えると負担が大きい
S02109,2026-07-22,区民意識調査,M区,まちづくり・環境,道路・交通,駅前の放置自転車が多い。
S02110,2026-07-22,区民意識調査,K区,まちづくり・環境,公園・緑,子育て世帯が多いのに、近くに公園が少ない
S02111,2026-07-22,区民意識調査,O区,子育て・教育,学校・教育,学校の先生が丁寧に相談に乗ってくれて安心できた。ありがとうございます。
S02112,2026-07-22,広聴データベース,L区,まちづくり・環境,ごみ・環境,ごみの分別が分かりにくく、収集日も覚えられない。何とかならないでしょうか。
S02113,2026-07-22,区民意識調査,L区,子育て・教育,子育て支援,子育て支援拠点のイベントが充実していて満足度が高い。ありがとうございます。
S02114,2026-07-22,区民意識調査,I区,子育て・教育,学校・教育,学校の先生が丁寧に相談に乗ってくれて安心できた。ありがとうございます。
S02115,2026-07-22,区民意識調査,A区,まちづくり・環境,道路・交通,駅前の再整備で歩道が広くなり、歩きやすくなった。ありがとうございます。
S02116,2026-07-22,区民意識調査,H区,子育て・教育,保育・幼稚園,保育園の空きがなく、育休明けの復職に間に合わない。改善をお願いします。
S02117,2026-07-22,区民意識調査,I区,暮らし・安全,防災・防犯,防災訓練に参加して、地域のつながりができて安心。
S02118,2026-07-22,区民意識調査,J区,まちづくり・環境,公園・緑,公園がきれいになったのは良いが、トイレが古いままで残念
S02119,2026-07-22,区民意識調査,P区,まちづくり・環境,ごみ・環境,ごみの収集が時間どおりで助かっている。ありがとうございます。
S02120,2026-07-22,区民意識調査,H区,暮らし・安全,防災・防犯,夜道が暗く、街灯を増やしてほしい。
S02121,2026-07-22,広聴データベース,P区,子育て・教育,学校・教育,放課後の居場所が足りない
S02122,2026-07-22,区民意識調査,N区,暮らし・安全,防災・防犯,防災マップが分かりやすく、避難場所を家族で確認できた
S02123,2026-07-23,区民意識調査,R区,まちづくり・環境,道路・交通,駅前の再整備で歩道が広くなり、歩きやすくなった。ありがとうございます。
S02124,2026-07-23,広聴データベース,P区,まちづくり・環境,公園・緑,子育て世帯が多いのに、近くに公園が少ない
S02125,2026-07-23,区民意識調査,M区,まちづくり・環境,ごみ・環境,集積場所がカラスに荒らされる。何とかならないでしょうか。
S02126,2026-07-23,広聴データベース,R区,まちづくり・環境,公園・緑,子育て世帯が多いのに、近くに公園が少ない。改善をお願いします。
S02127,2026-07-23,区民意識調査,P区,まちづくり・環境,公園・緑,公園の遊具は安全性が高いと感じる。ありがとうございます。
S02128,2026-07-23,区民意識調査,L区,まちづくり・環境,公園・緑,公園の遊具は安全性が高いと感じる。
S02129,2026-07-23,区民意識調査,D区,まちづくり・環境,ごみ・環境,ごみの収集が時間どおりで助かっている。ありがとうございます。
S02130,2026-07-23,区民意識調査,H区,まちづくり・環境,公園・緑,公園の遊具が古く、子どもを遊ばせるのが不安。改善をお願いします。
S02131,2026-07-23,区民意識調査,H区,暮らし・安全,防災・防犯,夜道が暗く、街灯を増やしてほしい
S02132,2026-07-23,区民意識調査,B区,子育て・教育,学校・教育,通学路の見守りが少なく、子どもの登下校が心配
S02133,2026-07-23,区民意識調査,K区,まちづくり・環境,道路・交通,地域の循環バスが便利で、買い物に助かっている。ありがとうございます。
S02134,2026-07-23,広聴データベース,A区,暮らし・安全,福祉・高齢者,高齢者の介護の相談先が分からず困っている。何とかならないでしょうか。
S02135,2026-07-23,区民意識調査,L区,まちづくり・環境,道路・交通,バスの本数が減り、駅まで出るのが大変になった。
S02136,2026-07-23,区民意識調査,A区,暮らし・安全,防災・防犯,防災マップが分かりやすく、避難場所を家族で確認できた。ありがとうございます。
S02137,2026-07-23,区民意識調査,O区,まちづくり・環境,ごみ・環境,地域の清掃活動で街がきれいになり、住みやすい
S02138,2026-07-23,区民意識調査,A区,子育て・教育,保育・幼稚園,保育料が高いので、二人目を考えると負担が大きい
S02139,2026-07-23,広聴データベース,M区,子育て・教育,保育・幼稚園,保育園の空きがなく、育休明けの復職に間に合わない
S02140,2026-07-23,区民意識調査,M区,暮らし・安全,区役所の窓口,区役所の職員の対応が丁寧で、満足度は高い
S02141,2026-07-23,区民意識調査,N区,まちづくり・環境,道路・交通,駅前の再整備で歩道が広くなり、歩きやすくなった
S02142,2026-07-23,区民意識調査,R区,子育て・教育,子育て支援,子育て支援拠点のイベントが充実していて満足度が高い。
S02143,2026-07-23,区民意識調査,O区,まちづくり・環境,ごみ・環境,ごみの分別が分かりにくく、収集日も覚えられない。
S02144,2026-07-23,区民意識調査,H区,子育て・教育,保育・幼稚園,保育料が高いので、二人目を考えると負担が大きい
S02145,2026-07-23,区民意識調査,R区,暮らし・安全,福祉・高齢者,高齢者の介護の相談先が分からず困っている
S02146,2026-07-23,区民意識調査,E区,子育て・教育,学校・教育,学校の先生が丁寧に相談に乗ってくれて安心できた。ありがとうございます。
S02147,2026-07-23,区民意識調査,L区,まちづくり・環境,公園・緑,公園の遊具が古く、子どもを遊ばせるのが不安。何とかならないでしょうか。
S02148,2026-07-23,区民意識調査,E区,子育て・教育,学校・教育,放課後の居場所が足りない。改善をお願いします。
S02149,2026-07-23,区民意識調査,N区,子育て・教育,学校・教育,放課後の居場所が足りない。
S02150,2026-07-23,区民意識調査,M区,まちづくり・環境,公園・緑,公園の遊具は安全性が高いと感じる。ありがとうございます。
S02151,2026-07-23,広聴データベース,B区,暮らし・安全,防災・防犯,夜道が暗く、街灯を増やしてほしい。何とかならないでしょうか。
S02152,2026-07-23,区民意識調査,C区,まちづくり・環境,ごみ・環境,地域の清掃活動で街がきれいになり、住みやすい
S02153,2026-07-23,区民意識調査,H区,まちづくり・環境,道路・交通,バスの本数が減り、駅まで出るのが大変になった。何とかならないでしょうか。
S02154,2026-07-23,区民意識調査,Q区,まちづくり・環境,ごみ・環境,ごみの分別が分かりにくく、収集日も覚えられない。改善をお願いします。
S02155,2026-07-23,区民意識調査,E区,まちづくり・環境,ごみ・環境,集積場所がカラスに荒らされる。何とかならないでしょうか。
S02156,2026-07-23,区民意識調査,K区,暮らし・安全,防災・防犯,防災マップが分かりやすく、避難場所を家族で確認できた。ありがとうございます。
S02157,2026-07-23,区民意識調査,K区,暮らし・安全,区役所の窓口,区役所の手続きがオンラインでできて便利になった
S02158,2026-07-23,区民意識調査,G区,子育て・教育,学校・教育,学校の情報発信が分かりやすくなって良い。ありがとうございます。
S02159,2026-07-23,区民意識調査,Q区,まちづくり・環境,道路・交通,バスの本数が減り、駅まで出るのが大変になった。改善をお願いします。
S02160,2026-07-23,区民意識調査,B区,暮らし・安全,福祉・高齢者,地域包括支援センターの職員の対応が良い。
S02161,2026-07-23,区民意識調査,M区,まちづくり・環境,道路・交通,バスの本数が減り、駅まで出るのが大変になった。何とかならないでしょうか。
S02162,2026-07-23,区民意識調査,Q区,子育て・教育,子育て支援,子育て中で、雨の日でも子どもを遊ばせられる場所がほしい
S02163,2026-07-23,区民意識調査,G区,まちづくり・環境,公園・緑,公園の遊具が古く、子どもを遊ばせるのが不安。何とかならないでしょうか。
S02164,2026-07-23,区民意識調査,L区,子育て・教育,保育・幼稚園,保育料が高いので、二人目を考えると負担が大きい。
S02165,2026-07-23,区民意識調査,L区,まちづくり・環境,道路・交通,地域の循環バスが便利で、買い物に助かっている。ありがとうございます。
S02166,2026-07-23,区民意識調査,D区,暮らし・安全,区役所の窓口,区役所の手続きがオンラインでできて便利になった
S02167,2026-07-23,区民意識調査,B区,暮らし・安全,福祉・高齢者,地域包括支援センターの職員の対応が良い。
S02168,2026-07-23,区民意識調査,D区,まちづくり・環境,ごみ・環境,集積場所がカラスに荒らされる。
S02169,2026-07-23,区民意識調査,H区,まちづくり・環境,道路・交通,バスの本数が減り、駅まで出るのが大変になった。何とかならないでしょうか。
S02170,2026-07-23,区民意識調査,C区,暮らし・安全,防災・防犯,夜道が暗く、街灯を増やしてほしい。何とかならないでしょうか。
S02171,2026-07-23,区民意識調査,L区,暮らし・安全,区役所の窓口,区役所の職員の対応が丁寧で、満足度は高い。ありがとうございます。
S02172,2026-07-23,広聴データベース,R区,まちづくり・環境,ごみ・環境,集積場所がカラスに荒らされる。何とかならないでしょうか。
S02173,2026-07-24,区民意識調査,L区,子育て・教育,保育・幼稚園,保育園の空きがなく、育休明けの復職に間に合わない。
S02174,2026-07-24,区民意識調査,H区,子育て・教育,学校・教育,学校の先生が丁寧に相談に乗ってくれて安心できた
S02175,2026-07-24,区民意識調査,N区,子育て・教育,学校・教育,学校の先生が丁寧に相談に乗ってくれて安心できた
S02176,2026-07-24,区民意識調査,K区,まちづくり・環境,道路・交通,駅前の再整備で歩道が広くなり、歩きやすくなった。ありがとうございます。
S02177,2026-07-24,区民意識調査,E区,子育て・教育,保育・幼稚園,保育園の先生方の対応が丁寧で安心して預けられる。ありがとうございます。
S02178,2026-07-24,広聴データベース,F区,まちづくり・環境,道路・交通,駅前の放置自転車が多い
S02179,2026-07-24,区民意識調査,P区,まちづくり・環境,道路・交通,駅前の放置自転車が多い。改善をお願いします。
S02180,2026-07-24,区民意識調査,H区,子育て・教育,保育・幼稚園,保育料が高いので、二人目を考えると負担が大きい。何とかならないでしょうか。
S02181,2026-07-24,区民意識調査,A区,まちづくり・環境,公園・緑,子育て世帯が多いのに、近くに公園が少ない。
S02182,2026-07-24,区民意識調査,F区,子育て・教育,保育・幼稚園,保育園の空きがなく、育休明けの復職に間に合わない。何とかならないでしょうか。
S02183,2026-07-24,区民意識調査,C区,まちづくり・環境,公園・緑,公園の遊具が古く、子どもを遊ばせるのが不安
S02184,2026-07-24,区民意識調査,K区,まちづくり・環境,公園・緑,公園がきれいになったのは良いが、トイレが古いままで残念。ありがとうございます。
S02185,2026-07-24,区民意識調査,H区,子育て・教育,子育て支援,子育て中で、雨の日でも子どもを遊ばせられる場所がほしい
S02186,2026-07-24,区民意識調査,F区,子育て・教育,保育・幼稚園,保育園の空きがなく、育休明けの復職に間に合わない。改善をお願いします。
S02187,2026-07-24,区民意識調査,K区,子育て・教育,保育・幼稚園,保育料が高いので、二人目を考えると負担が大きい。改善をお願いします。
S02188,2026-07-24,区民意識調査,K区,子育て・教育,学校・教育,学校の先生が丁寧に相談に乗ってくれて安心できた。
S02189,2026-07-24,区民意識調査,R区,暮らし・安全,区役所の窓口,区役所の窓口の待ち時間が長い。
S02190,2026-07-24,区民意識調査,P区,子育て・教育,子育て支援,子育て中で、雨の日でも子どもを遊ばせられる場所がほしい。検討をお願いします。
S02191,2026-07-24,区民意識調査,E区,子育て・教育,保育・幼稚園,保育園の先生方の対応が丁寧で安心して預けられる
S02192,2026-07-24,区民意識調査,B区,まちづくり・環境,公園・緑,子育て世帯が多いのに、近くに公園が少ない。何とかならないでしょうか。
S02193,2026-07-24,広聴データベース,R区,まちづくり・環境,公園・緑,子育て世帯が多いのに、近くに公園が少ない。何とかならないでしょうか。
S02194,2026-07-24,区民意識調査,P区,子育て・教育,子育て支援,子育て支援拠点のイベントが充実していて満足度が高い。
S02195,2026-07-24,区民意識調査,A区,子育て・教育,保育・幼稚園,保育園の空きがなく、育休明けの復職に間に合わない。
S02196,2026-07-24,区民意識調査,M区,まちづくり・環境,道路・交通,駅前の放置自転車が多い
S02197,2026-07-24,区民意識調査,B区,まちづくり・環境,道路・交通,歩道が狭く、ベビーカーで通るのが怖い。何とかならないでしょうか。
S02198,2026-07-24,区民意識調査,P区,子育て・教育,保育・幼稚園,保育料が高いので、二人目を考えると負担が大きい。何とかならないでしょうか。
S02199,2026-07-24,区民意識調査,N区,まちづくり・環境,ごみ・環境,ごみの分別が分かりにくく、収集日も覚えられない。何とかならないでしょうか。
S02200,2026-07-24,区民意識調査,A区,まちづくり・環境,ごみ・環境,地域の清掃活動で街がきれいになり、住みやすい。
S02201,2026-07-24,区民意識調査,N区,子育て・教育,子育て支援,子育て支援拠点のイベントが充実していて満足度が高い。
S02202,2026-07-24,区民意識調査,F区,まちづくり・環境,公園・緑,公園の遊具は安全性が高いと感じる。ありがとうございます。
S02203,2026-07-24,広聴データベース,H区,暮らし・安全,区役所の窓口,区役所の手続きがオンラインでできて便利になった。ありがとうございます。
S02204,2026-07-24,区民意識調査,K区,まちづくり・環境,公園・緑,公園の遊具は安全性が高いと感じる
S02205,2026-07-24,区民意識調査,R区,子育て・教育,学校・教育,放課後の居場所が足りない。改善をお願いします。
S02206,2026-07-24,区民意識調査,G区,子育て・教育,子育て支援,子育て支援拠点のイベントが充実していて満足度が高い。
S02207,2026-07-24,区民意識調査,R区,子育て・教育,保育・幼稚園,保育園の空きがなく、育休明けの復職に間に合わない。何とかならないでしょうか。
S02208,2026-07-24,区民意識調査,L区,暮らし・安全,福祉・高齢者,高齢者の介護の相談先が分からず困っている。何とかならないでしょうか。
S02209,2026-07-24,広聴データベース,K区,まちづくり・環境,道路・交通,駅前の再整備で歩道が広くなり、歩きやすくなった。
S02210,2026-07-24,区民意識調査,Q区,まちづくり・環境,公園・緑,公園の遊具は安全性が高いと感じる。
S02211,2026-07-24,区民意識調査,P区,子育て・教育,保育・幼稚園,保育園の空きがなく、育休明けの復職に間に合わない
S02212,2026-07-24,区民意識調査,L区,子育て・教育,学校・教育,学校の先生が丁寧に相談に乗ってくれて安心できた。ありがとうございます。
S02213,2026-07-24,区民意識調査,O区,まちづくり・環境,道路・交通,地域の循環バスが便利で、買い物に助かっている。ありがとうございます。
S02214,2026-07-24,広聴データベース,P区,暮らし・安全,福祉・高齢者,高齢者の介護の相談先が分からず困っている。改善をお願いします。
S02215,2026-07-24,区民意識調査,C区,子育て・教育,保育・幼稚園,保育園の空きがなく、育休明けの復職に間に合わない。改善をお願いします。
S02216,2026-07-24,区民意識調査,F区,暮らし・安全,区役所の窓口,区役所の手続きがオンラインでできて便利になった。
S02217,2026-07-24,区民意識調査,G区,まちづくり・環境,道路・交通,地域の循環バスが便利で、買い物に助かっている
S02218,2026-07-24,区民意識調査,R区,子育て・教育,保育・幼稚園,保育料が高いので、二人目を考えると負担が大きい。何とかならないでしょうか。
S02219,2026-07-24,区民意識調査,F区,子育て・教育,保育・幼稚園,保育園の空きがなく、育休明けの復職に間に合わない。何とかならないでしょうか。
S02220,2026-07-24,区民意識調査,F区,子育て・教育,保育・幼稚園,保育園の空きがなく、育休明けの復職に間に合わない。
S02221,2026-07-24,区民意識調査,C区,暮らし・安全,区役所の窓口,区役所の職員の対応が丁寧で、満足度は高い。
S02222,2026-07-24,区民意識調査,A区,まちづくり・環境,道路・交通,バスの本数が減り、駅まで出るのが大変になった
S02223,2026-07-24,区民意識調査,M区,子育て・教育,子育て支援,子育て中で、雨の日でも子どもを遊ばせられる場所がほしい
S02224,2026-07-24,広聴データベース,O区,子育て・教育,保育・幼稚園,一時保育の予約が取りにくい。
S02225,2026-07-24,区民意識調査,K区,暮らし・安全,防災・防犯,防災マップが分かりやすく、避難場所を家族で確認できた
S02226,2026-07-24,区民意識調査,C区,まちづくり・環境,ごみ・環境,ごみの収集が時間どおりで助かっている
S02227,2026-07-24,広聴データベース,K区,子育て・教育,子育て支援,子育て中で、雨の日でも子どもを遊ばせられる場所がほしい
S02228,2026-07-24,区民意識調査,R区,まちづくり・環境,公園・緑,子育てしやすいよう、公園に日陰とベンチを増やしてほしい
S02229,2026-07-24,区民意識調査,I区,子育て・教育,保育・幼稚園,保育園の空きがなく、育休明けの復職に間に合わない
S02230,2026-07-24,区民意識調査,B区,暮らし・安全,福祉・高齢者,高齢者の介護の相談先が分からず困っている
S02231,2026-07-24,区民意識調査,I区,まちづくり・環境,道路・交通,駅前の再整備で歩道が広くなり、歩きやすくなった
S02232,2026-07-24,区民意識調査,M区,子育て・教育,保育・幼稚園,保育園の空きがなく、育休明けの復職に間に合わない
S02233,2026-07-24,区民意識調査,D区,暮らし・安全,防災・防犯,防災訓練に参加して、地域のつながりができて安心。
S02234,2026-07-24,区民意識調査,P区,子育て・教育,学校・教育,学校の先生が丁寧に相談に乗ってくれて安心できた。ありがとうございます。
S02235,2026-07-24,区民意識調査,E区,暮らし・安全,区役所の窓口,区役所の手続きがオンラインでできて便利になった。
S02236,2026-07-24,区民意識調査,D区,子育て・教育,保育・幼稚園,保育料が高いので、二人目を考えると負担が大きい
S02237,2026-07-24,区民意識調査,K区,暮らし・安全,福祉・高齢者,地域包括支援センターの職員の対応が良い。
S02238,2026-07-24,広聴データベース,P区,子育て・教育,保育・幼稚園,保育料が高いので、二人目を考えると負担が大きい。何とかならないでしょうか。
S02239,2026-07-24,区民意識調査,J区,まちづくり・環境,公園・緑,子育て世帯が多いのに、近くに公園が少ない
S02240,2026-07-24,区民意識調査,C区,まちづくり・環境,公園・緑,公園の遊具が古く、子どもを遊ばせるのが不安。
S02241,2026-07-24,区民意識調査,D区,子育て・教育,保育・幼稚園,保育園の空きがなく、育休明けの復職に間に合わない。何とかならないでしょうか。
S02242,2026-07-24,広聴データベース,J区,暮らし・安全,福祉・高齢者,高齢者の介護の相談先が分からず困っている。何とかならないでしょうか。
S02243,2026-07-24,区民意識調査,I区,暮らし・安全,福祉・高齢者,地域包括支援センターの職員の対応が良い
S02244,2026-07-25,広聴データベース,I区,暮らし・安全,防災・防犯,避難場所がどこか分からず、子どもと逃げられるか心配。何とかならないでしょうか。
S02245,2026-07-25,区民意識調査,D区,暮らし・安全,区役所の窓口,区役所の手続きがオンラインでできて便利になった。ありがとうございます。
S02246,2026-07-25,区民意識調査,E区,まちづくり・環境,道路・交通,地域の循環バスが便利で、買い物に助かっている。ありがとうございます。
S02247,2026-07-25,区民意識調査,J区,子育て・教育,保育・幼稚園,保育料が高いので、二人目を考えると負担が大きい
S02248,2026-07-25,区民意識調査,M区,まちづくり・環境,道路・交通,バスの本数が減り、駅まで出るのが大変になった。
S02249,2026-07-25,区民意識調査,M区,子育て・教育,保育・幼稚園,保育園の空きがなく、育休明けの復職に間に合わない。
S02250,2026-07-25,区民意識調査,A区,まちづくり・環境,公園・緑,子育て世帯が多いのに、近くに公園が少ない。何とかならないでしょうか。
S02251,2026-07-25,広聴データベース,B区,子育て・教育,保育・幼稚園,一時保育の予約が取りにくい。何とかならないでしょうか。
S02252,2026-07-25,区民意識調査,E区,子育て・教育,学校・教育,通学路の見守りが少なく、子どもの登下校が心配。
S02253,2026-07-25,広聴データベース,M区,子育て・教育,保育・幼稚園,一時保育の予約が取りにくい
S02254,2026-07-25,区民意識調査,N区,まちづくり・環境,道路・交通,バスの本数が減り、駅まで出るのが大変になった。何とかならないでしょうか。
S02255,2026-07-25,区民意識調査,C区,まちづくり・環境,公園・緑,公園の遊具が古く、子どもを遊ばせるのが不安。何とかならないでしょうか。
S02256,2026-07-25,区民意識調査,Q区,子育て・教育,保育・幼稚園,保育園の空きがなく、育休明けの復職に間に合わない。何とかならないでしょうか。
S02257,2026-07-25,区民意識調査,K区,暮らし・安全,福祉・高齢者,高齢者の介護の相談先が分からず困っている。何とかならないでしょうか。
S02258,2026-07-25,区民意識調査,F区,子育て・教育,保育・幼稚園,保育園の空きがなく、育休明けの復職に間に合わない
S02259,2026-07-25,区民意識調査,F区,子育て・教育,保育・幼稚園,保育料が高いので、二人目を考えると負担が大きい
S02260,2026-07-25,区民意識調査,R区,まちづくり・環境,ごみ・環境,ごみの分別が分かりにくく、収集日も覚えられない
S02261,2026-07-25,区民意識調査,D区,子育て・教育,保育・幼稚園,保育園の先生方の対応が丁寧で安心して預けられる。
S02262,2026-07-25,区民意識調査,Q区,暮らし・安全,区役所の窓口,区役所の窓口の待ち時間が長い。何とかならないでしょうか。
S02263,2026-07-25,区民意識調査,K区,まちづくり・環境,ごみ・環境,ごみの分別が分かりにくく、収集日も覚えられない
S02264,2026-07-25,区民意識調査,B区,子育て・教育,子育て支援,子育ての相談窓口がどこか分かりにくい。何とかならないでしょうか。
S02265,2026-07-25,広聴データベース,C区,暮らし・安全,区役所の窓口,区役所の職員の対応が丁寧で、満足度は高い。
S02266,2026-07-25,区民意識調査,J区,まちづくり・環境,公園・緑,公園の遊具が古く、子どもを遊ばせるのが不安
S02267,2026-07-25,区民意識調査,J区,まちづくり・環境,道路・交通,地域の循環バスが便利で、買い物に助かっている。ありがとうございます。
S02268,2026-07-25,区民意識調査,B区,子育て・教育,学校・教育,学校の情報発信が分かりやすくなって良い。
S02269,2026-07-25,区民意識調査,I区,子育て・教育,保育・幼稚園,保育料が高いので、二人目を考えると負担が大きい
S02270,2026-07-25,区民意識調査,F区,まちづくり・環境,道路・交通,地域の循環バスが便利で、買い物に助かっている。
S02271,2026-07-25,区民意識調査,I区,まちづくり・環境,ごみ・環境,集積場所がカラスに荒らされる。何とかならないでしょうか。
S02272,2026-07-25,区民意識調査,G区,子育て・教育,保育・幼稚園,保育園の空きがなく、育休明けの復職に間に合わない
S02273,2026-07-25,広聴データベース,B区,子育て・教育,保育・幼稚園,保育料が高いので、二人目を考えると負担が大きい
S02274,2026-07-25,区民意識調査,R区,まちづくり・環境,道路・交通,駅前の再整備で歩道が広くなり、歩きやすくなった。ありがとうございます。
S02275,2026-07-25,区民意識調査,L区,子育て・教育,保育・幼稚園,保育園の空きがなく、育休明けの復職に間に合わない。改善をお願いします。
S02276,2026-07-25,広聴データベース,M区,子育て・教育,学校・教育,放課後の居場所が足りない。改善をお願いします。
S02277,2026-07-25,区民意識調査,P区,暮らし・安全,区役所の窓口,区役所の手続きがオンラインでできて便利になった。ありがとうございます。
S02278,2026-07-25,区民意識調査,I区,暮らし・安全,防災・防犯,夜道が暗く、街灯を増やしてほしい
S02279,2026-07-25,広聴データベース,G区,子育て・教育,保育・幼稚園,保育園の空きがなく、育休明けの復職に間に合わない。何とかならないでしょうか。
S02280,2026-07-25,区民意識調査,E区,子育て・教育,学校・教育,学校の先生が丁寧に相談に乗ってくれて安心できた。ありがとうございます。
S02281,2026-07-25,区民意識調査,A区,暮らし・安全,区役所の窓口,区役所の職員の対応が丁寧で、満足度は高い。ありがとうございます。
S02282,2026-07-25,区民意識調査,D区,子育て・教育,学校・教育,放課後の居場所が足りない。何とかならないでしょうか。
S02283,2026-07-25,広聴データベース,E区,まちづくり・環境,公園・緑,公園の遊具は安全性が高いと感じる
S02284,2026-07-25,区民意識調査,G区,子育て・教育,子育て支援,子育ての相談窓口がどこか分かりにくい。何とかならないでしょうか。
S02285,2026-07-25,区民意識調査,K区,子育て・教育,保育・幼稚園,保育園の先生方の対応が丁寧で安心して預けられる
S02286,2026-07-25,広聴データベース,O区,まちづくり・環境,道路・交通,バスの本数が減り、駅まで出るのが大変になった。
S02287,2026-07-25,広聴データベース,O区,まちづくり・環境,ごみ・環境,ごみの分別が分かりにくく、収集日も覚えられない。改善をお願いします。
S02288,2026-07-25,区民意識調査,I区,まちづくり・環境,ごみ・環境,ごみの収集が時間どおりで助かっている。ありがとうございます。
S02289,2026-07-25,区民意識調査,O区,暮らし・安全,福祉・高齢者,高齢者の介護の相談先が分からず困っている。何とかならないでしょうか。
S02290,2026-07-25,広聴データベース,D区,子育て・教育,学校・教育,放課後の居場所が足りない。何とかならないでしょうか。
S02291,2026-07-25,区民意識調査,O区,子育て・教育,子育て支援,子育て支援拠点のイベントが充実していて満足度が高い
S02292,2026-07-25,区民意識調査,L区,まちづくり・環境,道路・交通,駅前の再整備で歩道が広くなり、歩きやすくなった。ありがとうございます。
S02293,2026-07-25,区民意識調査,Q区,暮らし・安全,防災・防犯,防災訓練に参加して、地域のつながりができて安心。
S02294,2026-07-25,区民意識調査,H区,子育て・教育,子育て支援,子育て中で、雨の日でも子どもを遊ばせられる場所がほしい。検討をお願いします。
S02295,2026-07-25,区民意識調査,D区,子育て・教育,学校・教育,放課後の居場所が足りない
S02296,2026-07-25,区民意識調査,L区,まちづくり・環境,公園・緑,公園の遊具が古く、子どもを遊ばせるのが不安。何とかならないでしょうか。
S02297,2026-07-25,区民意識調査,F区,子育て・教育,保育・幼稚園,保育園の空きがなく、育休明けの復職に間に合わない
S02298,2026-07-26,区民意識調査,R区,まちづくり・環境,公園・緑,公園がきれいになったのは良いが、トイレが古いままで残念
S02299,2026-07-26,区民意識調査,F区,子育て・教育,学校・教育,学校の先生が丁寧に相談に乗ってくれて安心できた
S02300,2026-07-26,区民意識調査,P区,暮らし・安全,区役所の窓口,区役所の窓口の待ち時間が長い。何とかならないでしょうか。
S02301,2026-07-26,区民意識調査,L区,暮らし・安全,区役所の窓口,区役所の手続きがオンラインでできて便利になった。
S02302,2026-07-26,区民意識調査,K区,子育て・教育,保育・幼稚園,保育園の空きがなく、育休明けの復職に間に合わない。
S02303,2026-07-26,区民意識調査,D区,子育て・教育,学校・教育,放課後の居場所が足りない。
S02304,2026-07-26,区民意識調査,Q区,子育て・教育,子育て支援,子育て中で、雨の日でも子どもを遊ばせられる場所がほしい。検討をお願いします。
S02305,2026-07-26,区民意識調査,H区,子育て・教育,学校・教育,通学路の見守りが少なく、子どもの登下校が心配。改善をお願いします。
S02306,2026-07-26,区民意識調査,I区,子育て・教育,保育・幼稚園,保育園の先生方の対応が丁寧で安心して預けられる。ありがとうございます。
S02307,2026-07-26,区民意識調査,K区,暮らし・安全,区役所の窓口,区役所の手続きがオンラインでできて便利になった
S02308,2026-07-26,区民意識調査,L区,まちづくり・環境,ごみ・環境,ごみの分別が分かりにくく、収集日も覚えられない。何とかならないでしょうか。
S02309,2026-07-26,広聴データベース,K区,暮らし・安全,防災・防犯,避難場所がどこか分からず、子どもと逃げられるか心配。改善をお願いします。
S02310,2026-07-26,広聴データベース,J区,子育て・教育,保育・幼稚園,保育園の空きがなく、育休明けの復職に間に合わない。改善をお願いします。
S02311,2026-07-26,区民意識調査,E区,暮らし・安全,区役所の窓口,区役所の手続きがオンラインでできて便利になった。
S02312,2026-07-26,区民意識調査,F区,子育て・教育,保育・幼稚園,保育園の空きがなく、育休明けの復職に間に合わない。改善をお願いします。
S02313,2026-07-26,広聴データベース,G区,子育て・教育,学校・教育,通学路の見守りが少なく、子どもの登下校が心配
S02314,2026-07-26,区民意識調査,P区,子育て・教育,保育・幼稚園,保育料が高いので、二人目を考えると負担が大きい。
S02315,2026-07-26,区民意識調査,J区,まちづくり・環境,ごみ・環境,ごみの分別が分かりにくく、収集日も覚えられない。何とかならないでしょうか。
S02316,2026-07-26,区民意識調査,Q区,まちづくり・環境,道路・交通,地域の循環バスが便利で、買い物に助かっている。
S02317,2026-07-26,区民意識調査,C区,まちづくり・環境,公園・緑,公園の遊具が古く、子どもを遊ばせるのが不安
S02318,2026-07-26,区民意識調査,C区,子育て・教育,子育て支援,子育て支援拠点のイベントが充実していて満足度が高い。ありがとうございます。
S02319,2026-07-26,区民意識調査,A区,まちづくり・環境,ごみ・環境,ごみの分別が分かりにくく、収集日も覚えられない
S02320,2026-07-26,区民意識調査,J区,まちづくり・環境,公園・緑,公園の遊具が古く、子どもを遊ばせるのが不安。何とかならないでしょうか。
S02321,2026-07-26,区民意識調査,C区,暮らし・安全,防災・防犯,避難場所がどこか分からず、子どもと逃げられるか心配。何とかならないでしょうか。
S02322,2026-07-26,広聴データベース,O区,暮らし・安全,防災・防犯,夜道が暗く、街灯を増やしてほしい。何とかならないでしょうか。
S02323,2026-07-26,区民意識調査,A区,まちづくり・環境,ごみ・環境,ごみの収集が時間どおりで助かっている。ありがとうございます。
S02324,2026-07-26,区民意識調査,G区,子育て・教育,子育て支援,子育て支援拠点のイベントが充実していて満足度が高い。
S02325,2026-07-26,区民意識調査,H区,子育て・教育,保育・幼稚園,保育園の先生方の対応が丁寧で安心して預けられる。
S02326,2026-07-26,広聴データベース,Q区,子育て・教育,保育・幼稚園,一時保育の予約が取りにくい。改善をお願いします。
S02327,2026-07-26,区民意識調査,M区,まちづくり・環境,公園・緑,子育て世帯が多いのに、近くに公園が少ない。何とかならないでしょうか。
S02328,2026-07-26,区民意識調査,H区,まちづくり・環境,道路・交通,駅前の再整備で歩道が広くなり、歩きやすくなった。ありがとうございます。
S02329,2026-07-26,区民意識調査,F区,子育て・教育,学校・教育,学校の先生が丁寧に相談に乗ってくれて安心できた。
S02330,2026-07-26,区民意識調査,A区,子育て・教育,学校・教育,学校の情報発信が分かりやすくなって良い。ありがとうございます。
S02331,2026-07-26,区民意識調査,H区,暮らし・安全,福祉・高齢者,地域包括支援センターの職員の対応が良い
S02332,2026-07-26,区民意識調査,R区,まちづくり・環境,ごみ・環境,集積場所がカラスに荒らされる。何とかならないでしょうか。
S02333,2026-07-26,区民意識調査,L区,子育て・教育,保育・幼稚園,保育園の先生方の対応が丁寧で安心して預けられる。
S02334,2026-07-26,区民意識調査,R区,暮らし・安全,区役所の窓口,区役所の手続きがオンラインでできて便利になった。
S02335,2026-07-26,広聴データベース,P区,暮らし・安全,区役所の窓口,区役所の窓口の待ち時間が長い。改善をお願いします。
S02336,2026-07-26,区民意識調査,R区,子育て・教育,保育・幼稚園,一時保育の予約が取りにくい。
S02337,2026-07-26,区民意識調査,L区,まちづくり・環境,道路・交通,駅前の放置自転車が多い。改善をお願いします。
S02338,2026-07-26,区民意識調査,O区,暮らし・安全,福祉・高齢者,高齢者の介護の相談先が分からず困っている。改善をお願いします。
S02339,2026-07-26,区民意識調査,P区,子育て・教育,保育・幼稚園,保育園の先生方の対応が丁寧で安心して預けられる。
S02340,2026-07-26,区民意識調査,I区,まちづくり・環境,道路・交通,地域の循環バスが便利で、買い物に助かっている
S02341,2026-07-26,区民意識調査,H区,子育て・教育,子育て支援,子育ての相談窓口がどこか分かりにくい。改善をお願いします。
S02342,2026-07-26,区民意識調査,A区,暮らし・安全,区役所の窓口,区役所の職員の対応が丁寧で、満足度は高い。ありがとうございます。
S02343,2026-07-26,区民意識調査,L区,子育て・教育,保育・幼稚園,保育料が高いので、二人目を考えると負担が大きい
S02344,2026-07-26,区民意識調査,P区,子育て・教育,保育・幼稚園,一時保育の予約が取りにくい。改善をお願いします。
S02345,2026-07-26,区民意識調査,P区,暮らし・安全,福祉・高齢者,高齢者の介護の相談先が分からず困っている
S02346,2026-07-26,区民意識調査,M区,子育て・教育,学校・教育,通学路の見守りが少なく、子どもの登下校が心配。改善をお願いします。
S02347,2026-07-26,区民意識調査,P区,まちづくり・環境,道路・交通,歩道が狭く、ベビーカーで通るのが怖い
S02348,2026-07-26,区民意識調査,C区,暮らし・安全,福祉・高齢者,高齢者が公園で集まれる場所があると良い
S02349,2026-07-26,区民意識調査,K区,まちづくり・環境,道路・交通,駅前の再整備で歩道が広くなり、歩きやすくなった。
S02350,2026-07-26,区民意識調査,J区,子育て・教育,保育・幼稚園,保育園の空きがなく、育休明けの復職に間に合わない。何とかならないでしょうか。
S02351,2026-07-26,区民意識調査,C区,まちづくり・環境,公園・緑,公園の遊具が古く、子どもを遊ばせるのが不安。
S02352,2026-07-26,広聴データベース,J区,暮らし・安全,防災・防犯,防災マップが分かりやすく、避難場所を家族で確認できた
S02353,2026-07-26,区民意識調査,P区,まちづくり・環境,道路・交通,バスの本数が減り、駅まで出るのが大変になった。改善をお願いします。
S02354,2026-07-26,区民意識調査,N区,暮らし・安全,防災・防犯,防災マップが分かりやすく、避難場所を家族で確認できた。
S02355,2026-07-26,区民意識調査,E区,子育て・教育,学校・教育,学校の先生が丁寧に相談に乗ってくれて安心できた。ありがとうございます。
S02356,2026-07-26,区民意識調査,B区,暮らし・安全,区役所の窓口,区役所の職員の対応が丁寧で、満足度は高い。
S02357,2026-07-26,区民意識調査,C区,まちづくり・環境,道路・交通,歩道が狭く、ベビーカーで通るのが怖い
S02358,2026-07-26,区民意識調査,J区,まちづくり・環境,道路・交通,駅前の放置自転車が多い。改善をお願いします。
S02359,2026-07-26,区民意識調査,L区,まちづくり・環境,ごみ・環境,集積場所がカラスに荒らされる。何とかならないでしょうか。
S02360,2026-07-26,広聴データベース,K区,まちづくり・環境,道路・交通,バスの本数が減り、駅まで出るのが大変になった
S02361,2026-07-26,区民意識調査,N区,子育て・教育,保育・幼稚園,保育園の先生方の対応が丁寧で安心して預けられる
S02362,2026-07-26,広聴データベース,D区,まちづくり・環境,公園・緑,公園がきれいになったのは良いが、トイレが古いままで残念。ありがとうございます。
S02363,2026-07-26,区民意識調査,C区,子育て・教育,保育・幼稚園,保育料が高いので、二人目を考えると負担が大きい
S02364,2026-07-26,区民意識調査,R区,まちづくり・環境,道路・交通,バスの本数が減り、駅まで出るのが大変になった。何とかならないでしょうか。
S02365,2026-07-26,区民意識調査,I区,暮らし・安全,防災・防犯,防災マップが分かりやすく、避難場所を家族で確認できた
S02366,2026-07-26,区民意識調査,B区,まちづくり・環境,道路・交通,地域の循環バスが便利で、買い物に助かっている
S02367,2026-07-26,区民意識調査,F区,子育て・教育,保育・幼稚園,保育園の先生方の対応が丁寧で安心して預けられる
S02368,2026-07-26,区民意識調査,O区,まちづくり・環境,ごみ・環境,ごみの収集が時間どおりで助かっている。ありがとうございます。
S02369,2026-07-27,区民意識調査,P区,まちづくり・環境,道路・交通,地域の循環バスが便利で、買い物に助かっている。
S02370,2026-07-27,区民意識調査,A区,まちづくり・環境,道路・交通,バスの本数が減り、駅まで出るのが大変になった
S02371,2026-07-27,広聴データベース,A区,子育て・教育,子育て支援,子育て中で、雨の日でも子どもを遊ばせられる場所がほしい。検討をお願いします。
S02372,2026-07-27,区民意識調査,F区,まちづくり・環境,公園・緑,子育て世帯が多いのに、近くに公園が少ない。
S02373,2026-07-27,区民意識調査,L区,まちづくり・環境,公園・緑,公園の遊具が古く、子どもを遊ばせるのが不安
S02374,2026-07-27,広聴データベース,D区,まちづくり・環境,ごみ・環境,ごみの分別が分かりにくく、収集日も覚えられない。改善をお願いします。
S02375,2026-07-27,区民意識調査,N区,まちづくり・環境,ごみ・環境,ごみの収集が時間どおりで助かっている。ありがとうございます。
S02376,2026-07-27,広聴データベース,P区,子育て・教育,子育て支援,子育て中で、雨の日でも子どもを遊ばせられる場所がほしい。
S02377,2026-07-27,広聴データベース,E区,まちづくり・環境,公園・緑,子育て世帯が多いのに、近くに公園が少ない
S02378,2026-07-27,区民意識調査,C区,子育て・教育,学校・教育,通学路の見守りが少なく、子どもの登下校が心配。何とかならないでしょうか。
S02379,2026-07-27,広聴データベース,C区,子育て・教育,保育・幼稚園,保育園の先生方の対応が丁寧で安心して預けられる。
S02380,2026-07-27,区民意識調査,F区,暮らし・安全,防災・防犯,防災マップが分かりやすく、避難場所を家族で確認できた。
S02381,2026-07-27,区民意識調査,I区,暮らし・安全,福祉・高齢者,地域包括支援センターの職員の対応が良い。
S02382,2026-07-27,広聴データベース,E区,子育て・教育,子育て支援,子育て中で、雨の日でも子どもを遊ばせられる場所がほしい
S02383,2026-07-27,区民意識調査,J区,暮らし・安全,防災・防犯,防災マップが分かりやすく、避難場所を家族で確認できた
S02384,2026-07-27,区民意識調査,M区,暮らし・安全,区役所の窓口,区役所の窓口の待ち時間が長い。改善をお願いします。
S02385,2026-07-27,区民意識調査,B区,まちづくり・環境,公園・緑,子育てしやすいよう、公園に日陰とベンチを増やしてほしい
S02386,2026-07-27,区民意識調査,E区,暮らし・安全,防災・防犯,避難場所がどこか分からず、子どもと逃げられるか心配
S02387,2026-07-27,区民意識調査,G区,子育て・教育,保育・幼稚園,保育園の先生方の対応が丁寧で安心して預けられる
S02388,2026-07-27,区民意識調査,H区,まちづくり・環境,ごみ・環境,ごみの分別が分かりにくく、収集日も覚えられない。
S02389,2026-07-27,区民意識調査,E区,子育て・教育,学校・教育,学校の先生が丁寧に相談に乗ってくれて安心できた。ありがとうございます。
S02390,2026-07-27,区民意識調査,G区,まちづくり・環境,道路・交通,地域の循環バスが便利で、買い物に助かっている。
S02391,2026-07-27,区民意識調査,A区,まちづくり・環境,ごみ・環境,ごみの収集が時間どおりで助かっている。ありがとうございます。
S02392,2026-07-27,区民意識調査,L区,子育て・教育,保育・幼稚園,保育料が高いので、二人目を考えると負担が大きい。
S02393,2026-07-27,区民意識調査,D区,暮らし・安全,福祉・高齢者,高齢者の介護の相談先が分からず困っている
S02394,2026-07-27,区民意識調査,F区,子育て・教育,子育て支援,子育ての相談窓口がどこか分かりにくい
S02395,2026-07-27,広聴データベース,G区,子育て・教育,子育て支援,子育て支援拠点のイベントが充実していて満足度が高い。ありがとうございます。
S02396,2026-07-27,区民意識調査,M区,まちづくり・環境,道路・交通,バスの本数が減り、駅まで出るのが大変になった
S02397,2026-07-27,区民意識調査,B区,まちづくり・環境,公園・緑,公園がきれいになったのは良いが、トイレが古いままで残念。
S02398,2026-07-27,区民意識調査,R区,暮らし・安全,防災・防犯,避難場所がどこか分からず、子どもと逃げられるか心配
S02399,2026-07-27,区民意識調査,F区,子育て・教育,保育・幼稚園,保育園の空きがなく、育休明けの復職に間に合わない。何とかならないでしょうか。
S02400,2026-07-27,区民意識調査,K区,まちづくり・環境,公園・緑,子育てしやすいよう、公園に日陰とベンチを増やしてほしい。
S02401,2026-07-27,区民意識調査,E区,暮らし・安全,福祉・高齢者,高齢者が公園で集まれる場所があると良い
S02402,2026-07-27,広聴データベース,B区,子育て・教育,保育・幼稚園,保育園の空きがなく、育休明けの復職に間に合わない。
S02403,2026-07-27,区民意識調査,O区,子育て・教育,学校・教育,通学路の見守りが少なく、子どもの登下校が心配。何とかならないでしょうか。
S02404,2026-07-27,区民意識調査,B区,子育て・教育,学校・教育,通学路の見守りが少なく、子どもの登下校が心配。何とかならないでしょうか。
S02405,2026-07-27,広聴データベース,L区,子育て・教育,学校・教育,通学路の見守りが少なく、子どもの登下校が心配。改善をお願いします。
S02406,2026-07-27,区民意識調査,H区,暮らし・安全,福祉・高齢者,高齢者が公園で集まれる場所があると良い
S02407,2026-07-27,広聴データベース,M区,子育て・教育,保育・幼稚園,一時保育の予約が取りにくい。改善をお願いします。
S02408,2026-07-27,区民意識調査,E区,暮らし・安全,福祉・高齢者,高齢者の介護の相談先が分からず困っている。改善をお願いします。
S02409,2026-07-27,広聴データベース,P区,まちづくり・環境,公園・緑,公園の遊具が古く、子どもを遊ばせるのが不安。
S02410,2026-07-27,区民意識調査,P区,子育て・教育,学校・教育,学校の先生が丁寧に相談に乗ってくれて安心できた。ありがとうございます。
S02411,2026-07-27,広聴データベース,C区,まちづくり・環境,公園・緑,子育て世帯が多いのに、近くに公園が少ない
S02412,2026-07-27,区民意識調査,K区,まちづくり・環境,道路・交通,バスの本数が減り、駅まで出るのが大変になった
S02413,2026-07-27,広聴データベース,R区,まちづくり・環境,道路・交通,歩道が狭く、ベビーカーで通るのが怖い。
S02414,2026-07-27,区民意識調査,C区,まちづくり・環境,道路・交通,地域の循環バスが便利で、買い物に助かっている。
S02415,2026-07-27,区民意識調査,B区,まちづくり・環境,道路・交通,駅前の再整備で歩道が広くなり、歩きやすくなった
S02416,2026-07-27,区民意識調査,G区,暮らし・安全,福祉・高齢者,高齢者が公園で集まれる場所があると良い。検討をお願いします。
S02417,2026-07-27,区民意識調査,N区,まちづくり・環境,公園・緑,公園の遊具が古く、子どもを遊ばせるのが不安
S02418,2026-07-27,区民意識調査,M区,まちづくり・環境,公園・緑,公園の遊具は安全性が高いと感じる。
S02419,2026-07-27,区民意識調査,H区,まちづくり・環境,ごみ・環境,ごみの収集が時間どおりで助かっている。ありがとうございます。
S02420,2026-07-27,区民意識調査,L区,暮らし・安全,福祉・高齢者,地域包括支援センターの職員の対応が良い
S02421,2026-07-27,区民意識調査,R区,子育て・教育,子育て支援,子育て支援拠点のイベントが充実していて満足度が高い。ありがとうございます。
S02422,2026-07-27,区民意識調査,I区,まちづくり・環境,ごみ・環境,ごみの収集が時間どおりで助かっている。ありがとうございます。
S02423,2026-07-27,広聴データベース,E区,まちづくり・環境,ごみ・環境,集積場所がカラスに荒らされる。何とかならないでしょうか。
S02424,2026-07-27,区民意識調査,H区,暮らし・安全,防災・防犯,避難場所がどこか分からず、子どもと逃げられるか心配。
S02425,2026-07-27,広聴データベース,J区,暮らし・安全,福祉・高齢者,高齢者の介護の相談先が分からず困っている。改善をお願いします。
S02426,2026-07-27,広聴データベース,J区,まちづくり・環境,公園・緑,子育てしやすいよう、公園に日陰とベンチを増やしてほしい。検討をお願いします。
S02427,2026-07-27,区民意識調査,R区,まちづくり・環境,公園・緑,公園の遊具が古く、子どもを遊ばせるのが不安。
S02428,2026-07-27,区民意識調査,P区,まちづくり・環境,公園・緑,子育て世帯が多いのに、近くに公園が少ない。
S02429,2026-07-27,広聴データベース,P区,子育て・教育,保育・幼稚園,保育園の空きがなく、育休明けの復職に間に合わない。改善をお願いします。
S02430,2026-07-27,区民意識調査,R区,子育て・教育,子育て支援,子育ての相談窓口がどこか分かりにくい。
S02431,2026-07-27,区民意識調査,A区,子育て・教育,学校・教育,放課後の居場所が足りない
S02432,2026-07-27,区民意識調査,O区,暮らし・安全,福祉・高齢者,地域包括支援センターの職員の対応が良い。
S02433,2026-07-27,区民意識調査,A区,暮らし・安全,区役所の窓口,区役所の手続きがオンラインでできて便利になった
S02434,2026-07-27,区民意識調査,J区,暮らし・安全,防災・防犯,避難場所がどこか分からず、子どもと逃げられるか心配。何とかならないでしょうか。
S02435,2026-07-27,区民意識調査,O区,まちづくり・環境,公園・緑,子育て世帯が多いのに、近くに公園が少ない
S02436,2026-07-27,区民意識調査,H区,子育て・教育,保育・幼稚園,保育園の先生方の対応が丁寧で安心して預けられる。
S02437,2026-07-27,広聴データベース,K区,まちづくり・環境,ごみ・環境,ごみの分別が分かりにくく、収集日も覚えられない。
S02438,2026-07-27,区民意識調査,K区,子育て・教育,学校・教育,通学路の見守りが少なく、子どもの登下校が心配。何とかならないでしょうか。
S02439,2026-07-28,区民意識調査,H区,まちづくり・環境,道路・交通,バスの本数が減り、駅まで出るのが大変になった。何とかならないでしょうか。
S02440,2026-07-28,区民意識調査,I区,暮らし・安全,防災・防犯,防災マップが分かりやすく、避難場所を家族で確認できた
S02441,2026-07-28,区民意識調査,N区,まちづくり・環境,公園・緑,子育てしやすいよう、公園に日陰とベンチを増やしてほしい。検討をお願いします。
S02442,2026-07-28,区民意識調査,C区,暮らし・安全,福祉・高齢者,地域包括支援センターの職員の対応が良い
S02443,2026-07-28,区民意識調査,N区,まちづくり・環境,ごみ・環境,ごみの分別が分かりにくく、収集日も覚えられない
S02444,2026-07-28,区民意識調査,P区,まちづくり・環境,ごみ・環境,地域の清掃活動で街がきれいになり、住みやすい。
S02445,2026-07-28,区民意識調査,I区,子育て・教育,保育・幼稚園,保育料が高いので、二人目を考えると負担が大きい。改善をお願いします。
S02446,2026-07-28,区民意識調査,Q区,子育て・教育,保育・幼稚園,保育園の先生方の対応が丁寧で安心して預けられる。
S02447,2026-07-28,広聴データベース,Q区,子育て・教育,子育て支援,子育て支援拠点のイベントが充実していて満足度が高い。ありがとうございます。
S02448,2026-07-28,区民意識調査,O区,暮らし・安全,区役所の窓口,区役所の職員の対応が丁寧で、満足度は高い。
S02449,2026-07-28,区民意識調査,F区,まちづくり・環境,道路・交通,地域の循環バスが便利で、買い物に助かっている。ありがとうございます。
S02450,2026-07-28,広聴データベース,A区,暮らし・安全,区役所の窓口,区役所の窓口の待ち時間が長い
S02451,2026-07-28,区民意識調査,F区,まちづくり・環境,道路・交通,駅前の再整備で歩道が広くなり、歩きやすくなった。
S02452,2026-07-28,区民意識調査,B区,子育て・教育,保育・幼稚園,保育園の先生方の対応が丁寧で安心して預けられる
S02453,2026-07-28,区民意識調査,N区,子育て・教育,保育・幼稚園,保育園の先生方の対応が丁寧で安心して預けられる。ありがとうございます。
S02454,2026-07-28,区民意識調査,O区,子育て・教育,学校・教育,通学路の見守りが少なく、子どもの登下校が心配。何とかならないでしょうか。
S02455,2026-07-28,広聴データベース,K区,子育て・教育,保育・幼稚園,保育料が高いので、二人目を考えると負担が大きい。
S02456,2026-07-28,区民意識調査,I区,まちづくり・環境,ごみ・環境,ごみの収集が時間どおりで助かっている。
S02457,2026-07-28,区民意識調査,J区,まちづくり・環境,公園・緑,公園の遊具は安全性が高いと感じる。
S02458,2026-07-28,区民意識調査,D区,子育て・教育,子育て支援,子育て中で、雨の日でも子どもを遊ばせられる場所がほしい。検討をお願いします。
S02459,2026-07-28,区民意識調査,N区,暮らし・安全,防災・防犯,夜道が暗く、街灯を増やしてほしい
S02460,2026-07-28,広聴データベース,F区,子育て・教育,保育・幼稚園,保育園の空きがなく、育休明けの復職に間に合わない
S02461,2026-07-28,区民意識調査,F区,まちづくり・環境,道路・交通,バスの本数が減り、駅まで出るのが大変になった
S02462,2026-07-28,区民意識調査,I区,暮らし・安全,福祉・高齢者,地域包括支援センターの職員の対応が良い。ありがとうございます。
S02463,2026-07-28,区民意識調査,L区,子育て・教育,保育・幼稚園,保育園の先生方の対応が丁寧で安心して預けられる。ありがとうございます。
S02464,2026-07-28,区民意識調査,O区,まちづくり・環境,道路・交通,駅前の再整備で歩道が広くなり、歩きやすくなった。
S02465,2026-07-28,区民意識調査,G区,子育て・教育,子育て支援,子育て中で、雨の日でも子どもを遊ばせられる場所がほしい。検討をお願いします。
S02466,2026-07-28,区民意識調査,J区,暮らし・安全,防災・防犯,避難場所がどこか分からず、子どもと逃げられるか心配。改善をお願いします。
S02467,2026-07-28,区民意識調査,E区,子育て・教育,学校・教育,放課後の居場所が足りない。
S02468,2026-07-28,区民意識調査,R区,暮らし・安全,区役所の窓口,区役所の窓口の待ち時間が長い。
S02469,2026-07-28,区民意識調査,K区,子育て・教育,子育て支援,子育ての相談窓口がどこか分かりにくい。何とかならないでしょうか。
S02470,2026-07-28,区民意識調査,M区,暮らし・安全,防災・防犯,避難場所がどこか分からず、子どもと逃げられるか心配。改善をお願いします。
S02471,2026-07-28,区民意識調査,F区,子育て・教育,保育・幼稚園,保育料が高いので、二人目を考えると負担が大きい。改善をお願いします。
S02472,2026-07-28,区民意識調査,P区,まちづくり・環境,公園・緑,公園の遊具が古く、子どもを遊ばせるのが不安。改善をお願いします。
S02473,2026-07-28,区民意識調査,J区,まちづくり・環境,道路・交通,地域の循環バスが便利で、買い物に助かっている。
S02474,2026-07-28,区民意識調査,L区,まちづくり・環境,ごみ・環境,ごみの収集が時間どおりで助かっている
S02475,2026-07-28,広聴データベース,G区,暮らし・安全,防災・防犯,夜道が暗く、街灯を増やしてほしい。改善をお願いします。
S02476,2026-07-28,区民意識調査,B区,まちづくり・環境,道路・交通,地域の循環バスが便利で、買い物に助かっている。
S02477,2026-07-28,区民意識調査,C区,まちづくり・環境,公園・緑,子育て世帯が多いのに、近くに公園が少ない。
S02478,2026-07-28,区民意識調査,M区,子育て・教育,子育て支援,子育て支援拠点のイベントが充実していて満足度が高い。ありがとうございます。
S02479,2026-07-28,区民意識調査,N区,子育て・教育,保育・幼稚園,保育園の空きがなく、育休明けの復職に間に合わない。
S02480,2026-07-28,区民意識調査,N区,まちづくり・環境,公園・緑,子育て世帯が多いのに、近くに公園が少ない。何とかならないでしょうか。
S02481,2026-07-28,区民意識調査,F区,暮らし・安全,福祉・高齢者,高齢者が公園で集まれる場所があると良い。検討をお願いします。
S02482,2026-07-28,区民意識調査,N区,まちづくり・環境,道路・交通,駅前の再整備で歩道が広くなり、歩きやすくなった
S02483,2026-07-28,区民意識調査,B区,子育て・教育,保育・幼稚園,保育園の空きがなく、育休明けの復職に間に合わない。
S02484,2026-07-28,区民意識調査,J区,子育て・教育,学校・教育,通学路の見守りが少なく、子どもの登下校が心配。改善をお願いします。
S02485,2026-07-28,区民意識調査,P区,暮らし・安全,福祉・高齢者,高齢者の介護の相談先が分からず困っている。改善をお願いします。
S02486,2026-07-28,区民意識調査,R区,まちづくり・環境,道路・交通,駅前の放置自転車が多い。
S02487,2026-07-28,区民意識調査,H区,暮らし・安全,福祉・高齢者,地域包括支援センターの職員の対応が良い。ありがとうございます。
S02488,2026-07-28,区民意識調査,I区,まちづくり・環境,ごみ・環境,ごみの収集が時間どおりで助かっている
S02489,2026-07-28,区民意識調査,M区,暮らし・安全,福祉・高齢者,高齢者の介護の相談先が分からず困っている
S02490,2026-07-28,広聴データベース,F区,子育て・教育,保育・幼稚園,保育料が高いので、二人目を考えると負担が大きい。改善をお願いします。
S02491,2026-07-28,区民意識調査,Q区,子育て・教育,子育て支援,子育て支援拠点のイベントが充実していて満足度が高い。ありがとうございます。
S02492,2026-07-28,区民意識調査,J区,まちづくり・環境,公園・緑,子育てしやすいよう、公園に日陰とベンチを増やしてほしい。
S02493,2026-07-28,区民意識調査,K区,まちづくり・環境,道路・交通,駅前の再整備で歩道が広くなり、歩きやすくなった
S02494,2026-07-28,区民意識調査,F区,子育て・教育,保育・幼稚園,保育料が高いので、二人目を考えると負担が大きい。改善をお願いします。
S02495,2026-07-28,区民意識調査,H区,子育て・教育,子育て支援,子育ての相談窓口がどこか分かりにくい。
S02496,2026-07-28,広聴データベース,E区,子育て・教育,保育・幼稚園,保育料が高いので、二人目を考えると負担が大きい。何とかならないでしょうか。
S02497,2026-07-28,区民意識調査,Q区,まちづくり・環境,道路・交通,地域の循環バスが便利で、買い物に助かっている
S02498,2026-07-28,区民意識調査,M区,まちづくり・環境,道路・交通,バスの本数が減り、駅まで出るのが大変になった。
S02499,2026-07-28,区民意識調査,L区,子育て・教育,学校・教育,通学路の見守りが少なく、子どもの登下校が心配
S02500,2026-07-28,区民意識調査,F区,子育て・教育,保育・幼稚園,保育園の先生方の対応が丁寧で安心して預けられる。
S02501,2026-07-28,区民意識調査,K区,子育て・教育,子育て支援,子育て支援拠点のイベントが充実していて満足度が高い
S02502,2026-07-28,区民意識調査,O区,暮らし・安全,防災・防犯,防災訓練に参加して、地域のつながりができて安心。ありがとうございます。
S02503,2026-07-28,区民意識調査,D区,暮らし・安全,福祉・高齢者,高齢者が公園で集まれる場所があると良い。検討をお願いします。
S02504,2026-07-28,区民意識調査,K区,暮らし・安全,防災・防犯,夜道が暗く、街灯を増やしてほしい。改善をお願いします。
S02505,2026-07-28,区民意識調査,M区,まちづくり・環境,道路・交通,バスの本数が減り、駅まで出るのが大変になった。改善をお願いします。
S02506,2026-07-28,区民意識調査,I区,子育て・教育,子育て支援,子育て支援拠点のイベントが充実していて満足度が高い
S02507,2026-07-28,区民意識調査,F区,まちづくり・環境,道路・交通,地域の循環バスが便利で、買い物に助かっている。
S02508,2026-07-28,区民意識調査,D区,まちづくり・環境,公園・緑,公園の遊具が古く、子どもを遊ばせるのが不安
S02509,2026-07-28,区民意識調査,M区,まちづくり・環境,道路・交通,バスの本数が減り、駅まで出るのが大変になった。改善をお願いします。
S02510,2026-07-28,区民意識調査,M区,まちづくり・環境,道路・交通,駅前の再整備で歩道が広くなり、歩きやすくなった
S02511,2026-07-28,区民意識調査,J区,まちづくり・環境,公園・緑,公園の遊具が古く、子どもを遊ばせるのが不安
S02512,2026-07-28,区民意識調査,O区,まちづくり・環境,道路・交通,地域の循環バスが便利で、買い物に助かっている。ありがとうございます。
S02513,2026-07-28,広聴データベース,A区,暮らし・安全,区役所の窓口,区役所の窓口の待ち時間が長い。何とかならないでしょうか。
S02514,2026-07-28,区民意識調査,D区,子育て・教育,子育て支援,子育て中で、雨の日でも子どもを遊ばせられる場所がほしい
S02515,2026-07-28,区民意識調査,D区,暮らし・安全,福祉・高齢者,地域包括支援センターの職員の対応が良い。ありがとうございます。
S02516,2026-07-28,区民意識調査,P区,まちづくり・環境,道路・交通,歩道が狭く、ベビーカーで通るのが怖い。
S02517,2026-07-28,区民意識調査,E区,暮らし・安全,区役所の窓口,区役所の職員の対応が丁寧で、満足度は高い。ありがとうございます。
S02518,2026-07-28,広聴データベース,H区,子育て・教育,学校・教育,学校の先生が丁寧に相談に乗ってくれて安心できた。ありがとうございます。
S02519,2026-07-28,区民意識調査,J区,子育て・教育,学校・教育,通学路の見守りが少なく、子どもの登下校が心配。
S02520,2026-07-28,区民意識調査,F区,子育て・教育,子育て支援,子育て中で、雨の日でも子どもを遊ばせられる場所がほしい。
S02521,2026-07-28,区民意識調査,N区,まちづくり・環境,公園・緑,子育てしやすいよう、公園に日陰とベンチを増やしてほしい
S02522,2026-07-28,区民意識調査,G区,子育て・教育,学校・教育,学校の先生が丁寧に相談に乗ってくれて安心できた
S02523,2026-07-28,区民意識調査,B区,子育て・教育,保育・幼稚園,保育園の先生方の対応が丁寧で安心して預けられる。
S02524,2026-07-28,区民意識調査,D区,子育て・教育,学校・教育,放課後の居場所が足りない。
S02525,2026-07-28,区民意識調査,H区,暮らし・安全,福祉・高齢者,高齢者が公園で集まれる場所があると良い。
S02526,2026-08-01,広聴データベース,M区,まちづくり・環境,公園・緑,公園の遊具が古く、子どもを遊ばせるのが不安。改善をお願いします。
S02527,2026-08-01,広聴データベース,J区,暮らし・安全,防災・防犯,夜道が暗く、街灯を増やしてほしい
S02528,2026-08-01,広聴データベース,B区,まちづくり・環境,道路・交通,駅前の再整備で歩道が広くなり、歩きやすくなった
S02529,2026-08-01,広聴データベース,A区,まちづくり・環境,道路・交通,バスの本数が減り、駅まで出るのが大変になった。改善をお願いします。
S02530,2026-08-01,広聴データベース,E区,まちづくり・環境,ごみ・環境,集積場所がカラスに荒らされる。改善をお願いします。
S02531,2026-08-02,広聴データベース,I区,子育て・教育,保育・幼稚園,一時保育の予約が取りにくい。何とかならないでしょうか。
S02532,2026-08-02,広聴データベース,A区,まちづくり・環境,ごみ・環境,ごみの収集が時間どおりで助かっている
S02533,2026-08-02,広聴データベース,J区,暮らし・安全,区役所の窓口,区役所の職員の対応が丁寧で、満足度は高い
S02534,2026-08-02,広聴データベース,D区,まちづくり・環境,道路・交通,バスの本数が減り、駅まで出るのが大変になった。改善をお願いします。
S02535,2026-08-02,広聴データベース,E区,まちづくり・環境,ごみ・環境,地域の清掃活動で街がきれいになり、住みやすい。ありがとうございます。
S02536,2026-08-02,広聴データベース,F区,暮らし・安全,防災・防犯,避難場所がどこか分からず、子どもと逃げられるか心配
S02537,2026-08-02,広聴データベース,J区,子育て・教育,子育て支援,子育て支援拠点のイベントが充実していて満足度が高い。ありがとうございます。
S02538,2026-08-02,広聴データベース,Q区,子育て・教育,保育・幼稚園,保育料が高いので、二人目を考えると負担が大きい。
S02539,2026-08-02,広聴データベース,R区,暮らし・安全,福祉・高齢者,高齢者の介護の相談先が分からず困っている。改善をお願いします。
S02540,2026-08-02,広聴データベース,Q区,暮らし・安全,防災・防犯,避難場所がどこか分からず、子どもと逃げられるか心配。何とかならないでしょうか。
S02541,2026-08-02,広聴データベース,L区,暮らし・安全,区役所の窓口,区役所の手続きがオンラインでできて便利になった
S02542,2026-08-03,広聴データベース,N区,まちづくり・環境,道路・交通,駅前の再整備で歩道が広くなり、歩きやすくなった。ありがとうございます。
S02543,2026-08-03,広聴データベース,J区,子育て・教育,保育・幼稚園,保育園の空きがなく、育休明けの復職に間に合わない。
S02544,2026-08-03,広聴データベース,F区,暮らし・安全,防災・防犯,夜道が暗く、街灯を増やしてほしい。改善をお願いします。
S02545,2026-08-03,広聴データベース,P区,まちづくり・環境,道路・交通,歩道が狭く、ベビーカーで通るのが怖い。
S02546,2026-08-03,広聴データベース,D区,子育て・教育,学校・教育,学校の情報発信が分かりやすくなって良い。ありがとうございます。
S02547,2026-08-03,広聴データベース,M区,まちづくり・環境,道路・交通,バスの本数が減り、駅まで出るのが大変になった。
S02548,2026-08-03,広聴データベース,P区,まちづくり・環境,公園・緑,子育て世帯が多いのに、近くに公園が少ない。
S02549,2026-08-03,広聴データベース,R区,子育て・教育,保育・幼稚園,一時保育の予約が取りにくい。改善をお願いします。
S02550,2026-08-03,広聴データベース,Q区,まちづくり・環境,ごみ・環境,ごみの分別が分かりにくく、収集日も覚えられない。
S02551,2026-08-03,広聴データベース,D区,まちづくり・環境,道路・交通,駅前の放置自転車が多い。改善をお願いします。
S02552,2026-08-04,広聴データベース,F区,子育て・教育,子育て支援,子育ての相談窓口がどこか分かりにくい。改善をお願いします。
S02553,2026-08-04,広聴データベース,N区,まちづくり・環境,公園・緑,公園の遊具が古く、子どもを遊ばせるのが不安。改善をお願いします。
S02554,2026-08-04,広聴データベース,C区,まちづくり・環境,公園・緑,子育てしやすいよう、公園に日陰とベンチを増やしてほしい。検討をお願いします。
S02555,2026-08-04,広聴データベース,F区,子育て・教育,保育・幼稚園,保育園の空きがなく、育休明けの復職に間に合わない。
S02556,2026-08-04,広聴データベース,D区,子育て・教育,保育・幼稚園,保育料が高いので、二人目を考えると負担が大きい。何とかならないでしょうか。
S02557,2026-08-04,広聴データベース,K区,暮らし・安全,防災・防犯,夜道が暗く、街灯を増やしてほしい。改善をお願いします。
S02558,2026-08-04,広聴データベース,H区,まちづくり・環境,公園・緑,子育てしやすいよう、公園に日陰とベンチを増やしてほしい。
S02559,2026-08-04,広聴データベース,Q区,まちづくり・環境,ごみ・環境,ごみの収集が時間どおりで助かっている。
S02560,2026-08-04,広聴データベース,D区,子育て・教育,学校・教育,通学路の見守りが少なく、子どもの登下校が心配。何とかならないでしょうか。
S02561,2026-08-05,広聴データベース,Q区,まちづくり・環境,公園・緑,子育て世帯が多いのに、近くに公園が少ない。何とかならないでしょうか。
S02562,2026-08-05,広聴データベース,C区,暮らし・安全,福祉・高齢者,高齢者の介護の相談先が分からず困っている
S02563,2026-08-05,広聴データベース,F区,暮らし・安全,福祉・高齢者,高齢者の介護の相談先が分からず困っている。
S02564,2026-08-05,広聴データベース,F区,子育て・教育,保育・幼稚園,保育料が高いので、二人目を考えると負担が大きい。何とかならないでしょうか。
S02565,2026-08-05,広聴データベース,E区,暮らし・安全,防災・防犯,避難場所がどこか分からず、子どもと逃げられるか心配。
S02566,2026-08-05,広聴データベース,O区,まちづくり・環境,公園・緑,公園の遊具は安全性が高いと感じる。ありがとうございます。
S02567,2026-08-05,広聴データベース,D区,暮らし・安全,福祉・高齢者,地域包括支援センターの職員の対応が良い。ありがとうございます。
S02568,2026-08-05,広聴データベース,N区,子育て・教育,保育・幼稚園,保育園の空きがなく、育休明けの復職に間に合わない。改善をお願いします。
S02569,2026-08-05,広聴データベース,H区,子育て・教育,保育・幼稚園,保育園の先生方の対応が丁寧で安心して預けられる。
S02570,2026-08-05,広聴データベース,A区,まちづくり・環境,公園・緑,公園の遊具が古く、子どもを遊ばせるのが不安。
S02571,2026-08-06,広聴データベース,Q区,まちづくり・環境,ごみ・環境,集積場所がカラスに荒らされる。
S02572,2026-08-06,広聴データベース,L区,子育て・教育,学校・教育,通学路の見守りが少なく、子どもの登下校が心配。改善をお願いします。
S02573,2026-08-06,広聴データベース,N区,まちづくり・環境,道路・交通,駅前の放置自転車が多い
S02574,2026-08-06,広聴データベース,F区,子育て・教育,子育て支援,子育て中で、雨の日でも子どもを遊ばせられる場所がほしい。
S02575,2026-08-06,広聴データベース,Q区,まちづくり・環境,道路・交通,バスの本数が減り、駅まで出るのが大変になった。
S02576,2026-08-06,広聴データベース,H区,まちづくり・環境,公園・緑,公園の遊具が古く、子どもを遊ばせるのが不安
S02577,2026-08-06,広聴データベース,A区,子育て・教育,子育て支援,子育て中で、雨の日でも子どもを遊ばせられる場所がほしい
S02578,2026-08-06,広聴データベース,P区,まちづくり・環境,公園・緑,子育て世帯が多いのに、近くに公園が少ない。
S02579,2026-08-07,広聴データベース,H区,まちづくり・環境,公園・緑,子育てしやすいよう、公園に日陰とベンチを増やしてほしい
S02580,2026-08-07,広聴データベース,E区,まちづくり・環境,公園・緑,公園の遊具は安全性が高いと感じる。
S02581,2026-08-07,広聴データベース,K区,子育て・教育,保育・幼稚園,保育料が高いので、二人目を考えると負担が大きい。何とかならないでしょうか。
S02582,2026-08-07,広聴データベース,D区,暮らし・安全,区役所の窓口,区役所の手続きがオンラインでできて便利になった。ありがとうございます。
S02583,2026-08-07,広聴データベース,R区,子育て・教育,学校・教育,通学路の見守りが少なく、子どもの登下校が心配
S02584,2026-08-07,広聴データベース,J区,暮らし・安全,防災・防犯,避難場所がどこか分からず、子どもと逃げられるか心配。改善をお願いします。
S02585,2026-08-07,広聴データベース,B区,暮らし・安全,区役所の窓口,区役所の窓口の待ち時間が長い。
S02586,2026-08-07,広聴データベース,E区,まちづくり・環境,ごみ・環境,ごみの分別が分かりにくく、収集日も覚えられない
S02587,2026-08-08,広聴データベース,O区,まちづくり・環境,道路・交通,駅前の再整備で歩道が広くなり、歩きやすくなった。ありがとうございます。
S02588,2026-08-08,広聴データベース,O区,暮らし・安全,福祉・高齢者,地域包括支援センターの職員の対応が良い。
S02589,2026-08-08,広聴データベース,B区,暮らし・安全,防災・防犯,避難場所がどこか分からず、子どもと逃げられるか心配。何とかならないでしょうか。
S02590,2026-08-08,広聴データベース,E区,まちづくり・環境,ごみ・環境,ごみの分別が分かりにくく、収集日も覚えられない
S02591,2026-08-08,広聴データベース,A区,暮らし・安全,区役所の窓口,区役所の手続きがオンラインでできて便利になった。
S02592,2026-08-08,広聴データベース,N区,暮らし・安全,防災・防犯,夜道が暗く、街灯を増やしてほしい
S02593,2026-08-08,広聴データベース,O区,子育て・教育,学校・教育,学校の先生が丁寧に相談に乗ってくれて安心できた
S02594,2026-08-08,広聴データベース,C区,まちづくり・環境,道路・交通,駅前の再整備で歩道が広くなり、歩きやすくなった
S02595,2026-08-09,広聴データベース,P区,子育て・教育,保育・幼稚園,一時保育の予約が取りにくい。何とかならないでしょうか。
S02596,2026-08-09,広聴データベース,N区,子育て・教育,保育・幼稚園,保育園の空きがなく、育休明けの復職に間に合わない。何とかならないでしょうか。
S02597,2026-08-09,広聴データベース,H区,暮らし・安全,福祉・高齢者,高齢者の介護の相談先が分からず困っている。
S02598,2026-08-09,広聴データベース,G区,子育て・教育,保育・幼稚園,保育料が高いので、二人目を考えると負担が大きい。何とかならないでしょうか。
S02599,2026-08-09,広聴データベース,M区,まちづくり・環境,公園・緑,子育て世帯が多いのに、近くに公園が少ない。何とかならないでしょうか。
S02600,2026-08-09,広聴データベース,P区,まちづくり・環境,道路・交通,歩道が狭く、ベビーカーで通るのが怖い。何とかならないでしょうか。
S02601,2026-08-09,広聴データベース,R区,子育て・教育,保育・幼稚園,保育園の先生方の対応が丁寧で安心して預けられる。ありがとうございます。
S02602,2026-08-10,広聴データベース,R区,まちづくり・環境,道路・交通,バスの本数が減り、駅まで出るのが大変になった。
S02603,2026-08-10,広聴データベース,L区,まちづくり・環境,公園・緑,公園の遊具が古く、子どもを遊ばせるのが不安。何とかならないでしょうか。
S02604,2026-08-10,広聴データベース,B区,子育て・教育,子育て支援,子育ての相談窓口がどこか分かりにくい。
S02605,2026-08-10,広聴データベース,Q区,子育て・教育,子育て支援,子育て中で、雨の日でも子どもを遊ばせられる場所がほしい
S02606,2026-08-10,広聴データベース,N区,暮らし・安全,区役所の窓口,区役所の手続きがオンラインでできて便利になった。ありがとうございます。
S02607,2026-08-10,広聴データベース,K区,子育て・教育,保育・幼稚園,一時保育の予約が取りにくい。
S02608,2026-08-11,広聴データベース,A区,まちづくり・環境,公園・緑,子育て世帯が多いのに、近くに公園が少ない。
S02609,2026-08-11,広聴データベース,G区,暮らし・安全,区役所の窓口,区役所の手続きがオンラインでできて便利になった。
S02610,2026-08-11,広聴データベース,Q区,まちづくり・環境,公園・緑,公園の遊具が古く、子どもを遊ばせるのが不安。何とかならないでしょうか。
S02611,2026-08-11,広聴データベース,J区,暮らし・安全,防災・防犯,防災マップが分かりやすく、避難場所を家族で確認できた。ありがとうございます。
S02612,2026-08-11,広聴データベース,R区,暮らし・安全,防災・防犯,防災訓練に参加して、地域のつながりができて安心。ありがとうございます。
S02613,2026-08-11,広聴データベース,H区,子育て・教育,子育て支援,子育て中で、雨の日でも子どもを遊ばせられる場所がほしい
S02614,2026-08-11,広聴データベース,G区,まちづくり・環境,道路・交通,駅前の放置自転車が多い。何とかならないでしょうか。
S02615,2026-08-11,広聴データベース,G区,まちづくり・環境,公園・緑,子育てしやすいよう、公園に日陰とベンチを増やしてほしい
S02616,2026-08-11,広聴データベース,H区,まちづくり・環境,道路・交通,バスの本数が減り、駅まで出るのが大変になった
S02617,2026-08-11,広聴データベース,K区,まちづくり・環境,道路・交通,バスの本数が減り、駅まで出るのが大変になった。改善をお願いします。
S02618,2026-08-11,広聴データベース,P区,まちづくり・環境,道路・交通,地域の循環バスが便利で、買い物に助かっている。ありがとうございます。
S02619,2026-08-11,広聴データベース,L区,子育て・教育,子育て支援,子育ての相談窓口がどこか分かりにくい。
S02620,2026-08-11,広聴データベース,E区,子育て・教育,学校・教育,放課後の居場所が足りない
S02621,2026-08-11,広聴データベース,A区,子育て・教育,保育・幼稚園,一時保育の予約が取りにくい。改善をお願いします。
S02622,2026-08-11,広聴データベース,H区,まちづくり・環境,ごみ・環境,集積場所がカラスに荒らされる。
S02623,2026-08-12,広聴データベース,P区,まちづくり・環境,公園・緑,子育て世帯が多いのに、近くに公園が少ない。何とかならないでしょうか。
S02624,2026-08-12,広聴データベース,J区,まちづくり・環境,道路・交通,駅前の放置自転車が多い。改善をお願いします。
S02625,2026-08-12,広聴データベース,Q区,まちづくり・環境,ごみ・環境,地域の清掃活動で街がきれいになり、住みやすい。ありがとうございます。
S02626,2026-08-12,広聴データベース,Q区,暮らし・安全,福祉・高齢者,高齢者の介護の相談先が分からず困っている。改善をお願いします。
S02627,2026-08-12,広聴データベース,G区,子育て・教育,保育・幼稚園,保育園の空きがなく、育休明けの復職に間に合わない。
S02628,2026-08-12,広聴データベース,C区,子育て・教育,保育・幼稚園,保育園の空きがなく、育休明けの復職に間に合わない。改善をお願いします。
S02629,2026-08-12,広聴データベース,N区,まちづくり・環境,公園・緑,公園の遊具が古く、子どもを遊ばせるのが不安。
S02630,2026-08-12,広聴データベース,B区,まちづくり・環境,道路・交通,駅前の放置自転車が多い。改善をお願いします。
S02631,2026-08-12,広聴データベース,J区,まちづくり・環境,公園・緑,子育てしやすいよう、公園に日陰とベンチを増やしてほしい。
S02632,2026-08-12,広聴データベース,M区,まちづくり・環境,道路・交通,バスの本数が減り、駅まで出るのが大変になった。何とかならないでしょうか。
S02633,2026-08-12,広聴データベース,A区,子育て・教育,保育・幼稚園,保育園の先生方の対応が丁寧で安心して預けられる。ありがとうございます。
S02634,2026-08-12,広聴データベース,F区,子育て・教育,子育て支援,子育て支援拠点のイベントが充実していて満足度が高い
S02635,2026-08-12,広聴データベース,P区,子育て・教育,保育・幼稚園,一時保育の予約が取りにくい。何とかならないでしょうか。
S02636,2026-08-12,広聴データベース,L区,まちづくり・環境,公園・緑,公園の遊具が古く、子どもを遊ばせるのが不安
S02637,2026-08-12,広聴データベース,R区,暮らし・安全,防災・防犯,避難場所がどこか分からず、子どもと逃げられるか心配。
S02638,2026-08-13,広聴データベース,B区,まちづくり・環境,道路・交通,バスの本数が減り、駅まで出るのが大変になった。改善をお願いします。
S02639,2026-08-13,広聴データベース,C区,子育て・教育,学校・教育,学校の先生が丁寧に相談に乗ってくれて安心できた
S02640,2026-08-13,広聴データベース,J区,まちづくり・環境,ごみ・環境,集積場所がカラスに荒らされる。
S02641,2026-08-13,広聴データベース,D区,子育て・教育,保育・幼稚園,保育園の先生方の対応が丁寧で安心して預けられる。
S02642,2026-08-13,広聴データベース,L区,まちづくり・環境,公園・緑,子育て世帯が多いのに、近くに公園が少ない。
S02643,2026-08-13,広聴データベース,N区,暮らし・安全,福祉・高齢者,高齢者の介護の相談先が分からず困っている。
S02644,2026-08-13,広聴データベース,P区,子育て・教育,子育て支援,子育ての相談窓口がどこか分かりにくい。何とかならないでしょうか。
S02645,2026-08-13,広聴データベース,K区,子育て・教育,子育て支援,子育ての相談窓口がどこか分かりにくい
S02646,2026-08-13,広聴データベース,N区,まちづくり・環境,公園・緑,公園の遊具が古く、子どもを遊ばせるのが不安。改善をお願いします。
S02647,2026-08-13,広聴データベース,N区,まちづくり・環境,ごみ・環境,ごみの分別が分かりにくく、収集日も覚えられない
S02648,2026-08-14,広聴データベース,O区,子育て・教育,保育・幼稚園,保育園の空きがなく、育休明けの復職に間に合わない。
S02649,2026-08-14,広聴データベース,N区,まちづくり・環境,公園・緑,子育て世帯が多いのに、近くに公園が少ない。改善をお願いします。
S02650,2026-08-14,広聴データベース,M区,子育て・教育,学校・教育,学校の情報発信が分かりやすくなって良い。ありがとうございます。
S02651,2026-08-14,広聴データベース,R区,子育て・教育,子育て支援,子育ての相談窓口がどこか分かりにくい。
S02652,2026-08-14,広聴データベース,L区,まちづくり・環境,道路・交通,バスの本数が減り、駅まで出るのが大変になった。改善をお願いします。
S02653,2026-08-14,広聴データベース,H区,子育て・教育,学校・教育,通学路の見守りが少なく、子どもの登下校が心配。改善をお願いします。
S02654,2026-08-14,広聴データベース,I区,まちづくり・環境,公園・緑,公園の遊具が古く、子どもを遊ばせるのが不安。
S02655,2026-08-15,広聴データベース,I区,まちづくり・環境,公園・緑,子育て世帯が多いのに、近くに公園が少ない。改善をお願いします。
S02656,2026-08-15,広聴データベース,J区,暮らし・安全,福祉・高齢者,高齢者の介護の相談先が分からず困っている
S02657,2026-08-15,広聴データベース,J区,まちづくり・環境,公園・緑,公園の遊具が古く、子どもを遊ばせるのが不安
S02658,2026-08-15,広聴データベース,E区,まちづくり・環境,公園・緑,公園の遊具が古く、子どもを遊ばせるのが不安
S02659,2026-08-15,広聴データベース,K区,暮らし・安全,区役所の窓口,区役所の窓口の待ち時間が長い。何とかならないでしょうか。
S02660,2026-08-15,広聴データベース,D区,まちづくり・環境,公園・緑,公園の遊具が古く、子どもを遊ばせるのが不安
S02661,2026-08-15,広聴データベース,I区,子育て・教育,子育て支援,子育て支援拠点のイベントが充実していて満足度が高い。ありがとうございます。
S02662,2026-08-15,広聴データベース,N区,まちづくり・環境,道路・交通,駅前の放置自転車が多い。改善をお願いします。
S02663,2026-08-15,広聴データベース,I区,子育て・教育,保育・幼稚園,保育料が高いので、二人目を考えると負担が大きい
S02664,2026-08-15,広聴データベース,O区,子育て・教育,保育・幼稚園,保育園の空きがなく、育休明けの復職に間に合わない
S02665,2026-08-15,広聴データベース,O区,まちづくり・環境,公園・緑,子育て世帯が多いのに、近くに公園が少ない。
S02666,2026-08-15,広聴データベース,I区,まちづくり・環境,ごみ・環境,地域の清掃活動で街がきれいになり、住みやすい。ありがとうございます。
S02667,2026-08-15,広聴データベース,F区,子育て・教育,学校・教育,放課後の居場所が足りない。
S02668,2026-08-15,広聴データベース,G区,まちづくり・環境,公園・緑,子育て世帯が多いのに、近くに公園が少ない。何とかならないでしょうか。
S02669,2026-08-16,広聴データベース,P区,子育て・教育,子育て支援,子育ての相談窓口がどこか分かりにくい。
S02670,2026-08-16,広聴データベース,G区,子育て・教育,子育て支援,子育ての相談窓口がどこか分かりにくい。
S02671,2026-08-16,広聴データベース,C区,まちづくり・環境,公園・緑,子育てしやすいよう、公園に日陰とベンチを増やしてほしい。検討をお願いします。
S02672,2026-08-16,広聴データベース,I区,まちづくり・環境,道路・交通,駅前の放置自転車が多い。何とかならないでしょうか。
S02673,2026-08-16,広聴データベース,L区,子育て・教育,保育・幼稚園,保育園の空きがなく、育休明けの復職に間に合わない。何とかならないでしょうか。
S02674,2026-08-16,広聴データベース,R区,暮らし・安全,防災・防犯,夜道が暗く、街灯を増やしてほしい
S02675,2026-08-16,広聴データベース,G区,子育て・教育,保育・幼稚園,保育園の空きがなく、育休明けの復職に間に合わない。
S02676,2026-08-16,広聴データベース,J区,子育て・教育,子育て支援,子育ての相談窓口がどこか分かりにくい
S02677,2026-08-16,広聴データベース,K区,暮らし・安全,区役所の窓口,区役所の手続きがオンラインでできて便利になった。
S02678,2026-08-16,広聴データベース,B区,まちづくり・環境,道路・交通,バスの本数が減り、駅まで出るのが大変になった
S02679,2026-08-17,広聴データベース,J区,暮らし・安全,防災・防犯,防災マップが分かりやすく、避難場所を家族で確認できた
S02680,2026-08-17,広聴データベース,D区,子育て・教育,保育・幼稚園,保育園の空きがなく、育休明けの復職に間に合わない。
S02681,2026-08-17,広聴データベース,B区,まちづくり・環境,公園・緑,公園の遊具が古く、子どもを遊ばせるのが不安。改善をお願いします。
S02682,2026-08-17,広聴データベース,C区,まちづくり・環境,道路・交通,バスの本数が減り、駅まで出るのが大変になった
S02683,2026-08-17,広聴データベース,Q区,子育て・教育,保育・幼稚園,保育園の空きがなく、育休明けの復職に間に合わない
S02684,2026-08-17,広聴データベース,J区,まちづくり・環境,ごみ・環境,地域の清掃活動で街がきれいになり、住みやすい。
S02685,2026-08-17,広聴データベース,O区,暮らし・安全,防災・防犯,夜道が暗く、街灯を増やしてほしい
S02686,2026-08-17,広聴データベース,A区,まちづくり・環境,道路・交通,駅前の放置自転車が多い。何とかならないでしょうか。
S02687,2026-08-18,広聴データベース,K区,まちづくり・環境,公園・緑,子育て世帯が多いのに、近くに公園が少ない
S02688,2026-08-18,広聴データベース,L区,まちづくり・環境,道路・交通,バスの本数が減り、駅まで出るのが大変になった。何とかならないでしょうか。
S02689,2026-08-18,広聴データベース,R区,まちづくり・環境,道路・交通,地域の循環バスが便利で、買い物に助かっている。
S02690,2026-08-18,広聴データベース,M区,まちづくり・環境,道路・交通,バスの本数が減り、駅まで出るのが大変になった。
S02691,2026-08-18,広聴データベース,H区,子育て・教育,保育・幼稚園,一時保育の予約が取りにくい。
S02692,2026-08-18,広聴データベース,M区,まちづくり・環境,道路・交通,歩道が狭く、ベビーカーで通るのが怖い
S02693,2026-08-18,広聴データベース,J区,暮らし・安全,区役所の窓口,区役所の職員の対応が丁寧で、満足度は高い。ありがとうございます。
S02694,2026-08-18,広聴データベース,B区,子育て・教育,保育・幼稚園,保育園の先生方の対応が丁寧で安心して預けられる。
S02695,2026-08-19,広聴データベース,N区,子育て・教育,子育て支援,子育て中で、雨の日でも子どもを遊ばせられる場所がほしい
S02696,2026-08-19,広聴データベース,E区,子育て・教育,学校・教育,学校の先生が丁寧に相談に乗ってくれて安心できた。ありがとうございます。
S02697,2026-08-19,広聴データベース,C区,まちづくり・環境,公園・緑,子育て世帯が多いのに、近くに公園が少ない
S02698,2026-08-19,広聴データベース,K区,まちづくり・環境,公園・緑,公園の遊具が古く、子どもを遊ばせるのが不安
S02699,2026-08-19,広聴データベース,F区,子育て・教育,学校・教育,学校の先生が丁寧に相談に乗ってくれて安心できた。ありがとうございます。
S02700,2026-08-19,広聴データベース,E区,子育て・教育,保育・幼稚園,保育園の空きがなく、育休明けの復職に間に合わない。
S02701,2026-08-19,広聴データベース,H区,まちづくり・環境,道路・交通,バスの本数が減り、駅まで出るのが大変になった。改善をお願いします。
S02702,2026-08-20,広聴データベース,O区,子育て・教育,保育・幼稚園,保育園の空きがなく、育休明けの復職に間に合わない。
S02703,2026-08-20,広聴データベース,F区,暮らし・安全,福祉・高齢者,高齢者の介護の相談先が分からず困っている
S02704,2026-08-20,広聴データベース,R区,子育て・教育,子育て支援,子育ての相談窓口がどこか分かりにくい。
S02705,2026-08-20,広聴データベース,D区,まちづくり・環境,公園・緑,公園の遊具が古く、子どもを遊ばせるのが不安。何とかならないでしょうか。
S02706,2026-08-20,広聴データベース,F区,子育て・教育,保育・幼稚園,保育園の空きがなく、育休明けの復職に間に合わない。改善をお願いします。
S02707,2026-08-20,広聴データベース,P区,まちづくり・環境,公園・緑,公園の遊具が古く、子どもを遊ばせるのが不安。
S02708,2026-08-20,広聴データベース,L区,まちづくり・環境,道路・交通,駅前の放置自転車が多い。改善をお願いします。
S02709,2026-08-20,広聴データベース,E区,暮らし・安全,区役所の窓口,区役所の窓口の待ち時間が長い。何とかならないでしょうか。
S02710,2026-08-21,広聴データベース,H区,子育て・教育,学校・教育,放課後の居場所が足りない。改善をお願いします。
S02711,2026-08-21,広聴データベース,E区,まちづくり・環境,公園・緑,公園の遊具が古く、子どもを遊ばせるのが不安
S02712,2026-08-21,広聴データベース,D区,暮らし・安全,福祉・高齢者,高齢者が公園で集まれる場所があると良い
S02713,2026-08-21,広聴データベース,F区,まちづくり・環境,ごみ・環境,ごみの分別が分かりにくく、収集日も覚えられない
S02714,2026-08-21,広聴データベース,C区,まちづくり・環境,公園・緑,子育て世帯が多いのに、近くに公園が少ない。改善をお願いします。
S02715,2026-08-21,広聴データベース,G区,まちづくり・環境,ごみ・環境,地域の清掃活動で街がきれいになり、住みやすい。
S02716,2026-08-21,広聴データベース,E区,まちづくり・環境,ごみ・環境,ごみの分別が分かりにくく、収集日も覚えられない
S02717,2026-08-21,広聴データベース,H区,まちづくり・環境,公園・緑,公園の遊具が古く、子どもを遊ばせるのが不安。改善をお願いします。
S02718,2026-08-21,広聴データベース,N区,子育て・教育,保育・幼稚園,一時保育の予約が取りにくい
S02719,2026-08-22,広聴データベース,A区,子育て・教育,学校・教育,学校の先生が丁寧に相談に乗ってくれて安心できた
S02720,2026-08-22,広聴データベース,B区,まちづくり・環境,ごみ・環境,ごみの分別が分かりにくく、収集日も覚えられない
S02721,2026-08-22,広聴データベース,H区,まちづくり・環境,公園・緑,子育てしやすいよう、公園に日陰とベンチを増やしてほしい
S02722,2026-08-22,広聴データベース,A区,まちづくり・環境,公園・緑,子育てしやすいよう、公園に日陰とベンチを増やしてほしい。検討をお願いします。
S02723,2026-08-22,広聴データベース,M区,まちづくり・環境,公園・緑,子育てしやすいよう、公園に日陰とベンチを増やしてほしい
S02724,2026-08-22,広聴データベース,D区,子育て・教育,学校・教育,通学路の見守りが少なく、子どもの登下校が心配。
S02725,2026-08-22,広聴データベース,D区,暮らし・安全,区役所の窓口,区役所の窓口の待ち時間が長い。何とかならないでしょうか。
S02726,2026-08-22,広聴データベース,J区,まちづくり・環境,ごみ・環境,集積場所がカラスに荒らされる。何とかならないでしょうか。
S02727,2026-08-23,広聴データベース,H区,子育て・教育,保育・幼稚園,保育園の空きがなく、育休明けの復職に間に合わない
S02728,2026-08-23,広聴データベース,P区,子育て・教育,学校・教育,放課後の居場所が足りない。
S02729,2026-08-23,広聴データベース,E区,子育て・教育,保育・幼稚園,保育園の先生方の対応が丁寧で安心して預けられる。
S02730,2026-08-23,広聴データベース,N区,暮らし・安全,区役所の窓口,区役所の手続きがオンラインでできて便利になった
S02731,2026-08-23,広聴データベース,N区,まちづくり・環境,ごみ・環境,ごみの分別が分かりにくく、収集日も覚えられない。改善をお願いします。
S02732,2026-08-24,広聴データベース,Q区,子育て・教育,保育・幼稚園,保育園の先生方の対応が丁寧で安心して預けられる。
S02733,2026-08-24,広聴データベース,O区,まちづくり・環境,ごみ・環境,ごみの分別が分かりにくく、収集日も覚えられない。
S02734,2026-08-24,広聴データベース,L区,子育て・教育,子育て支援,子育ての相談窓口がどこか分かりにくい
S02735,2026-08-24,広聴データベース,A区,まちづくり・環境,道路・交通,バスの本数が減り、駅まで出るのが大変になった
S02736,2026-08-25,広聴データベース,I区,まちづくり・環境,道路・交通,バスの本数が減り、駅まで出るのが大変になった
S02737,2026-08-25,広聴データベース,O区,暮らし・安全,防災・防犯,避難場所がどこか分からず、子どもと逃げられるか心配
S02738,2026-08-25,広聴データベース,B区,子育て・教育,学校・教育,放課後の居場所が足りない。何とかならないでしょうか。
S02739,2026-08-25,広聴データベース,R区,子育て・教育,保育・幼稚園,保育園の空きがなく、育休明けの復職に間に合わない。改善をお願いします。
S02740,2026-08-26,広聴データベース,P区,まちづくり・環境,公園・緑,公園の遊具が古く、子どもを遊ばせるのが不安。何とかならないでしょうか。
S02741,2026-08-26,広聴データベース,M区,子育て・教育,学校・教育,通学路の見守りが少なく、子どもの登下校が心配
S02742,2026-08-26,広聴データベース,K区,暮らし・安全,福祉・高齢者,高齢者が公園で集まれる場所があると良い
S02743,2026-08-26,広聴データベース,A区,子育て・教育,学校・教育,放課後の居場所が足りない。改善をお願いします。
S02744,2026-08-26,広聴データベース,G区,子育て・教育,学校・教育,通学路の見守りが少なく、子どもの登下校が心配。
S02745,2026-08-26,広聴データベース,E区,まちづくり・環境,道路・交通,バスの本数が減り、駅まで出るのが大変になった
S02746,2026-08-26,広聴データベース,P区,子育て・教育,保育・幼稚園,保育料が高いので、二人目を考えると負担が大きい。改善をお願いします。
S02747,2026-08-26,広聴データベース,H区,子育て・教育,保育・幼稚園,保育料が高いので、二人目を考えると負担が大きい
S02748,2026-08-26,広聴データベース,F区,子育て・教育,保育・幼稚園,保育料が高いので、二人目を考えると負担が大きい
S02749,2026-08-27,広聴データベース,P区,子育て・教育,保育・幼稚園,保育園の空きがなく、育休明けの復職に間に合わない。改善をお願いします。
S02750,2026-08-27,広聴データベース,P区,子育て・教育,子育て支援,子育て中で、雨の日でも子どもを遊ばせられる場所がほしい。検討をお願いします。
S02751,2026-08-27,広聴データベース,J区,暮らし・安全,防災・防犯,夜道が暗く、街灯を増やしてほしい。何とかならないでしょうか。
S02752,2026-08-27,広聴データベース,C区,まちづくり・環境,公園・緑,子育てしやすいよう、公園に日陰とベンチを増やしてほしい
S02753,2026-08-27,広聴データベース,F区,まちづくり・環境,公園・緑,公園の遊具が古く、子どもを遊ばせるのが不安。改善をお願いします。
S02754,2026-08-27,広聴データベース,B区,子育て・教育,保育・幼稚園,保育園の空きがなく、育休明けの復職に間に合わない
S02755,2026-08-27,広聴データベース,O区,まちづくり・環境,道路・交通,歩道が狭く、ベビーカーで通るのが怖い。
S02756,2026-08-28,広聴データベース,N区,暮らし・安全,区役所の窓口,区役所の窓口の待ち時間が長い。何とかならないでしょうか。
S02757,2026-08-28,広聴データベース,A区,まちづくり・環境,公園・緑,子育て世帯が多いのに、近くに公園が少ない。何とかならないでしょうか。
S02758,2026-08-28,広聴データベース,D区,子育て・教育,保育・幼稚園,保育園の空きがなく、育休明けの復職に間に合わない。何とかならないでしょうか。
S02759,2026-08-28,広聴データベース,F区,子育て・教育,保育・幼稚園,保育料が高いので、二人目を考えると負担が大きい。何とかならないでしょうか。
S02760,2026-08-28,広聴データベース,B区,暮らし・安全,防災・防犯,避難場所がどこか分からず、子どもと逃げられるか心配。
S02761,2026-08-28,広聴データベース,R区,子育て・教育,子育て支援,子育て中で、雨の日でも子どもを遊ばせられる場所がほしい。
S02762,2026-08-28,広聴データベース,C区,まちづくり・環境,公園・緑,子育て世帯が多いのに、近くに公園が少ない。何とかならないでしょうか。
S02763,2026-08-28,広聴データベース,B区,子育て・教育,保育・幼稚園,保育園の空きがなく、育休明けの復職に間に合わない。改善をお願いします。
S02764,2026-08-28,広聴データベース,J区,まちづくり・環境,公園・緑,子育て世帯が多いのに、近くに公園が少ない
S02765,2026-09-01,広聴データベース,D区,子育て・教育,保育・幼稚園,保育料が高いので、二人目を考えると負担が大きい
S02766,2026-09-01,広聴データベース,N区,まちづくり・環境,道路・交通,バスの本数が減り、駅まで出るのが大変になった。
S02767,2026-09-01,広聴データベース,L区,子育て・教育,保育・幼稚園,保育園の空きがなく、育休明けの復職に間に合わない
S02768,2026-09-01,広聴データベース,R区,暮らし・安全,福祉・高齢者,高齢者が公園で集まれる場所があると良い。
S02769,2026-09-01,広聴データベース,G区,まちづくり・環境,公園・緑,子育て世帯が多いのに、近くに公園が少ない。何とかならないでしょうか。
S02770,2026-09-01,広聴データベース,A区,まちづくり・環境,道路・交通,バスの本数が減り、駅まで出るのが大変になった。何とかならないでしょうか。
S02771,2026-09-01,広聴データベース,P区,子育て・教育,保育・幼稚園,保育料が高いので、二人目を考えると負担が大きい。何とかならないでしょうか。
S02772,2026-09-01,広聴データベース,N区,子育て・教育,保育・幼稚園,保育園の空きがなく、育休明けの復職に間に合わない。何とかならないでしょうか。
S02773,2026-09-02,広聴データベース,L区,暮らし・安全,防災・防犯,避難場所がどこか分からず、子どもと逃げられるか心配
S02774,2026-09-02,広聴データベース,J区,暮らし・安全,防災・防犯,夜道が暗く、街灯を増やしてほしい。
S02775,2026-09-02,広聴データベース,I区,まちづくり・環境,道路・交通,バスの本数が減り、駅まで出るのが大変になった。
S02776,2026-09-02,広聴データベース,L区,子育て・教育,保育・幼稚園,保育園の空きがなく、育休明けの復職に間に合わない。
S02777,2026-09-02,広聴データベース,Q区,まちづくり・環境,公園・緑,公園の遊具が古く、子どもを遊ばせるのが不安。何とかならないでしょうか。
S02778,2026-09-02,広聴データベース,A区,まちづくり・環境,公園・緑,公園の遊具は安全性が高いと感じる。ありがとうございます。
S02779,2026-09-02,広聴データベース,R区,まちづくり・環境,道路・交通,バスの本数が減り、駅まで出るのが大変になった。改善をお願いします。
S02780,2026-09-03,広聴データベース,Q区,子育て・教育,子育て支援,子育ての相談窓口がどこか分かりにくい
S02781,2026-09-03,広聴データベース,C区,まちづくり・環境,公園・緑,公園の遊具が古く、子どもを遊ばせるのが不安。改善をお願いします。
S02782,2026-09-03,広聴データベース,F区,子育て・教育,子育て支援,子育ての相談窓口がどこか分かりにくい。改善をお願いします。
S02783,2026-09-03,広聴データベース,R区,暮らし・安全,福祉・高齢者,地域包括支援センターの職員の対応が良い
S02784,2026-09-03,広聴データベース,O区,子育て・教育,子育て支援,子育て中で、雨の日でも子どもを遊ばせられる場所がほしい。検討をお願いします。
S02785,2026-09-03,広聴データベース,A区,暮らし・安全,防災・防犯,避難場所がどこか分からず、子どもと逃げられるか心配。何とかならないでしょうか。
S02786,2026-09-03,広聴データベース,R区,子育て・教育,学校・教育,通学路の見守りが少なく、子どもの登下校が心配
S02787,2026-09-03,広聴データベース,I区,暮らし・安全,区役所の窓口,区役所の窓口の待ち時間が長い。改善をお願いします。
S02788,2026-09-04,広聴データベース,L区,子育て・教育,子育て支援,子育て中で、雨の日でも子どもを遊ばせられる場所がほしい
S02789,2026-09-04,広聴データベース,D区,子育て・教育,保育・幼稚園,一時保育の予約が取りにくい
S02790,2026-09-04,広聴データベース,F区,子育て・教育,保育・幼稚園,保育園の空きがなく、育休明けの復職に間に合わない。改善をお願いします。
S02791,2026-09-04,広聴データベース,R区,子育て・教育,保育・幼稚園,保育園の空きがなく、育休明けの復職に間に合わない
S02792,2026-09-04,広聴データベース,Q区,まちづくり・環境,公園・緑,子育て世帯が多いのに、近くに公園が少ない。改善をお願いします。
S02793,2026-09-04,広聴データベース,Q区,まちづくり・環境,公園・緑,公園の遊具が古く、子どもを遊ばせるのが不安
S02794,2026-09-05,広聴データベース,G区,暮らし・安全,区役所の窓口,区役所の手続きがオンラインでできて便利になった
S02795,2026-09-05,広聴データベース,C区,子育て・教育,保育・幼稚園,保育園の先生方の対応が丁寧で安心して預けられる。ありがとうございます。
S02796,2026-09-05,広聴データベース,G区,まちづくり・環境,公園・緑,公園の遊具が古く、子どもを遊ばせるのが不安
S02797,2026-09-05,広聴データベース,H区,暮らし・安全,区役所の窓口,区役所の窓口の待ち時間が長い。何とかならないでしょうか。
S02798,2026-09-05,広聴データベース,B区,子育て・教育,学校・教育,放課後の居場所が足りない。改善をお願いします。
S02799,2026-09-05,広聴データベース,P区,まちづくり・環境,公園・緑,子育て世帯が多いのに、近くに公園が少ない。何とかならないでしょうか。
S02800,2026-09-05,広聴データベース,M区,まちづくり・環境,道路・交通,バスの本数が減り、駅まで出るのが大変になった。
S02801,2026-09-05,広聴データベース,O区,暮らし・安全,福祉・高齢者,高齢者の介護の相談先が分からず困っている。何とかならないでしょうか。
S02802,2026-09-06,広聴データベース,K区,暮らし・安全,防災・防犯,避難場所がどこか分からず、子どもと逃げられるか心配。何とかならないでしょうか。
S02803,2026-09-06,広聴データベース,K区,子育て・教育,保育・幼稚園,保育料が高いので、二人目を考えると負担が大きい
S02804,2026-09-07,広聴データベース,B区,暮らし・安全,福祉・高齢者,高齢者の介護の相談先が分からず困っている。改善をお願いします。
S02805,2026-09-07,広聴データベース,F区,まちづくり・環境,道路・交通,駅前の再整備で歩道が広くなり、歩きやすくなった。ありがとうございます。
S02806,2026-09-07,広聴データベース,F区,まちづくり・環境,ごみ・環境,ごみの分別が分かりにくく、収集日も覚えられない。改善をお願いします。
S02807,2026-09-07,広聴データベース,O区,まちづくり・環境,公園・緑,公園の遊具が古く、子どもを遊ばせるのが不安。何とかならないでしょうか。
S02808,2026-09-07,広聴データベース,E区,まちづくり・環境,公園・緑,子育てしやすいよう、公園に日陰とベンチを増やしてほしい
S02809,2026-09-07,広聴データベース,R区,暮らし・安全,区役所の窓口,区役所の窓口の待ち時間が長い。何とかならないでしょうか。
S02810,2026-09-07,広聴データベース,N区,子育て・教育,保育・幼稚園,保育園の空きがなく、育休明けの復職に間に合わない
S02811,2026-09-07,広聴データベース,N区,暮らし・安全,福祉・高齢者,高齢者の介護の相談先が分からず困っている。何とかならないでしょうか。
S02812,2026-09-08,広聴データベース,R区,子育て・教育,保育・幼稚園,一時保育の予約が取りにくい。何とかならないでしょうか。
S02813,2026-09-08,広聴データベース,C区,まちづくり・環境,公園・緑,子育て世帯が多いのに、近くに公園が少ない。何とかならないでしょうか。
S02814,2026-09-08,広聴データベース,E区,まちづくり・環境,公園・緑,子育て世帯が多いのに、近くに公園が少ない。何とかならないでしょうか。
S02815,2026-09-08,広聴データベース,G区,子育て・教育,保育・幼稚園,保育園の空きがなく、育休明けの復職に間に合わない。
S02816,2026-09-08,広聴データベース,L区,子育て・教育,子育て支援,子育て支援拠点のイベントが充実していて満足度が高い。ありがとうございます。
S02817,2026-09-08,広聴データベース,R区,子育て・教育,保育・幼稚園,保育料が高いので、二人目を考えると負担が大きい
S02818,2026-09-09,広聴データベース,B区,暮らし・安全,防災・防犯,防災マップが分かりやすく、避難場所を家族で確認できた。ありがとうございます。
S02819,2026-09-09,広聴データベース,K区,暮らし・安全,福祉・高齢者,高齢者の介護の相談先が分からず困っている
S02820,2026-09-09,広聴データベース,L区,暮らし・安全,福祉・高齢者,高齢者の介護の相談先が分からず困っている。何とかならないでしょうか。
S02821,2026-09-09,広聴データベース,N区,暮らし・安全,福祉・高齢者,高齢者の介護の相談先が分からず困っている
S02822,2026-09-09,広聴データベース,C区,まちづくり・環境,公園・緑,子育て世帯が多いのに、近くに公園が少ない。何とかならないでしょうか。
S02823,2026-09-09,広聴データベース,P区,子育て・教育,保育・幼稚園,保育園の先生方の対応が丁寧で安心して預けられる。
S02824,2026-09-09,広聴データベース,N区,まちづくり・環境,公園・緑,公園の遊具が古く、子どもを遊ばせるのが不安。何とかならないでしょうか。
S02825,2026-09-10,広聴データベース,I区,まちづくり・環境,公園・緑,公園の遊具が古く、子どもを遊ばせるのが不安。改善をお願いします。
S02826,2026-09-10,広聴データベース,F区,まちづくり・環境,公園・緑,公園の遊具が古く、子どもを遊ばせるのが不安。改善をお願いします。
S02827,2026-09-10,広聴データベース,N区,まちづくり・環境,道路・交通,駅前の放置自転車が多い。
S02828,2026-09-10,広聴データベース,I区,まちづくり・環境,ごみ・環境,集積場所がカラスに荒らされる
S02829,2026-09-10,広聴データベース,J区,まちづくり・環境,ごみ・環境,ごみの分別が分かりにくく、収集日も覚えられない。
S02830,2026-09-10,広聴データベース,F区,子育て・教育,保育・幼稚園,保育園の空きがなく、育休明けの復職に間に合わない
S02831,2026-09-10,広聴データベース,A区,まちづくり・環境,公園・緑,子育て世帯が多いのに、近くに公園が少ない。改善をお願いします。
S02832,2026-09-10,広聴データベース,J区,子育て・教育,保育・幼稚園,保育料が高いので、二人目を考えると負担が大きい
S02833,2026-09-10,広聴データベース,R区,暮らし・安全,福祉・高齢者,高齢者の介護の相談先が分からず困っている。
S02834,2026-09-10,広聴データベース,K区,暮らし・安全,福祉・高齢者,高齢者の介護の相談先が分からず困っている。何とかならないでしょうか。
S02835,2026-09-10,広聴データベース,H区,暮らし・安全,防災・防犯,夜道が暗く、街灯を増やしてほしい。何とかならないでしょうか。
S02836,2026-09-11,広聴データベース,O区,まちづくり・環境,道路・交通,バスの本数が減り、駅まで出るのが大変になった。何とかならないでしょうか。
S02837,2026-09-11,広聴データベース,J区,まちづくり・環境,ごみ・環境,集積場所がカラスに荒らされる。改善をお願いします。
S02838,2026-09-11,広聴データベース,Q区,暮らし・安全,防災・防犯,夜道が暗く、街灯を増やしてほしい。
S02839,2026-09-11,広聴データベース,H区,子育て・教育,保育・幼稚園,保育園の先生方の対応が丁寧で安心して預けられる。ありがとうございます。
S02840,2026-09-11,広聴データベース,B区,まちづくり・環境,道路・交通,駅前の放置自転車が多い。何とかならないでしょうか。
S02841,2026-09-11,広聴データベース,J区,子育て・教育,保育・幼稚園,保育園の空きがなく、育休明けの復職に間に合わない。何とかならないでしょうか。
S02842,2026-09-12,広聴データベース,G区,子育て・教育,保育・幼稚園,保育園の空きがなく、育休明けの復職に間に合わない。
S02843,2026-09-12,広聴データベース,E区,まちづくり・環境,道路・交通,歩道が狭く、ベビーカーで通るのが怖い。
S02844,2026-09-12,広聴データベース,A区,子育て・教育,学校・教育,放課後の居場所が足りない
S02845,2026-09-12,広聴データベース,J区,暮らし・安全,区役所の窓口,区役所の窓口の待ち時間が長い。改善をお願いします。
S02846,2026-09-13,広聴データベース,C区,まちづくり・環境,道路・交通,駅前の放置自転車が多い。改善をお願いします。
S02847,2026-09-13,広聴データベース,F区,子育て・教育,保育・幼稚園,保育園の空きがなく、育休明けの復職に間に合わない。改善をお願いします。
S02848,2026-09-13,広聴データベース,A区,まちづくり・環境,公園・緑,公園の遊具は安全性が高いと感じる。
S02849,2026-09-13,広聴データベース,G区,子育て・教育,学校・教育,学校の先生が丁寧に相談に乗ってくれて安心できた。
S02850,2026-09-13,広聴データベース,H区,子育て・教育,学校・教育,通学路の見守りが少なく、子どもの登下校が心配。
S02851,2026-09-13,広聴データベース,J区,子育て・教育,子育て支援,子育て中で、雨の日でも子どもを遊ばせられる場所がほしい。
S02852,2026-09-13,広聴データベース,D区,子育て・教育,保育・幼稚園,保育園の空きがなく、育休明けの復職に間に合わない。何とかならないでしょうか。
S02853,2026-09-13,広聴データベース,I区,まちづくり・環境,道路・交通,駅前の放置自転車が多い。改善をお願いします。
S02854,2026-09-13,広聴データベース,M区,まちづくり・環境,道路・交通,歩道が狭く、ベビーカーで通るのが怖い。何とかならないでしょうか。
S02855,2026-09-13,広聴データベース,F区,まちづくり・環境,公園・緑,子育て世帯が多いのに、近くに公園が少ない
S02856,2026-09-14,広聴データベース,B区,子育て・教育,保育・幼稚園,保育料が高いので、二人目を考えると負担が大きい。改善をお願いします。
S02857,2026-09-14,広聴データベース,E区,暮らし・安全,防災・防犯,防災マップが分かりやすく、避難場所を家族で確認できた
S02858,2026-09-14,広聴データベース,M区,まちづくり・環境,道路・交通,バスの本数が減り、駅まで出るのが大変になった。改善をお願いします。
S02859,2026-09-14,広聴データベース,B区,まちづくり・環境,公園・緑,子育て世帯が多いのに、近くに公園が少ない
S02860,2026-09-14,広聴データベース,K区,暮らし・安全,福祉・高齢者,高齢者の介護の相談先が分からず困っている。改善をお願いします。
S02861,2026-09-14,広聴データベース,K区,まちづくり・環境,道路・交通,歩道が狭く、ベビーカーで通るのが怖い。改善をお願いします。
S02862,2026-09-14,広聴データベース,O区,子育て・教育,保育・幼稚園,保育園の空きがなく、育休明けの復職に間に合わない。
S02863,2026-09-14,広聴データベース,J区,子育て・教育,保育・幼稚園,一時保育の予約が取りにくい。改善をお願いします。
S02864,2026-09-14,広聴データベース,E区,まちづくり・環境,公園・緑,子育て世帯が多いのに、近くに公園が少ない
S02865,2026-09-14,広聴データベース,A区,子育て・教育,学校・教育,通学路の見守りが少なく、子どもの登下校が心配。改善をお願いします。
S02866,2026-09-14,広聴データベース,Q区,子育て・教育,保育・幼稚園,保育料が高いので、二人目を考えると負担が大きい。
S02867,2026-09-15,広聴データベース,Q区,まちづくり・環境,ごみ・環境,ごみの収集が時間どおりで助かっている
S02868,2026-09-15,広聴データベース,Q区,子育て・教育,学校・教育,放課後の居場所が足りない。改善をお願いします。
S02869,2026-09-15,広聴データベース,F区,子育て・教育,保育・幼稚園,一時保育の予約が取りにくい。改善をお願いします。
S02870,2026-09-15,広聴データベース,C区,まちづくり・環境,道路・交通,バスの本数が減り、駅まで出るのが大変になった。何とかならないでしょうか。
S02871,2026-09-15,広聴データベース,J区,まちづくり・環境,道路・交通,駅前の放置自転車が多い。何とかならないでしょうか。
S02872,2026-09-15,広聴データベース,I区,暮らし・安全,区役所の窓口,区役所の職員の対応が丁寧で、満足度は高い
S02873,2026-09-15,広聴データベース,C区,まちづくり・環境,ごみ・環境,ごみの分別が分かりにくく、収集日も覚えられない。
S02874,2026-09-15,広聴データベース,G区,まちづくり・環境,道路・交通,駅前の放置自転車が多い。
S02875,2026-09-16,広聴データベース,E区,子育て・教育,保育・幼稚園,保育料が高いので、二人目を考えると負担が大きい
S02876,2026-09-16,広聴データベース,K区,まちづくり・環境,道路・交通,バスの本数が減り、駅まで出るのが大変になった。何とかならないでしょうか。
S02877,2026-09-16,広聴データベース,J区,子育て・教育,学校・教育,放課後の居場所が足りない
S02878,2026-09-16,広聴データベース,I区,子育て・教育,学校・教育,放課後の居場所が足りない。何とかならないでしょうか。
S02879,2026-09-16,広聴データベース,K区,まちづくり・環境,公園・緑,子育て世帯が多いのに、近くに公園が少ない。
S02880,2026-09-16,広聴データベース,D区,子育て・教育,保育・幼稚園,一時保育の予約が取りにくい。何とかならないでしょうか。
S02881,2026-09-16,広聴データベース,P区,まちづくり・環境,道路・交通,駅前の放置自転車が多い
S02882,2026-09-16,広聴データベース,H区,まちづくり・環境,道路・交通,駅前の再整備で歩道が広くなり、歩きやすくなった。ありがとうございます。
S02883,2026-09-16,広聴データベース,N区,子育て・教育,保育・幼稚園,保育園の先生方の対応が丁寧で安心して預けられる
S02884,2026-09-16,広聴データベース,B区,子育て・教育,子育て支援,子育て中で、雨の日でも子どもを遊ばせられる場所がほしい。
S02885,2026-09-16,広聴データベース,F区,まちづくり・環境,道路・交通,バスの本数が減り、駅まで出るのが大変になった。改善をお願いします。
S02886,2026-09-16,広聴データベース,D区,暮らし・安全,福祉・高齢者,高齢者の介護の相談先が分からず困っている。
S02887,2026-09-16,広聴データベース,A区,まちづくり・環境,道路・交通,駅前の再整備で歩道が広くなり、歩きやすくなった。ありがとうございます。
S02888,2026-09-17,広聴データベース,N区,まちづくり・環境,道路・交通,地域の循環バスが便利で、買い物に助かっている
S02889,2026-09-17,広聴データベース,B区,暮らし・安全,福祉・高齢者,高齢者が公園で集まれる場所があると良い。
S02890,2026-09-17,広聴データベース,I区,暮らし・安全,防災・防犯,夜道が暗く、街灯を増やしてほしい
S02891,2026-09-17,広聴データベース,J区,子育て・教育,学校・教育,放課後の居場所が足りない
S02892,2026-09-17,広聴データベース,B区,暮らし・安全,防災・防犯,避難場所がどこか分からず、子どもと逃げられるか心配。
S02893,2026-09-17,広聴データベース,I区,まちづくり・環境,ごみ・環境,ごみの分別が分かりにくく、収集日も覚えられない
S02894,2026-09-17,広聴データベース,O区,子育て・教育,保育・幼稚園,保育園の先生方の対応が丁寧で安心して預けられる。
S02895,2026-09-17,広聴データベース,N区,子育て・教育,子育て支援,子育て中で、雨の日でも子どもを遊ばせられる場所がほしい。検討をお願いします。
S02896,2026-09-17,広聴データベース,N区,まちづくり・環境,公園・緑,子育て世帯が多いのに、近くに公園が少ない
S02897,2026-09-17,広聴データベース,E区,まちづくり・環境,公園・緑,公園の遊具が古く、子どもを遊ばせるのが不安。
S02898,2026-09-18,広聴データベース,N区,まちづくり・環境,道路・交通,駅前の放置自転車が多い。何とかならないでしょうか。
S02899,2026-09-18,広聴データベース,H区,まちづくり・環境,ごみ・環境,ごみの収集が時間どおりで助かっている
S02900,2026-09-18,広聴データベース,F区,まちづくり・環境,公園・緑,公園の遊具は安全性が高いと感じる
S02901,2026-09-18,広聴データベース,L区,まちづくり・環境,公園・緑,子育て世帯が多いのに、近くに公園が少ない。
S02902,2026-09-18,広聴データベース,D区,まちづくり・環境,道路・交通,地域の循環バスが便利で、買い物に助かっている
S02903,2026-09-18,広聴データベース,I区,まちづくり・環境,公園・緑,子育て世帯が多いのに、近くに公園が少ない
S02904,2026-09-18,広聴データベース,L区,まちづくり・環境,公園・緑,子育て世帯が多いのに、近くに公園が少ない。
S02905,2026-09-18,広聴データベース,L区,まちづくり・環境,道路・交通,歩道が狭く、ベビーカーで通るのが怖い
S02906,2026-09-18,広聴データベース,L区,子育て・教育,保育・幼稚園,保育園の先生方の対応が丁寧で安心して預けられる
S02907,2026-09-18,広聴データベース,Q区,まちづくり・環境,道路・交通,バスの本数が減り、駅まで出るのが大変になった。改善をお願いします。
S02908,2026-09-18,広聴データベース,I区,子育て・教育,保育・幼稚園,保育園の先生方の対応が丁寧で安心して預けられる
S02909,2026-09-18,広聴データベース,N区,子育て・教育,保育・幼稚園,保育園の空きがなく、育休明けの復職に間に合わない。何とかならないでしょうか。
S02910,2026-09-19,広聴データベース,C区,まちづくり・環境,道路・交通,駅前の再整備で歩道が広くなり、歩きやすくなった
S02911,2026-09-19,広聴データベース,M区,まちづくり・環境,道路・交通,歩道が狭く、ベビーカーで通るのが怖い
S02912,2026-09-19,広聴データベース,N区,暮らし・安全,区役所の窓口,区役所の窓口の待ち時間が長い。改善をお願いします。
S02913,2026-09-19,広聴データベース,D区,まちづくり・環境,公園・緑,子育て世帯が多いのに、近くに公園が少ない
S02914,2026-09-19,広聴データベース,P区,暮らし・安全,防災・防犯,夜道が暗く、街灯を増やしてほしい。改善をお願いします。
S02915,2026-09-19,広聴データベース,J区,暮らし・安全,防災・防犯,防災訓練に参加して、地域のつながりができて安心。
S02916,2026-09-19,広聴データベース,F区,子育て・教育,保育・幼稚園,保育園の空きがなく、育休明けの復職に間に合わない
S02917,2026-09-19,広聴データベース,H区,まちづくり・環境,ごみ・環境,集積場所がカラスに荒らされる。何とかならないでしょうか。
S02918,2026-09-19,広聴データベース,O区,暮らし・安全,福祉・高齢者,高齢者の介護の相談先が分からず困っている。改善をお願いします。
S02919,2026-09-19,広聴データベース,P区,まちづくり・環境,道路・交通,歩道が狭く、ベビーカーで通るのが怖い
S02920,2026-09-19,広聴データベース,B区,子育て・教育,子育て支援,子育て中で、雨の日でも子どもを遊ばせられる場所がほしい。検討をお願いします。
S02921,2026-09-19,広聴データベース,Q区,子育て・教育,学校・教育,通学路の見守りが少なく、子どもの登下校が心配。改善をお願いします。
S02922,2026-09-19,広聴データベース,O区,子育て・教育,保育・幼稚園,保育料が高いので、二人目を考えると負担が大きい。
S02923,2026-09-19,広聴データベース,C区,まちづくり・環境,公園・緑,子育て世帯が多いのに、近くに公園が少ない
S02924,2026-09-19,広聴データベース,J区,まちづくり・環境,公園・緑,子育て世帯が多いのに、近くに公園が少ない
S02925,2026-09-20,広聴データベース,L区,子育て・教育,保育・幼稚園,保育園の先生方の対応が丁寧で安心して預けられる。
S02926,2026-09-20,広聴データベース,M区,子育て・教育,保育・幼稚園,保育料が高いので、二人目を考えると負担が大きい。改善をお願いします。
S02927,2026-09-20,広聴データベース,L区,まちづくり・環境,公園・緑,公園の遊具は安全性が高いと感じる。ありがとうございます。
S02928,2026-09-20,広聴データベース,R区,暮らし・安全,福祉・高齢者,高齢者の介護の相談先が分からず困っている
S02929,2026-09-20,広聴データベース,I区,まちづくり・環境,ごみ・環境,ごみの分別が分かりにくく、収集日も覚えられない
S02930,2026-09-20,広聴データベース,D区,子育て・教育,保育・幼稚園,一時保育の予約が取りにくい。何とかならないでしょうか。
S02931,2026-09-20,広聴データベース,J区,暮らし・安全,防災・防犯,避難場所がどこか分からず、子どもと逃げられるか心配
S02932,2026-09-20,広聴データベース,L区,暮らし・安全,福祉・高齢者,高齢者の介護の相談先が分からず困っている
S02933,2026-09-20,広聴データベース,G区,暮らし・安全,防災・防犯,夜道が暗く、街灯を増やしてほしい。改善をお願いします。
S02934,2026-09-20,広聴データベース,C区,まちづくり・環境,公園・緑,公園の遊具が古く、子どもを遊ばせるのが不安。
S02935,2026-09-20,広聴データベース,I区,子育て・教育,保育・幼稚園,保育園の空きがなく、育休明けの復職に間に合わない。
S02936,2026-09-21,広聴データベース,N区,暮らし・安全,区役所の窓口,区役所の窓口の待ち時間が長い
S02937,2026-09-21,広聴データベース,I区,暮らし・安全,福祉・高齢者,高齢者の介護の相談先が分からず困っている。改善をお願いします。
S02938,2026-09-21,広聴データベース,D区,まちづくり・環境,公園・緑,公園の遊具は安全性が高いと感じる
S02939,2026-09-21,広聴データベース,H区,子育て・教育,学校・教育,学校の先生が丁寧に相談に乗ってくれて安心できた。ありがとうございます。
S02940,2026-09-21,広聴データベース,Q区,暮らし・安全,防災・防犯,避難場所がどこか分からず、子どもと逃げられるか心配。
S02941,2026-09-21,広聴データベース,G区,まちづくり・環境,ごみ・環境,ごみの収集が時間どおりで助かっている
S02942,2026-09-22,広聴データベース,B区,子育て・教育,保育・幼稚園,保育料が高いので、二人目を考えると負担が大きい。改善をお願いします。
S02943,2026-09-22,広聴データベース,P区,子育て・教育,子育て支援,子育ての相談窓口がどこか分かりにくい
S02944,2026-09-22,広聴データベース,B区,子育て・教育,学校・教育,放課後の居場所が足りない。何とかならないでしょうか。
S02945,2026-09-22,広聴データベース,J区,暮らし・安全,区役所の窓口,区役所の窓口の待ち時間が長い。何とかならないでしょうか。
S02946,2026-09-22,広聴データベース,N区,まちづくり・環境,公園・緑,公園がきれいになったのは良いが、トイレが古いままで残念。ありがとうございます。
S02947,2026-09-22,広聴データベース,F区,子育て・教育,保育・幼稚園,保育料が高いので、二人目を考えると負担が大きい。改善をお願いします。
S02948,2026-09-22,広聴データベース,P区,子育て・教育,学校・教育,通学路の見守りが少なく、子どもの登下校が心配。改善をお願いします。
S02949,2026-09-22,広聴データベース,Q区,まちづくり・環境,公園・緑,公園の遊具が古く、子どもを遊ばせるのが不安。何とかならないでしょうか。
S02950,2026-09-22,広聴データベース,B区,子育て・教育,保育・幼稚園,一時保育の予約が取りにくい
S02951,2026-09-23,広聴データベース,O区,暮らし・安全,防災・防犯,防災マップが分かりやすく、避難場所を家族で確認できた。ありがとうございます。
S02952,2026-09-23,広聴データベース,B区,まちづくり・環境,公園・緑,子育て世帯が多いのに、近くに公園が少ない
S02953,2026-09-23,広聴データベース,N区,暮らし・安全,区役所の窓口,区役所の窓口の待ち時間が長い。改善をお願いします。
S02954,2026-09-23,広聴データベース,M区,子育て・教育,保育・幼稚園,保育園の先生方の対応が丁寧で安心して預けられる
S02955,2026-09-23,広聴データベース,I区,暮らし・安全,区役所の窓口,区役所の窓口の待ち時間が長い
S02956,2026-09-23,広聴データベース,B区,暮らし・安全,区役所の窓口,区役所の手続きがオンラインでできて便利になった
S02957,2026-09-23,広聴データベース,L区,暮らし・安全,区役所の窓口,区役所の窓口の待ち時間が長い。改善をお願いします。
S02958,2026-09-23,広聴データベース,R区,子育て・教育,学校・教育,通学路の見守りが少なく、子どもの登下校が心配。
S02959,2026-09-23,広聴データベース,C区,子育て・教育,学校・教育,学校の先生が丁寧に相談に乗ってくれて安心できた。
S02960,2026-09-23,広聴データベース,B区,子育て・教育,保育・幼稚園,保育園の空きがなく、育休明けの復職に間に合わない。何とかならないでしょうか。
S02961,2026-09-23,広聴データベース,D区,子育て・教育,保育・幼稚園,保育料が高いので、二人目を考えると負担が大きい
S02962,2026-09-23,広聴データベース,E区,子育て・教育,保育・幼稚園,保育料が高いので、二人目を考えると負担が大きい
S02963,2026-09-24,広聴データベース,M区,まちづくり・環境,道路・交通,歩道が狭く、ベビーカーで通るのが怖い。
S02964,2026-09-24,広聴データベース,C区,子育て・教育,保育・幼稚園,保育園の空きがなく、育休明けの復職に間に合わない。改善をお願いします。
S02965,2026-09-24,広聴データベース,G区,まちづくり・環境,道路・交通,バスの本数が減り、駅まで出るのが大変になった。
S02966,2026-09-24,広聴データベース,N区,まちづくり・環境,ごみ・環境,ごみの分別が分かりにくく、収集日も覚えられない。何とかならないでしょうか。
S02967,2026-09-24,広聴データベース,A区,暮らし・安全,防災・防犯,避難場所がどこか分からず、子どもと逃げられるか心配
S02968,2026-09-24,広聴データベース,P区,暮らし・安全,防災・防犯,避難場所がどこか分からず、子どもと逃げられるか心配。
S02969,2026-09-24,広聴データベース,K区,暮らし・安全,防災・防犯,防災マップが分かりやすく、避難場所を家族で確認できた
S02970,2026-09-25,広聴データベース,G区,暮らし・安全,防災・防犯,夜道が暗く、街灯を増やしてほしい
S02971,2026-09-25,広聴データベース,N区,まちづくり・環境,道路・交通,駅前の放置自転車が多い
S02972,2026-09-25,広聴データベース,I区,子育て・教育,学校・教育,通学路の見守りが少なく、子どもの登下校が心配。改善をお願いします。
S02973,2026-09-25,広聴データベース,M区,暮らし・安全,福祉・高齢者,高齢者の介護の相談先が分からず困っている。
S02974,2026-09-25,広聴データベース,J区,暮らし・安全,福祉・高齢者,高齢者が公園で集まれる場所があると良い。検討をお願いします。
S02975,2026-09-25,広聴データベース,J区,子育て・教育,学校・教育,放課後の居場所が足りない。
S02976,2026-09-25,広聴データベース,E区,子育て・教育,子育て支援,子育ての相談窓口がどこか分かりにくい。何とかならないでしょうか。
S02977,2026-09-25,広聴データベース,F区,まちづくり・環境,公園・緑,子育て世帯が多いのに、近くに公園が少ない。改善をお願いします。
S02978,2026-09-25,広聴データベース,K区,まちづくり・環境,道路・交通,駅前の再整備で歩道が広くなり、歩きやすくなった。ありがとうございます。
S02979,2026-09-25,広聴データベース,K区,子育て・教育,保育・幼稚園,保育料が高いので、二人目を考えると負担が大きい
S02980,2026-09-25,広聴データベース,O区,子育て・教育,学校・教育,学校の情報発信が分かりやすくなって良い。ありがとうございます。
S02981,2026-09-26,広聴データベース,H区,まちづくり・環境,道路・交通,バスの本数が減り、駅まで出るのが大変になった。
S02982,2026-09-26,広聴データベース,R区,まちづくり・環境,公園・緑,子育てしやすいよう、公園に日陰とベンチを増やしてほしい。
S02983,2026-09-26,広聴データベース,F区,子育て・教育,子育て支援,子育て中で、雨の日でも子どもを遊ばせられる場所がほしい。
S02984,2026-09-26,広聴データベース,D区,暮らし・安全,福祉・高齢者,高齢者が公園で集まれる場所があると良い。検討をお願いします。
S02985,2026-09-26,広聴データベース,D区,まちづくり・環境,ごみ・環境,地域の清掃活動で街がきれいになり、住みやすい。
S02986,2026-09-26,広聴データベース,M区,まちづくり・環境,道路・交通,駅前の放置自転車が多い。
S02987,2026-09-26,広聴データベース,I区,暮らし・安全,防災・防犯,防災マップが分かりやすく、避難場所を家族で確認できた。ありがとうございます。
S02988,2026-09-26,広聴データベース,P区,子育て・教育,保育・幼稚園,保育園の先生方の対応が丁寧で安心して預けられる。
S02989,2026-09-26,広聴データベース,E区,まちづくり・環境,道路・交通,バスの本数が減り、駅まで出るのが大変になった。何とかならないでしょうか。
S02990,2026-09-26,広聴データベース,K区,まちづくり・環境,公園・緑,公園の遊具が古く、子どもを遊ばせるのが不安。何とかならないでしょうか。
S02991,2026-09-26,広聴データベース,F区,子育て・教育,保育・幼稚園,一時保育の予約が取りにくい
S02992,2026-09-27,広聴データベース,Q区,まちづくり・環境,道路・交通,地域の循環バスが便利で、買い物に助かっている。
S02993,2026-09-27,広聴データベース,N区,まちづくり・環境,公園・緑,子育て世帯が多いのに、近くに公園が少ない。何とかならないでしょうか。
S02994,2026-09-27,広聴データベース,E区,まちづくり・環境,ごみ・環境,ごみの収集が時間どおりで助かっている
S02995,2026-09-28,広聴データベース,P区,暮らし・安全,防災・防犯,夜道が暗く、街灯を増やしてほしい
S02996,2026-09-28,広聴データベース,P区,暮らし・安全,防災・防犯,避難場所がどこか分からず、子どもと逃げられるか心配
S02997,2026-09-28,広聴データベース,E区,まちづくり・環境,公園・緑,公園がきれいになったのは良いが、トイレが古いままで残念。
S02998,2026-09-28,広聴データベース,G区,暮らし・安全,福祉・高齢者,高齢者の介護の相談先が分からず困っている。何とかならないでしょうか。
S02999,2026-09-28,広聴データベース,L区,まちづくり・環境,道路・交通,歩道が狭く、ベビーカーで通るのが怖い。
S03000,2026-09-28,広聴データベース,D区,子育て・教育,保育・幼稚園,保育園の空きがなく、育休明けの復職に間に合わない。何とかならないでしょうか。
